0.01,5.39E-04
0.02,5.36E-04
0.03,5.33E-04
0.04,5.30E-04
0.05,5.27E-04
0.06,5.25E-04
0.07,5.20E-04
0.08,5.14E-04
0.09,5.11E-04
0.1,5.10E-04
0.11,5.10E-04
0.12,5.06E-04
0.13,4.99E-04
0.14,4.98E-04
0.15,4.99E-04
0.16,5.06E-04
0.17,5.16E-04
0.18,5.09E-04
0.19,4.88E-04
0.2,4.76E-04
0.21,4.72E-04
0.22,4.68E-04
0.23,4.63E-04
0.24,4.73E-04
0.25,4.92E-04
0.26,4.94E-04
0.27,4.72E-04
0.28,4.40E-04
0.29,4.24E-04
0.3,4.42E-04
0.31,4.61E-04
0.32,4.62E-04
0.33,4.03E-04
0.34,3.19E-04
0.35,3.14E-04
0.36,4.05E-04
0.37,4.55E-04
0.38,4.55E-04
0.39,4.55E-04
0.4,4.58E-04
0.41,5.01E-04
0.42,5.55E-04
0.43,4.72E-04
0.44,3.14E-04
0.45,2.51E-04
0.46,2.91E-04
0.47,3.62E-04
0.48,3.44E-04
0.49,2.85E-04
0.5,3.24E-04
0.51,3.89E-04
0.52,3.89E-04
0.53,3.16E-04
0.54,2.58E-04
0.55,3.05E-04
0.56,3.86E-04
0.57,4.96E-04
0.58,4.34E-04
0.59,1.89E-04
0.6,1.73E-04
0.61,3.64E-04
0.62,3.31E-04
0.63,1.88E-04
0.64,3.23E-04
0.65,4.47E-04
0.66,3.38E-04
0.67,2.19E-04
0.68,2.56E-04
0.69,3.05E-04
0.7,2.29E-04
0.71,1.25E-04
0.72,7.96E-05
0.73,-4.88E-05
0.74,-1.13E-04
0.75,2.12E-05
0.76,1.24E-04
0.77,4.67E-05
0.78,2.57E-04
0.79,6.03E-04
0.8,4.60E-04
0.81,1.97E-04
0.82,2.63E-04
0.83,1.36E-04
0.84,-7.77E-05
0.85,2.09E-04
0.86,4.66E-04
0.87,4.52E-04
0.88,2.09E-04
0.89,-8.62E-05
0.9,-1.75E-04
0.91,-1.18E-04
0.92,-1.51E-04
0.93,-7.67E-05
0.94,1.45E-05
0.95,-1.61E-05
0.96,1.12E-04
0.97,4.93E-04
0.98,6.72E-04
0.99,2.36E-04
1,-1.62E-04
1.01,-2.39E-05
1.02,4.01E-04
1.03,2.44E-04
1.04,-2.19E-04
1.05,-1.49E-04
1.06,2.72E-04
1.07,1.67E-04
1.08,9.46E-05
1.09,4.76E-04
1.1,4.45E-04
1.11,2.61E-04
1.12,2.78E-04
1.13,2.69E-04
1.14,2.00E-04
1.15,1.18E-06
1.16,-7.32E-05
1.17,4.01E-04
1.18,4.09E-04
1.19,-3.81E-04
1.2,-6.09E-04
1.21,-1.53E-04
1.22,-3.06E-04
1.23,-1.12E-03
1.24,-1.39E-03
1.25,-9.90E-04
1.26,-2.82E-04
1.27,1.23E-04
1.28,2.93E-04
1.29,3.89E-04
1.3,1.11E-04
1.31,-1.57E-04
1.32,1.32E-04
1.33,1.34E-05
1.34,-4.79E-04
1.35,-4.12E-04
1.36,-3.58E-04
1.37,-5.14E-04
1.38,-9.12E-04
1.39,-8.70E-04
1.4,-2.46E-04
1.41,6.81E-05
1.42,-2.61E-04
1.43,-6.22E-04
1.44,-3.35E-04
1.45,1.50E-04
1.46,7.33E-04
1.47,1.50E-03
1.48,1.16E-03
1.49,-2.80E-04
1.5,-7.81E-04
1.51,2.28E-05
1.52,2.87E-04
1.53,-3.83E-04
1.54,-1.03E-03
1.55,-1.32E-03
1.56,-6.81E-04
1.57,2.56E-04
1.58,4.70E-04
1.59,3.47E-04
1.6,4.23E-04
1.61,5.44E-05
1.62,-8.77E-04
1.63,-1.29E-03
1.64,-1.22E-03
1.65,-1.25E-03
1.66,-1.03E-03
1.67,-5.01E-04
1.68,-4.39E-04
1.69,-4.19E-04
1.7,4.72E-05
1.71,8.32E-05
1.72,-2.19E-04
1.73,-6.69E-04
1.74,-8.93E-04
1.75,-1.08E-03
1.76,-8.80E-04
1.77,-3.30E-04
1.78,1.26E-04
1.79,3.37E-04
1.8,1.51E-04
1.81,1.24E-04
1.82,4.16E-04
1.83,-2.33E-04
1.84,-1.27E-03
1.85,-1.16E-03
1.86,-4.17E-04
1.87,-5.21E-04
1.88,-8.39E-04
1.89,-8.54E-04
1.9,-8.47E-04
1.91,2.14E-04
1.92,1.38E-03
1.93,5.38E-04
1.94,-1.13E-03
1.95,-1.04E-03
1.96,-4.25E-04
1.97,-1.18E-03
1.98,-2.01E-03
1.99,-1.73E-03
2,-1.10E-03
2.01,-5.83E-04
2.02,4.35E-04
2.03,6.84E-04
2.04,-3.16E-04
2.05,-6.86E-04
2.06,-6.77E-04
2.07,-9.35E-04
2.08,-1.17E-03
2.09,-1.24E-03
2.1,-8.25E-04
2.11,-5.65E-04
2.12,-2.53E-04
2.13,-2.74E-04
2.14,-3.30E-04
2.15,-2.58E-04
2.16,-8.51E-04
2.17,-1.53E-03
2.18,-1.46E-03
2.19,-1.11E-03
2.2,-9.95E-04
2.21,-4.26E-04
2.22,2.67E-04
2.23,3.25E-04
2.24,4.39E-05
2.25,1.20E-05
2.26,1.20E-04
2.27,-7.51E-06
2.28,-8.14E-04
2.29,-1.89E-03
2.3,-2.59E-03
2.31,-2.88E-03
2.32,-2.91E-03
2.33,-1.87E-03
2.34,-7.01E-04
2.35,-5.87E-04
2.36,-6.06E-04
2.37,-2.33E-05
2.38,-2.11E-05
2.39,-3.08E-04
2.4,-6.21E-06
2.41,4.38E-04
2.42,9.75E-05
2.43,-6.63E-04
2.44,-1.19E-03
2.45,-1.35E-03
2.46,-1.46E-03
2.47,-9.98E-04
2.48,-4.39E-04
2.49,2.58E-04
2.5,1.05E-03
2.51,9.91E-04
2.52,1.65E-04
2.53,-7.67E-04
2.54,-1.02E-03
2.55,-1.59E-03
2.56,-2.93E-03
2.57,-4.09E-03
2.58,-4.03E-03
2.59,-3.58E-03
2.6,-3.73E-03
2.61,-3.51E-03
2.62,-2.52E-03
2.63,-2.51E-03
2.64,-1.99E-03
2.65,-8.02E-05
2.66,1.30E-03
2.67,1.26E-03
2.68,1.19E-03
2.69,1.60E-03
2.7,1.69E-03
2.71,2.45E-03
2.72,3.07E-03
2.73,1.00E-03
2.74,-2.51E-03
2.75,-4.34E-03
2.76,-5.22E-03
2.77,-6.08E-03
2.78,-5.49E-03
2.79,-3.85E-03
2.8,-1.92E-03
2.81,-3.53E-04
2.82,2.02E-04
2.83,-5.76E-04
2.84,-2.15E-03
2.85,-3.58E-03
2.86,-4.23E-03
2.87,-3.87E-03
2.88,-4.47E-03
2.89,-6.38E-03
2.9,-7.42E-03
2.91,-6.72E-03
2.92,-5.32E-03
2.93,-4.06E-03
2.94,-3.84E-03
2.95,-4.88E-03
2.96,-4.88E-03
2.97,-3.37E-03
2.98,-2.09E-03
2.99,-7.54E-04
3,1.92E-03
3.01,4.51E-03
3.02,4.19E-03
3.03,6.18E-04
3.04,-4.21E-03
3.05,-7.58E-03
3.06,-8.15E-03
3.07,-5.73E-03
3.08,-2.51E-03
3.09,-1.63E-03
3.1,-3.40E-03
3.11,-5.55E-03
3.12,-6.21E-03
3.13,-7.07E-03
3.14,-8.41E-03
3.15,-8.25E-03
3.16,-7.11E-03
3.17,-6.09E-03
3.18,-5.43E-03
3.19,-5.26E-03
3.2,-5.67E-03
3.21,-5.57E-03
3.22,-2.94E-03
3.23,1.23E-03
3.24,3.01E-03
3.25,3.12E-04
3.26,-2.71E-03
3.27,-3.23E-03
3.28,-1.92E-03
3.29,-1.24E-04
3.3,6.07E-04
3.31,-9.14E-04
3.32,-3.63E-03
3.33,-5.39E-03
3.34,-6.03E-03
3.35,-6.37E-03
3.36,-5.53E-03
3.37,-3.00E-03
3.38,-5.97E-04
3.39,-6.84E-04
3.4,-4.67E-03
3.41,-9.55E-03
3.42,-1.19E-02
3.43,-1.14E-02
3.44,-1.04E-02
3.45,-9.81E-03
3.46,-9.23E-03
3.47,-8.32E-03
3.48,-5.30E-03
3.49,1.96E-04
3.5,5.30E-03
3.51,6.59E-03
3.52,4.52E-03
3.53,3.02E-03
3.54,2.25E-03
3.55,8.23E-04
3.56,-7.98E-05
3.57,-1.20E-04
3.58,3.19E-04
3.59,-3.80E-04
3.6,-3.25E-03
3.61,-6.16E-03
3.62,-7.30E-03
3.63,-8.68E-03
3.64,-1.05E-02
3.65,-9.73E-03
3.66,-5.20E-03
3.67,6.68E-04
3.68,5.52E-03
3.69,7.83E-03
3.7,7.34E-03
3.71,4.08E-03
3.72,-1.89E-03
3.73,-7.68E-03
3.74,-1.06E-02
3.75,-1.09E-02
3.76,-9.40E-03
3.77,-7.44E-03
3.78,-7.26E-03
3.79,-7.46E-03
3.8,-4.27E-03
3.81,4.52E-03
3.82,1.63E-02
3.83,2.53E-02
3.84,2.61E-02
3.85,1.81E-02
3.86,4.91E-03
3.87,-7.55E-03
3.88,-1.59E-02
3.89,-1.92E-02
3.9,-1.70E-02
3.91,-1.22E-02
3.92,-8.75E-03
3.93,-6.18E-03
3.94,-3.33E-03
3.95,-5.06E-05
3.96,2.91E-03
3.97,5.43E-03
3.98,5.36E-03
3.99,1.51E-03
4,-3.67E-03
4.01,-7.37E-03
4.02,-9.17E-03
4.03,-9.68E-03
4.04,-8.83E-03
4.05,-6.65E-03
4.06,-4.48E-03
4.07,-2.04E-03
4.08,1.91E-03
4.09,8.29E-03
4.1,1.65E-02
4.11,2.34E-02
4.12,2.47E-02
4.13,1.75E-02
4.14,5.54E-03
4.15,-4.92E-03
4.16,-1.30E-02
4.17,-2.12E-02
4.18,-2.65E-02
4.19,-2.49E-02
4.2,-1.79E-02
4.21,-9.60E-03
4.22,-3.63E-03
4.23,-1.70E-03
4.24,-1.73E-03
4.25,-6.40E-04
4.26,3.51E-03
4.27,1.03E-02
4.28,1.47E-02
4.29,1.45E-02
4.3,1.28E-02
4.31,1.22E-02
4.32,1.30E-02
4.33,1.60E-02
4.34,1.87E-02
4.35,1.67E-02
4.36,7.81E-03
4.37,-6.03E-03
4.38,-2.08E-02
4.39,-3.15E-02
4.4,-3.50E-02
4.41,-3.15E-02
4.42,-2.24E-02
4.43,-7.60E-03
4.44,1.16E-02
4.45,3.04E-02
4.46,4.39E-02
4.47,5.12E-02
4.48,5.43E-02
4.49,5.37E-02
4.5,4.79E-02
4.51,3.66E-02
4.52,2.10E-02
4.53,4.40E-03
4.54,-1.23E-02
4.55,-2.93E-02
4.56,-4.46E-02
4.57,-5.64E-02
4.58,-6.27E-02
4.59,-6.12E-02
4.6,-5.20E-02
4.61,-3.87E-02
4.62,-2.71E-02
4.63,-2.08E-02
4.64,-1.70E-02
4.65,-9.69E-03
4.66,5.51E-03
4.67,2.66E-02
4.68,4.95E-02
4.69,7.20E-02
4.7,9.25E-02
4.71,1.08E-01
4.72,1.14E-01
4.73,1.10E-01
4.74,9.88E-02
4.75,8.36E-02
4.76,6.99E-02
4.77,6.04E-02
4.78,5.32E-02
4.79,4.85E-02
4.8,5.21E-02
4.81,6.49E-02
4.82,7.72E-02
4.83,7.71E-02
4.84,6.11E-02
4.85,3.66E-02
4.86,1.44E-02
4.87,1.24E-03
4.88,-2.09E-03
4.89,8.12E-04
4.9,4.47E-03
4.91,3.33E-03
4.92,-3.96E-03
4.93,-1.13E-02
4.94,-1.13E-02
4.95,1.03E-03
4.96,2.49E-02
4.97,4.98E-02
4.98,6.45E-02
4.99,6.80E-02
5,6.57E-02
5.01,6.17E-02
5.02,5.40E-02
5.03,3.76E-02
5.04,9.14E-03
5.05,-2.90E-02
5.06,-6.79E-02
5.07,-9.46E-02
5.08,-9.97E-02
5.09,-8.35E-02
5.1,-5.82E-02
5.11,-3.95E-02
5.12,-3.54E-02
5.13,-4.25E-02
5.14,-5.18E-02
5.15,-5.48E-02
5.16,-5.07E-02
5.17,-4.68E-02
5.18,-4.73E-02
5.19,-4.51E-02
5.2,-3.19E-02
5.21,-8.25E-03
5.22,1.84E-02
5.23,3.84E-02
5.24,4.90E-02
5.25,5.29E-02
5.26,5.28E-02
5.27,5.20E-02
5.28,5.39E-02
5.29,5.85E-02
5.3,6.04E-02
5.31,5.15E-02
5.32,3.01E-02
5.33,3.43E-03
5.34,-1.69E-02
5.35,-2.76E-02
5.36,-3.51E-02
5.37,-4.60E-02
5.38,-5.89E-02
5.39,-6.59E-02
5.4,-5.97E-02
5.41,-3.90E-02
5.42,-1.09E-02
5.43,1.51E-02
5.44,3.38E-02
5.45,4.10E-02
5.46,3.31E-02
5.47,1.07E-02
5.48,-1.99E-02
5.49,-5.15E-02
5.5,-7.58E-02
5.51,-8.51E-02
5.52,-7.87E-02
5.53,-6.31E-02
5.54,-4.75E-02
5.55,-3.73E-02
5.56,-3.23E-02
5.57,-2.72E-02
5.58,-1.97E-02
5.59,-1.40E-02
5.6,-1.59E-02
5.61,-2.56E-02
5.62,-3.92E-02
5.63,-5.24E-02
5.64,-6.53E-02
5.65,-8.08E-02
5.66,-9.77E-02
5.67,-1.09E-01
5.68,-1.08E-01
5.69,-9.55E-02
5.7,-8.02E-02
5.71,-7.00E-02
5.72,-6.62E-02
5.73,-6.76E-02
5.74,-7.28E-02
5.75,-7.84E-02
5.76,-7.96E-02
5.77,-7.24E-02
5.78,-5.66E-02
5.79,-3.77E-02
5.8,-2.34E-02
5.81,-1.99E-02
5.82,-2.92E-02
5.83,-5.27E-02
5.84,-8.67E-02
5.85,-1.24E-01
5.86,-1.58E-01
5.87,-1.85E-01
5.88,-1.98E-01
5.89,-1.93E-01
5.9,-1.71E-01
5.91,-1.35E-01
5.92,-9.12E-02
5.93,-4.33E-02
5.94,5.40E-03
5.95,5.04E-02
5.96,8.93E-02
5.97,1.21E-01
5.98,1.43E-01
5.99,1.56E-01
6,1.61E-01
6.01,1.59E-01
6.02,1.50E-01
6.03,1.39E-01
6.04,1.35E-01
6.05,1.40E-01
6.06,1.52E-01
6.07,1.60E-01
6.08,1.48E-01
6.09,1.09E-01
6.1,5.29E-02
6.11,-5.40E-03
6.12,-5.51E-02
6.13,-8.91E-02
6.14,-1.05E-01
6.15,-1.04E-01
6.16,-9.23E-02
6.17,-7.88E-02
6.18,-7.10E-02
6.19,-6.83E-02
6.2,-6.46E-02
6.21,-5.65E-02
6.22,-4.29E-02
6.23,-2.24E-02
6.24,2.57E-03
6.25,2.74E-02
6.26,4.85E-02
6.27,6.51E-02
6.28,7.94E-02
6.29,9.43E-02
6.3,1.10E-01
6.31,1.24E-01
6.32,1.29E-01
6.33,1.20E-01
6.34,1.02E-01
6.35,8.22E-02
6.36,6.75E-02
6.37,5.92E-02
6.38,5.67E-02
6.39,5.47E-02
6.4,4.67E-02
6.41,3.00E-02
6.42,4.88E-03
6.43,-2.54E-02
6.44,-5.25E-02
6.45,-6.86E-02
6.46,-7.21E-02
6.47,-6.45E-02
6.48,-5.02E-02
6.49,-3.44E-02
6.5,-1.85E-02
6.51,-4.67E-04
6.52,2.23E-02
6.53,4.99E-02
6.54,7.69E-02
6.55,9.67E-02
6.56,1.04E-01
6.57,9.17E-02
6.58,5.95E-02
6.59,1.79E-02
6.6,-1.91E-02
6.61,-4.26E-02
6.62,-5.09E-02
6.63,-4.77E-02
6.64,-3.83E-02
6.65,-2.40E-02
6.66,-3.78E-03
6.67,1.86E-02
6.68,3.77E-02
6.69,5.30E-02
6.7,6.75E-02
6.71,8.62E-02
6.72,1.11E-01
6.73,1.38E-01
6.74,1.57E-01
6.75,1.67E-01
6.76,1.69E-01
6.77,1.59E-01
6.78,1.39E-01
6.79,1.17E-01
6.8,9.97E-02
6.81,9.13E-02
6.82,9.17E-02
6.83,9.66E-02
6.84,1.01E-01
6.85,1.04E-01
6.86,1.10E-01
6.87,1.20E-01
6.88,1.29E-01
6.89,1.31E-01
6.9,1.28E-01
6.91,1.26E-01
6.92,1.32E-01
6.93,1.45E-01
6.94,1.59E-01
6.95,1.68E-01
6.96,1.74E-01
6.97,1.81E-01
6.98,1.86E-01
6.99,1.79E-01
7,1.45E-01
7.01,7.48E-02
7.02,-2.67E-02
7.03,-1.44E-01
7.04,-2.59E-01
7.05,-3.55E-01
7.06,-4.21E-01
7.07,-4.56E-01
7.08,-4.64E-01
7.09,-4.48E-01
7.1,-4.10E-01
7.11,-3.57E-01
7.12,-3.01E-01
7.13,-2.53E-01
7.14,-2.13E-01
7.15,-1.70E-01
7.16,-1.10E-01
7.17,-3.88E-02
7.18,2.24E-02
7.19,6.20E-02
7.2,8.47E-02
7.21,9.76E-02
7.22,1.02E-01
7.23,9.69E-02
7.24,8.54E-02
7.25,7.06E-02
7.26,5.89E-02
7.27,5.58E-02
7.28,6.62E-02
7.29,9.52E-02
7.3,1.39E-01
7.31,1.82E-01
7.32,2.09E-01
7.33,2.11E-01
7.34,1.91E-01
7.35,1.60E-01
7.36,1.33E-01
7.37,1.20E-01
7.38,1.21E-01
7.39,1.33E-01
7.4,1.48E-01
7.41,1.59E-01
7.42,1.62E-01
7.43,1.53E-01
7.44,1.32E-01
7.45,1.12E-01
7.46,9.86E-02
7.47,8.95E-02
7.48,7.83E-02
7.49,6.03E-02
7.5,3.29E-02
7.51,-4.61E-03
7.52,-4.95E-02
7.53,-9.67E-02
7.54,-1.40E-01
7.55,-1.74E-01
7.56,-1.95E-01
7.57,-2.06E-01
7.58,-2.10E-01
7.59,-2.15E-01
7.6,-2.22E-01
7.61,-2.26E-01
7.62,-2.21E-01
7.63,-2.00E-01
7.64,-1.59E-01
7.65,-1.06E-01
7.66,-5.51E-02
7.67,-1.44E-02
7.68,1.51E-02
7.69,3.38E-02
7.7,4.08E-02
7.71,3.62E-02
7.72,2.37E-02
7.73,1.14E-02
7.74,4.32E-03
7.75,1.32E-03
7.76,2.32E-03
7.77,9.22E-03
7.78,2.24E-02
7.79,4.22E-02
7.8,6.74E-02
7.81,8.96E-02
7.82,9.62E-02
7.83,7.41E-02
7.84,2.30E-02
7.85,-4.01E-02
7.86,-9.44E-02
7.87,-1.33E-01
7.88,-1.65E-01
7.89,-1.96E-01
7.9,-2.27E-01
7.91,-2.51E-01
7.92,-2.62E-01
7.93,-2.62E-01
7.94,-2.59E-01
7.95,-2.58E-01
7.96,-2.62E-01
7.97,-2.69E-01
7.98,-2.71E-01
7.99,-2.56E-01
8,-2.16E-01
8.01,-1.54E-01
8.02,-9.07E-02
8.03,-4.32E-02
8.04,-7.75E-03
8.05,2.53E-02
8.06,6.00E-02
8.07,9.97E-02
8.08,1.45E-01
8.09,1.92E-01
8.1,2.30E-01
8.11,2.52E-01
8.12,2.54E-01
8.13,2.39E-01
8.14,2.21E-01
8.15,2.09E-01
8.16,2.09E-01
8.17,2.18E-01
8.18,2.31E-01
8.19,2.43E-01
8.2,2.53E-01
8.21,2.60E-01
8.22,2.67E-01
8.23,2.74E-01
8.24,2.80E-01
8.25,2.83E-01
8.26,2.83E-01
8.27,2.75E-01
8.28,2.50E-01
8.29,2.07E-01
8.3,1.55E-01
8.31,9.79E-02
8.32,3.87E-02
8.33,-2.02E-02
8.34,-7.15E-02
8.35,-1.12E-01
8.36,-1.46E-01
8.37,-1.78E-01
8.38,-2.06E-01
8.39,-2.26E-01
8.4,-2.30E-01
8.41,-2.19E-01
8.42,-2.00E-01
8.43,-1.83E-01
8.44,-1.73E-01
8.45,-1.70E-01
8.46,-1.81E-01
8.47,-2.05E-01
8.48,-2.37E-01
8.49,-2.60E-01
8.5,-2.63E-01
8.51,-2.47E-01
8.52,-2.21E-01
8.53,-1.95E-01
8.54,-1.73E-01
8.55,-1.56E-01
8.56,-1.38E-01
8.57,-1.17E-01
8.58,-9.22E-02
8.59,-6.95E-02
8.6,-5.13E-02
8.61,-3.28E-02
8.62,-1.25E-02
8.63,9.19E-03
8.64,3.95E-02
8.65,8.30E-02
8.66,1.32E-01
8.67,1.76E-01
8.68,2.04E-01
8.69,2.19E-01
8.7,2.27E-01
8.71,2.33E-01
8.72,2.32E-01
8.73,2.19E-01
8.74,1.99E-01
8.75,1.72E-01
8.76,1.38E-01
8.77,9.95E-02
8.78,6.26E-02
8.79,3.01E-02
8.8,2.63E-03
8.81,-1.93E-02
8.82,-3.20E-02
8.83,-2.94E-02
8.84,-1.06E-02
8.85,1.78E-02
8.86,4.63E-02
8.87,6.58E-02
8.88,7.34E-02
8.89,7.30E-02
8.9,6.72E-02
8.91,5.37E-02
8.92,3.33E-02
8.93,1.30E-02
8.94,-2.03E-03
8.95,-9.43E-03
8.96,-8.75E-03
8.97,1.19E-04
8.98,1.78E-02
8.99,4.35E-02
9,7.07E-02
9.01,9.02E-02
9.02,9.77E-02
9.03,9.51E-02
9.04,8.50E-02
9.05,6.46E-02
9.06,3.19E-02
9.07,-9.38E-03
9.08,-5.16E-02
9.09,-8.90E-02
9.1,-1.21E-01
9.11,-1.49E-01
9.12,-1.75E-01
9.13,-1.99E-01
9.14,-2.11E-01
9.15,-2.03E-01
9.16,-1.84E-01
9.17,-1.59E-01
9.18,-1.25E-01
9.19,-8.04E-02
9.2,-3.30E-02
9.21,9.18E-03
9.22,3.89E-02
9.23,5.13E-02
9.24,4.90E-02
9.25,3.51E-02
9.26,7.97E-03
9.27,-3.57E-02
9.28,-9.38E-02
9.29,-1.56E-01
9.3,-2.11E-01
9.31,-2.52E-01
9.32,-2.78E-01
9.33,-2.88E-01
9.34,-2.82E-01
9.35,-2.67E-01
9.36,-2.49E-01
9.37,-2.31E-01
9.38,-2.08E-01
9.39,-1.72E-01
9.4,-1.24E-01
9.41,-7.44E-02
9.42,-3.66E-02
9.43,-1.10E-02
9.44,1.29E-02
9.45,4.73E-02
9.46,9.27E-02
9.47,1.37E-01
9.48,1.74E-01
9.49,2.04E-01
9.5,2.35E-01
9.51,2.67E-01
9.52,2.91E-01
9.53,2.97E-01
9.54,2.84E-01
9.55,2.64E-01
9.56,2.43E-01
9.57,2.18E-01
9.58,1.92E-01
9.59,1.66E-01
9.6,1.38E-01
9.61,1.07E-01
9.62,7.49E-02
9.63,3.96E-02
9.64,2.16E-03
9.65,-3.51E-02
9.66,-6.93E-02
9.67,-9.23E-02
9.68,-9.95E-02
9.69,-9.46E-02
9.7,-8.68E-02
9.71,-8.58E-02
9.72,-9.54E-02
9.73,-1.10E-01
9.74,-1.21E-01
9.75,-1.23E-01
9.76,-1.15E-01
9.77,-9.15E-02
9.78,-5.81E-02
9.79,-2.66E-02
9.8,-1.07E-02
9.81,-1.51E-02
9.82,-3.18E-02
9.83,-5.07E-02
9.84,-7.28E-02
9.85,-1.02E-01
9.86,-1.35E-01
9.87,-1.62E-01
9.88,-1.69E-01
9.89,-1.48E-01
9.9,-1.02E-01
9.91,-4.87E-02
9.92,2.31E-03
9.93,4.54E-02
9.94,7.86E-02
9.95,1.00E-01
9.96,1.12E-01
9.97,1.14E-01
9.98,1.08E-01
9.99,9.46E-02
10,7.20E-02
10.01,4.35E-02
10.02,1.51E-02
10.03,-6.26E-03
10.04,-1.47E-02
10.05,-1.05E-02
10.06,4.24E-03
10.07,2.83E-02
10.08,5.96E-02
10.09,9.47E-02
10.1,1.31E-01
10.11,1.65E-01
10.12,1.97E-01
10.13,2.25E-01
10.14,2.49E-01
10.15,2.69E-01
10.16,2.81E-01
10.17,2.77E-01
10.18,2.45E-01
10.19,1.78E-01
10.2,8.05E-02
10.21,-3.02E-02
10.22,-1.27E-01
10.23,-1.92E-01
10.24,-2.28E-01
10.25,-2.46E-01
10.26,-2.54E-01
10.27,-2.54E-01
10.28,-2.41E-01
10.29,-2.10E-01
10.3,-1.64E-01
10.31,-1.13E-01
10.32,-7.27E-02
10.33,-4.44E-02
10.34,-2.08E-02
10.35,6.99E-03
10.36,4.24E-02
10.37,7.71E-02
10.38,9.82E-02
10.39,1.04E-01
10.4,1.00E-01
10.41,9.37E-02
10.42,8.77E-02
10.43,8.28E-02
10.44,7.86E-02
10.45,7.25E-02
10.46,5.82E-02
10.47,3.23E-02
10.48,1.74E-04
10.49,-2.75E-02
10.5,-4.57E-02
10.51,-5.86E-02
10.52,-7.23E-02
10.53,-9.01E-02
10.54,-1.09E-01
10.55,-1.24E-01
10.56,-1.34E-01
10.57,-1.37E-01
10.58,-1.31E-01
10.59,-1.17E-01
10.6,-9.38E-02
10.61,-6.75E-02
10.62,-4.21E-02
10.63,-1.76E-02
10.64,5.98E-03
10.65,2.46E-02
10.66,3.11E-02
10.67,1.95E-02
10.68,-8.12E-03
10.69,-4.23E-02
10.7,-7.54E-02
10.71,-1.04E-01
10.72,-1.27E-01
10.73,-1.50E-01
10.74,-1.73E-01
10.75,-1.95E-01
10.76,-2.17E-01
10.77,-2.35E-01
10.78,-2.45E-01
10.79,-2.43E-01
10.8,-2.23E-01
10.81,-1.88E-01
10.82,-1.45E-01
10.83,-1.04E-01
10.84,-6.74E-02
10.85,-3.63E-02
10.86,-1.11E-02
10.87,8.78E-03
10.88,2.37E-02
10.89,3.00E-02
10.9,2.47E-02
10.91,1.07E-02
10.92,-2.13E-03
10.93,-3.77E-03
10.94,1.02E-02
10.95,3.53E-02
10.96,6.04E-02
10.97,7.68E-02
10.98,8.50E-02
10.99,9.27E-02
11,1.06E-01
11.01,1.25E-01
11.02,1.47E-01
11.03,1.63E-01
11.04,1.71E-01
11.05,1.73E-01
11.06,1.73E-01
11.07,1.73E-01
11.08,1.68E-01
11.09,1.61E-01
11.1,1.49E-01
11.11,1.35E-01
11.12,1.21E-01
11.13,1.12E-01
11.14,1.08E-01
11.15,1.09E-01
11.16,1.09E-01
11.17,1.07E-01
11.18,1.04E-01
11.19,9.68E-02
11.2,7.88E-02
11.21,4.80E-02
11.22,1.09E-02
11.23,-2.52E-02
11.24,-5.55E-02
11.25,-8.00E-02
11.26,-1.04E-01
11.27,-1.31E-01
11.28,-1.57E-01
11.29,-1.83E-01
11.3,-2.09E-01
11.31,-2.32E-01
11.32,-2.35E-01
11.33,-2.03E-01
11.34,-1.44E-01
11.35,-8.83E-02
11.36,-6.06E-02
11.37,-6.29E-02
11.38,-7.72E-02
11.39,-8.22E-02
11.4,-7.01E-02
11.41,-4.73E-02
11.42,-2.26E-02
11.43,-1.43E-03
11.44,1.36E-02
11.45,2.23E-02
11.46,2.46E-02
11.47,2.41E-02
11.48,2.96E-02
11.49,4.54E-02
11.5,6.21E-02
11.51,7.01E-02
11.52,6.89E-02
11.53,6.09E-02
11.54,4.95E-02
11.55,3.75E-02
11.56,2.41E-02
11.57,8.69E-03
11.58,-3.92E-03
11.59,-7.81E-03
11.6,-4.43E-03
11.61,-3.61E-04
11.62,-5.71E-04
11.63,-1.79E-03
11.64,3.42E-03
11.65,1.97E-02
11.66,4.71E-02
11.67,8.15E-02
11.68,1.15E-01
11.69,1.41E-01
11.7,1.55E-01
11.71,1.55E-01
11.72,1.46E-01
11.73,1.37E-01
11.74,1.36E-01
11.75,1.41E-01
11.76,1.45E-01
11.77,1.41E-01
11.78,1.30E-01
11.79,1.21E-01
11.8,1.22E-01
11.81,1.32E-01
11.82,1.44E-01
11.83,1.51E-01
11.84,1.50E-01
11.85,1.44E-01
11.86,1.38E-01
11.87,1.32E-01
11.88,1.20E-01
11.89,1.01E-01
11.9,7.57E-02
11.91,5.28E-02
11.92,3.80E-02
11.93,3.05E-02
11.94,2.58E-02
11.95,1.68E-02
11.96,-5.19E-04
11.97,-2.28E-02
11.98,-4.50E-02
11.99,-6.20E-02
12,-7.22E-02
12.01,-7.95E-02
12.02,-8.75E-02
12.03,-9.34E-02
12.04,-9.28E-02
12.05,-8.61E-02
12.06,-7.54E-02
12.07,-6.42E-02
12.08,-5.79E-02
12.09,-5.71E-02
12.1,-5.66E-02
12.11,-5.05E-02
12.12,-3.64E-02
12.13,-1.73E-02
12.14,-4.21E-04
12.15,9.07E-03
12.16,8.68E-03
12.17,-4.11E-04
12.18,-1.15E-02
12.19,-1.96E-02
12.2,-2.38E-02
12.21,-2.59E-02
12.22,-2.74E-02
12.23,-3.19E-02
12.24,-3.98E-02
12.25,-4.84E-02
12.26,-5.41E-02
12.27,-5.46E-02
12.28,-5.04E-02
12.29,-4.39E-02
12.3,-3.84E-02
12.31,-3.53E-02
12.32,-3.47E-02
12.33,-3.65E-02
12.34,-4.04E-02
12.35,-4.57E-02
12.36,-5.09E-02
12.37,-5.44E-02
12.38,-5.61E-02
12.39,-5.52E-02
12.4,-5.11E-02
12.41,-4.57E-02
12.42,-4.26E-02
12.43,-4.16E-02
12.44,-3.83E-02
12.45,-2.99E-02
12.46,-1.44E-02
12.47,8.26E-03
12.48,3.40E-02
12.49,5.88E-02
12.5,7.94E-02
12.51,9.26E-02
12.52,9.99E-02
12.53,1.06E-01
12.54,1.14E-01
12.55,1.25E-01
12.56,1.30E-01
12.57,1.21E-01
12.58,9.95E-02
12.59,7.37E-02
12.6,5.41E-02
12.61,4.58E-02
12.62,4.60E-02
12.63,4.66E-02
12.64,4.07E-02
12.65,2.72E-02
12.66,1.07E-02
12.67,-5.43E-03
12.68,-2.52E-02
12.69,-5.06E-02
12.7,-7.56E-02
12.71,-9.21E-02
12.72,-9.49E-02
12.73,-8.43E-02
12.74,-6.71E-02
12.75,-5.04E-02
12.76,-3.56E-02
12.77,-2.11E-02
12.78,-4.39E-03
12.79,1.38E-02
12.8,2.89E-02
12.81,3.92E-02
12.82,4.40E-02
12.83,4.15E-02
12.84,3.22E-02
12.85,1.73E-02
12.86,9.11E-04
12.87,-7.85E-03
12.88,-2.93E-03
12.89,1.24E-02
12.9,2.76E-02
12.91,3.48E-02
12.92,3.57E-02
12.93,3.64E-02
12.94,4.03E-02
12.95,4.29E-02
12.96,3.49E-02
12.97,1.20E-02
12.98,-1.53E-02
12.99,-3.04E-02
13,-2.71E-02
13.01,-1.17E-02
13.02,2.61E-03
13.03,7.84E-03
13.04,5.86E-03
13.05,3.49E-03
13.06,6.61E-03
13.07,1.59E-02
13.08,2.42E-02
13.09,2.57E-02
13.1,2.02E-02
13.11,9.80E-03
13.12,-1.78E-03
13.13,-1.09E-02
13.14,-1.81E-02
13.15,-2.66E-02
13.16,-3.73E-02
13.17,-4.72E-02
13.18,-5.34E-02
13.19,-5.47E-02
13.2,-5.18E-02
13.21,-4.42E-02
13.22,-3.18E-02
13.23,-1.93E-02
13.24,-1.07E-02
13.25,-5.15E-03
13.26,-1.57E-04
13.27,4.31E-03
13.28,4.28E-03
13.29,-1.85E-07
13.3,-3.26E-03
13.31,-1.24E-03
13.32,6.86E-03
13.33,1.84E-02
13.34,3.13E-02
13.35,4.33E-02
13.36,5.12E-02
13.37,5.25E-02
13.38,4.88E-02
13.39,4.42E-02
13.4,3.87E-02
13.41,3.08E-02
13.42,2.00E-02
13.43,6.25E-03
13.44,-8.13E-03
13.45,-1.85E-02
13.46,-2.33E-02
13.47,-2.55E-02
13.48,-3.17E-02
13.49,-4.16E-02
13.5,-4.98E-02
13.51,-5.42E-02
13.52,-5.65E-02
13.53,-5.96E-02
13.54,-6.28E-02
13.55,-6.33E-02
13.56,-6.12E-02
13.57,-5.91E-02
13.58,-5.86E-02
13.59,-6.06E-02
13.6,-6.34E-02
13.61,-6.08E-02
13.62,-5.04E-02
13.63,-3.58E-02
13.64,-2.16E-02
13.65,-1.02E-02
13.66,-1.50E-03
13.67,5.61E-03
13.68,1.11E-02
13.69,1.66E-02
13.7,2.44E-02
13.71,3.20E-02
13.72,3.29E-02
13.73,2.58E-02
13.74,1.55E-02
13.75,7.70E-03
13.76,6.81E-03
13.77,1.11E-02
13.78,1.47E-02
13.79,1.70E-02
13.8,2.01E-02
13.81,2.52E-02
13.82,3.20E-02
13.83,3.91E-02
13.84,4.43E-02
13.85,4.60E-02
13.86,4.27E-02
13.87,3.47E-02
13.88,2.51E-02
13.89,1.68E-02
13.9,1.10E-02
13.91,8.94E-03
13.92,9.95E-03
13.93,1.16E-02
13.94,1.28E-02
13.95,1.28E-02
13.96,1.20E-02
13.97,1.34E-02
13.98,1.76E-02
13.99,2.36E-02
14,2.91E-02
14.01,3.28E-02
14.02,3.39E-02
14.03,3.31E-02
14.04,3.12E-02
14.05,2.95E-02
14.06,3.18E-02
14.07,3.93E-02
14.08,4.74E-02
14.09,5.35E-02
14.1,5.77E-02
14.11,6.14E-02
14.12,6.54E-02
14.13,6.98E-02
14.14,7.45E-02
14.15,7.91E-02
14.16,8.21E-02
14.17,8.02E-02
14.18,7.15E-02
14.19,5.72E-02
14.2,3.94E-02
14.21,2.26E-02
14.22,8.41E-03
14.23,-4.64E-03
14.24,-1.55E-02
14.25,-2.21E-02
14.26,-2.48E-02
14.27,-2.53E-02
14.28,-2.40E-02
14.29,-1.87E-02
14.3,-1.05E-02
14.31,-2.47E-03
14.32,2.46E-03
14.33,1.89E-03
14.34,-5.12E-03
14.35,-1.76E-02
14.36,-3.27E-02
14.37,-4.81E-02
14.38,-6.30E-02
14.39,-7.32E-02
14.4,-7.54E-02
14.41,-7.14E-02
14.42,-6.57E-02
14.43,-6.15E-02
14.44,-5.90E-02
14.45,-5.70E-02
14.46,-5.66E-02
14.47,-5.96E-02
14.48,-6.66E-02
14.49,-7.68E-02
14.5,-8.88E-02
14.51,-9.83E-02
14.52,-1.02E-01
14.53,-1.02E-01
14.54,-1.01E-01
14.55,-9.64E-02
14.56,-9.08E-02
14.57,-8.67E-02
14.58,-8.30E-02
14.59,-7.81E-02
14.6,-7.21E-02
14.61,-6.59E-02
14.62,-5.98E-02
14.63,-5.38E-02
14.64,-4.90E-02
14.65,-4.64E-02
14.66,-4.38E-02
14.67,-3.82E-02
14.68,-3.08E-02
14.69,-2.18E-02
14.7,-1.19E-02
14.71,-2.39E-03
14.72,7.43E-03
14.73,1.79E-02
14.74,2.67E-02
14.75,3.04E-02
14.76,2.90E-02
14.77,2.53E-02
14.78,2.14E-02
14.79,1.73E-02
14.8,1.00E-02
14.81,-7.00E-04
14.82,-1.10E-02
14.83,-1.77E-02
14.84,-1.99E-02
14.85,-1.74E-02
14.86,-1.07E-02
14.87,-1.62E-03
14.88,7.14E-03
14.89,1.47E-02
14.9,2.11E-02
14.91,2.49E-02
14.92,2.58E-02
14.93,2.48E-02
14.94,2.21E-02
14.95,1.84E-02
14.96,1.63E-02
14.97,1.68E-02
14.98,1.94E-02
14.99,2.34E-02
15,2.80E-02
15.01,3.17E-02
15.02,3.21E-02
15.03,2.55E-02
15.04,1.33E-02
15.05,2.90E-04
15.06,-1.09E-02
15.07,-2.03E-02
15.08,-2.79E-02
15.09,-3.29E-02
15.1,-3.48E-02
15.11,-3.29E-02
15.12,-2.69E-02
15.13,-1.69E-02
15.14,-4.39E-03
15.15,6.36E-03
15.16,1.25E-02
15.17,1.35E-02
15.18,9.88E-03
15.19,3.90E-03
15.2,-1.77E-03
15.21,-6.80E-03
15.22,-1.18E-02
15.23,-1.69E-02
15.24,-1.99E-02
15.25,-1.93E-02
15.26,-1.77E-02
15.27,-1.82E-02
15.28,-1.94E-02
15.29,-1.84E-02
15.3,-1.51E-02
15.31,-1.07E-02
15.32,-7.62E-03
15.33,-8.07E-03
15.34,-1.17E-02
15.35,-1.75E-02
15.36,-2.34E-02
15.37,-2.83E-02
15.38,-3.26E-02
15.39,-3.46E-02
15.4,-3.09E-02
15.41,-2.23E-02
15.42,-1.24E-02
15.43,-2.68E-03
15.44,1.01E-02
15.45,2.70E-02
15.46,4.60E-02
15.47,6.40E-02
15.48,7.89E-02
15.49,9.20E-02
15.5,1.04E-01
15.51,1.13E-01
15.52,1.23E-01
15.53,1.31E-01
15.54,1.37E-01
15.55,1.40E-01
15.56,1.35E-01
15.57,1.20E-01
15.58,9.70E-02
15.59,6.95E-02
15.6,4.24E-02
15.61,1.79E-02
15.62,-3.11E-03
15.63,-2.02E-02
15.64,-3.41E-02
15.65,-4.73E-02
15.66,-6.03E-02
15.67,-6.93E-02
15.68,-7.13E-02
15.69,-6.44E-02
15.7,-4.97E-02
15.71,-3.25E-02
15.72,-1.78E-02
15.73,-9.28E-03
15.74,-5.07E-03
15.75,7.39E-04
15.76,8.34E-03
15.77,1.18E-02
15.78,6.68E-03
15.79,-5.67E-03
15.8,-2.04E-02
15.81,-3.35E-02
15.82,-4.36E-02
15.83,-5.02E-02
15.84,-5.31E-02
15.85,-5.33E-02
15.86,-4.90E-02
15.87,-3.94E-02
15.88,-2.62E-02
15.89,-1.22E-02
15.9,-3.45E-04
15.91,1.01E-02
15.92,2.08E-02
15.93,2.97E-02
15.94,3.46E-02
15.95,3.31E-02
15.96,2.34E-02
15.97,7.81E-03
15.98,-8.83E-03
15.99,-2.13E-02
16,-3.01E-02
16.01,-3.96E-02
16.02,-5.15E-02
16.03,-6.21E-02
16.04,-6.61E-02
16.05,-6.06E-02
16.06,-4.75E-02
16.07,-3.28E-02
16.08,-2.27E-02
16.09,-2.01E-02
16.1,-2.27E-02
16.11,-2.56E-02
16.12,-2.49E-02
16.13,-2.01E-02
16.14,-1.07E-02
16.15,3.10E-03
16.16,1.81E-02
16.17,3.05E-02
16.18,4.09E-02
16.19,5.17E-02
16.2,6.37E-02
16.21,7.62E-02
16.22,8.74E-02
16.23,9.31E-02
16.24,9.17E-02
16.25,8.48E-02
16.26,7.54E-02
16.27,6.71E-02
16.28,6.14E-02
16.29,5.98E-02
16.3,6.37E-02
16.31,7.06E-02
16.32,7.46E-02
16.33,7.10E-02
16.34,5.98E-02
16.35,4.48E-02
16.36,3.00E-02
16.37,1.79E-02
16.38,9.30E-03
16.39,2.88E-03
16.4,-3.07E-03
16.41,-7.64E-03
16.42,-9.00E-03
16.43,-6.87E-03
16.44,-1.91E-03
16.45,4.83E-03
16.46,1.16E-02
16.47,1.76E-02
16.48,2.29E-02
16.49,2.48E-02
16.5,2.17E-02
16.51,1.56E-02
16.52,8.93E-03
16.53,2.39E-03
16.54,-4.34E-03
16.55,-1.21E-02
16.56,-2.14E-02
16.57,-3.09E-02
16.58,-3.96E-02
16.59,-4.77E-02
16.6,-5.42E-02
16.61,-5.83E-02
16.62,-6.01E-02
16.63,-5.71E-02
16.64,-4.92E-02
16.65,-3.94E-02
16.66,-2.93E-02
16.67,-1.98E-02
16.68,-1.07E-02
16.69,-1.27E-03
16.7,8.47E-03
16.71,1.66E-02
16.72,2.12E-02
16.73,2.11E-02
16.74,1.84E-02
16.75,1.41E-02
16.76,8.30E-03
16.77,4.65E-04
16.78,-1.03E-02
16.79,-2.26E-02
16.8,-3.48E-02
16.81,-4.62E-02
16.82,-5.64E-02
16.83,-6.43E-02
16.84,-6.55E-02
16.85,-5.73E-02
16.86,-4.24E-02
16.87,-2.55E-02
16.88,-1.03E-02
16.89,1.84E-03
16.9,1.14E-02
16.91,1.93E-02
16.92,2.33E-02
16.93,2.09E-02
16.94,1.38E-02
16.95,5.56E-03
16.96,-1.17E-04
16.97,1.79E-03
16.98,1.13E-02
16.99,2.55E-02
17,4.10E-02
17.01,5.31E-02
17.02,5.73E-02
17.03,5.48E-02
17.04,4.85E-02
17.05,4.10E-02
17.06,3.49E-02
17.07,3.02E-02
17.08,2.56E-02
17.09,2.04E-02
17.1,1.40E-02
17.11,5.90E-03
17.12,-2.84E-03
17.13,-1.09E-02
17.14,-1.58E-02
17.15,-1.67E-02
17.16,-1.59E-02
17.17,-1.67E-02
17.18,-2.11E-02
17.19,-3.01E-02
17.2,-4.50E-02
17.21,-6.29E-02
17.22,-7.85E-02
17.23,-8.77E-02
17.24,-8.94E-02
17.25,-8.69E-02
17.26,-8.39E-02
17.27,-8.12E-02
17.28,-7.92E-02
17.29,-7.64E-02
17.3,-7.20E-02
17.31,-6.75E-02
17.32,-6.41E-02
17.33,-6.21E-02
17.34,-6.02E-02
17.35,-5.58E-02
17.36,-4.66E-02
17.37,-3.36E-02
17.38,-1.98E-02
17.39,-7.21E-03
17.4,3.84E-03
17.41,1.54E-02
17.42,2.93E-02
17.43,4.43E-02
17.44,5.86E-02
17.45,6.83E-02
17.46,7.08E-02
17.47,6.72E-02
17.48,6.01E-02
17.49,5.25E-02
17.5,4.58E-02
17.51,3.83E-02
17.52,2.67E-02
17.53,1.11E-02
17.54,-6.02E-03
17.55,-2.23E-02
17.56,-3.54E-02
17.57,-4.43E-02
17.58,-5.04E-02
17.59,-5.36E-02
17.6,-5.27E-02
17.61,-4.73E-02
17.62,-3.69E-02
17.63,-2.25E-02
17.64,-6.59E-03
17.65,8.40E-03
17.66,2.03E-02
17.67,2.71E-02
17.68,2.66E-02
17.69,2.12E-02
17.7,1.41E-02
17.71,4.65E-03
17.72,-9.40E-03
17.73,-2.56E-02
17.74,-3.88E-02
17.75,-4.54E-02
17.76,-4.43E-02
17.77,-3.67E-02
17.78,-2.47E-02
17.79,-9.60E-03
17.8,7.65E-03
17.81,2.60E-02
17.82,4.43E-02
17.83,5.95E-02
17.84,7.20E-02
17.85,8.26E-02
17.86,8.96E-02
17.87,9.04E-02
17.88,8.30E-02
17.89,7.04E-02
17.9,5.76E-02
17.91,4.67E-02
17.92,3.69E-02
17.93,2.60E-02
17.94,1.40E-02
17.95,2.82E-03
17.96,-5.39E-03
17.97,-1.16E-02
17.98,-1.74E-02
17.99,-2.24E-02
18,-2.63E-02
18.01,-2.86E-02
18.02,-2.76E-02
18.03,-2.17E-02
18.04,-9.32E-03
18.05,8.39E-03
18.06,2.77E-02
18.07,4.56E-02
18.08,5.97E-02
18.09,7.08E-02
18.1,8.02E-02
18.11,8.70E-02
18.12,8.91E-02
18.13,8.56E-02
18.14,7.78E-02
18.15,6.75E-02
18.16,5.48E-02
18.17,4.01E-02
18.18,2.47E-02
18.19,8.26E-03
18.2,-1.05E-02
18.21,-2.88E-02
18.22,-4.24E-02
18.23,-5.05E-02
18.24,-5.34E-02
18.25,-5.12E-02
18.26,-4.50E-02
18.27,-3.75E-02
18.28,-2.99E-02
18.29,-2.12E-02
18.3,-1.23E-02
18.31,-4.09E-03
18.32,4.97E-03
18.33,1.51E-02
18.34,2.66E-02
18.35,3.75E-02
18.36,4.36E-02
18.37,4.40E-02
18.38,3.90E-02
18.39,2.89E-02
18.4,1.56E-02
18.41,1.95E-03
18.42,-9.25E-03
18.43,-1.63E-02
18.44,-2.23E-02
18.45,-3.06E-02
18.46,-3.95E-02
18.47,-4.47E-02
18.48,-4.42E-02
18.49,-3.89E-02
18.5,-3.18E-02
18.51,-2.53E-02
18.52,-1.95E-02
18.53,-1.44E-02
18.54,-1.07E-02
18.55,-8.82E-03
18.56,-8.58E-03
18.57,-9.56E-03
18.58,-1.18E-02
18.59,-1.51E-02
18.6,-1.77E-02
18.61,-1.87E-02
18.62,-1.89E-02
18.63,-1.86E-02
18.64,-1.87E-02
18.65,-2.05E-02
18.66,-2.19E-02
18.67,-2.30E-02
18.68,-2.54E-02
18.69,-2.85E-02
18.7,-3.06E-02
18.71,-3.12E-02
18.72,-3.00E-02
18.73,-2.70E-02
18.74,-2.30E-02
18.75,-1.77E-02
18.76,-1.16E-02
18.77,-6.63E-03
18.78,-2.03E-03
18.79,3.58E-03
18.8,9.31E-03
18.81,1.39E-02
18.82,1.71E-02
18.83,1.94E-02
18.84,2.30E-02
18.85,2.77E-02
18.86,3.10E-02
18.87,3.24E-02
18.88,3.22E-02
18.89,3.04E-02
18.9,2.76E-02
18.91,2.27E-02
18.92,1.20E-02
18.93,-4.06E-03
18.94,-2.09E-02
18.95,-3.62E-02
18.96,-4.85E-02
18.97,-5.75E-02
18.98,-6.57E-02
18.99,-7.25E-02
19,-7.64E-02
19.01,-7.79E-02
19.02,-7.75E-02
19.03,-7.56E-02
19.04,-7.21E-02
19.05,-6.71E-02
19.06,-6.01E-02
19.07,-5.21E-02
19.08,-4.41E-02
19.09,-3.61E-02
19.1,-2.72E-02
19.11,-1.60E-02
19.12,-2.40E-03
19.13,1.05E-02
19.14,1.97E-02
19.15,2.53E-02
19.16,2.62E-02
19.17,2.23E-02
19.18,1.57E-02
19.19,9.27E-03
19.2,4.56E-03
19.21,1.89E-03
19.22,-5.92E-04
19.23,-5.34E-03
19.24,-1.10E-02
19.25,-1.39E-02
19.26,-1.04E-02
19.27,-1.38E-03
19.28,9.71E-03
19.29,2.08E-02
19.3,3.10E-02
19.31,3.85E-02
19.32,4.04E-02
19.33,3.80E-02
19.34,3.29E-02
19.35,2.57E-02
19.36,1.84E-02
19.37,1.20E-02
19.38,6.40E-03
19.39,3.72E-03
19.4,4.54E-03
19.41,6.74E-03
19.42,1.01E-02
19.43,1.45E-02
19.44,1.85E-02
19.45,2.29E-02
19.46,2.90E-02
19.47,3.38E-02
19.48,3.56E-02
19.49,3.66E-02
19.5,3.91E-02
19.51,4.36E-02
19.52,4.97E-02
19.53,5.61E-02
19.54,6.35E-02
19.55,7.26E-02
19.56,8.31E-02
19.57,9.46E-02
19.58,1.04E-01
19.59,1.09E-01
19.6,1.09E-01
19.61,1.06E-01
19.62,9.76E-02
19.63,8.16E-02
19.64,5.78E-02
19.65,2.81E-02
19.66,-2.72E-03
19.67,-3.02E-02
19.68,-5.17E-02
19.69,-6.39E-02
19.7,-6.64E-02
19.71,-6.27E-02
19.72,-5.61E-02
19.73,-4.80E-02
19.74,-3.79E-02
19.75,-2.53E-02
19.76,-9.79E-03
19.77,5.27E-03
19.78,1.65E-02
19.79,2.37E-02
19.8,2.71E-02
19.81,2.78E-02
19.82,2.74E-02
19.83,2.59E-02
19.84,2.27E-02
19.85,1.71E-02
19.86,8.55E-03
19.87,-1.33E-03
19.88,-1.08E-02
19.89,-1.88E-02
19.9,-2.48E-02
19.91,-2.98E-02
19.92,-3.63E-02
19.93,-4.28E-02
19.94,-4.58E-02
19.95,-4.58E-02
19.96,-4.30E-02
19.97,-3.87E-02
19.98,-3.47E-02
19.99,-2.85E-02
20,-1.95E-02
20.01,-1.00E-02
20.02,-1.32E-03
20.03,6.26E-03
20.04,1.27E-02
20.05,1.84E-02
20.06,2.21E-02
20.07,2.34E-02
20.08,2.23E-02
20.09,1.87E-02
20.1,1.34E-02
20.11,8.71E-03
20.12,4.42E-03
20.13,-1.43E-03
20.14,-8.54E-03
20.15,-1.58E-02
20.16,-2.12E-02
20.17,-2.37E-02
20.18,-2.37E-02
20.19,-2.19E-02
20.2,-2.01E-02
20.21,-1.90E-02
20.22,-1.77E-02
20.23,-1.46E-02
20.24,-9.97E-03
20.25,-5.21E-03
20.26,-8.24E-04
20.27,3.75E-03
20.28,7.44E-03
20.29,8.45E-03
20.3,6.88E-03
20.31,5.43E-03
20.32,4.26E-03
20.33,2.95E-03
20.34,2.62E-03
20.35,2.82E-03
20.36,3.46E-03
20.37,3.20E-03
20.38,8.50E-04
20.39,-3.04E-03
20.4,-8.97E-03
20.41,-1.75E-02
20.42,-2.87E-02
20.43,-4.08E-02
20.44,-5.00E-02
20.45,-5.34E-02
20.46,-5.10E-02
20.47,-4.52E-02
20.48,-3.76E-02
20.49,-2.87E-02
20.5,-1.90E-02
20.51,-9.14E-03
20.52,-1.36E-03
20.53,4.26E-03
20.54,7.71E-03
20.55,8.07E-03
20.56,6.08E-03
20.57,1.96E-03
20.58,-2.91E-03
20.59,-5.52E-03
20.6,-5.27E-03
20.61,-3.54E-03
20.62,-2.45E-03
20.63,-2.97E-03
20.64,-2.56E-03
20.65,-1.42E-03
20.66,-2.57E-03
20.67,-5.24E-03
20.68,-7.81E-03
20.69,-9.41E-03
20.7,-1.03E-02
20.71,-1.24E-02
20.72,-1.62E-02
20.73,-1.88E-02
20.74,-1.89E-02
20.75,-1.62E-02
20.76,-1.03E-02
20.77,-2.96E-03
20.78,4.19E-03
20.79,1.16E-02
20.8,1.89E-02
20.81,2.51E-02
20.82,2.86E-02
20.83,2.79E-02
20.84,2.51E-02
20.85,2.20E-02
20.86,1.75E-02
20.87,1.13E-02
20.88,3.15E-03
20.89,-6.35E-03
20.9,-1.39E-02
20.91,-1.83E-02
20.92,-2.04E-02
20.93,-2.13E-02
20.94,-2.19E-02
20.95,-2.24E-02
20.96,-2.21E-02
20.97,-2.14E-02
20.98,-2.00E-02
20.99,-1.91E-02
21,-1.99E-02
21.01,-2.06E-02
21.02,-1.97E-02
21.03,-1.82E-02
21.04,-1.60E-02
21.05,-1.29E-02
21.06,-9.69E-03
21.07,-8.08E-03
21.08,-8.41E-03
21.09,-7.84E-03
21.1,-4.48E-03
21.11,-7.77E-04
21.12,-6.86E-04
21.13,-4.28E-03
21.14,-9.95E-03
21.15,-1.56E-02
21.16,-1.84E-02
21.17,-1.78E-02
21.18,-1.51E-02
21.19,-1.11E-02
21.2,-5.92E-03
21.21,2.07E-03
21.22,1.17E-02
21.23,2.03E-02
21.24,2.83E-02
21.25,3.52E-02
21.26,3.94E-02
21.27,4.11E-02
21.28,4.07E-02
21.29,3.77E-02
21.3,3.40E-02
21.31,3.06E-02
21.32,2.60E-02
21.33,1.98E-02
21.34,1.08E-02
21.35,-1.95E-06
21.36,-9.87E-03
21.37,-1.86E-02
21.38,-2.65E-02
21.39,-3.14E-02
21.4,-3.30E-02
21.41,-3.12E-02
21.42,-2.58E-02
21.43,-1.75E-02
21.44,-7.26E-03
21.45,4.88E-03
21.46,1.80E-02
21.47,3.01E-02
21.48,4.08E-02
21.49,4.91E-02
21.5,5.49E-02
21.51,5.89E-02
21.52,6.02E-02
21.53,5.67E-02
21.54,5.13E-02
21.55,4.75E-02
21.56,4.52E-02
21.57,4.28E-02
21.58,3.87E-02
21.59,3.27E-02
21.6,2.67E-02
21.61,2.17E-02
21.62,1.70E-02
21.63,1.42E-02
21.64,1.40E-02
21.65,1.49E-02
21.66,1.75E-02
21.67,2.11E-02
21.68,2.24E-02
21.69,2.14E-02
21.7,1.85E-02
21.71,1.42E-02
21.72,9.17E-03
21.73,3.97E-03
21.74,-4.55E-04
21.75,-3.72E-03
21.76,-5.97E-03
21.77,-7.19E-03
21.78,-5.85E-03
21.79,-2.28E-03
21.8,2.88E-04
21.81,2.08E-03
21.82,4.14E-03
21.83,4.62E-03
21.84,4.74E-03
21.85,5.51E-03
21.86,5.45E-03
21.87,5.28E-03
21.88,5.77E-03
21.89,6.55E-03
21.9,7.83E-03
21.91,9.56E-03
21.92,1.11E-02
21.93,1.19E-02
21.94,1.12E-02
21.95,1.03E-02
21.96,1.12E-02
21.97,1.24E-02
21.98,1.21E-02
21.99,1.17E-02
22,1.16E-02
22.01,1.12E-02
22.02,1.02E-02
22.03,7.18E-03
22.04,2.31E-03
22.05,-3.69E-03
22.06,-9.18E-03
22.07,-1.28E-02
22.08,-1.52E-02
22.09,-1.78E-02
22.1,-2.05E-02
22.11,-2.19E-02
22.12,-2.27E-02
22.13,-2.28E-02
22.14,-2.16E-02
22.15,-1.96E-02
22.16,-1.72E-02
22.17,-1.35E-02
22.18,-1.05E-02
22.19,-9.41E-03
22.2,-1.04E-02
22.21,-1.41E-02
22.22,-2.04E-02
22.23,-2.78E-02
22.24,-3.29E-02
22.25,-3.34E-02
22.26,-3.05E-02
22.27,-2.68E-02
22.28,-2.22E-02
22.29,-1.74E-02
22.3,-1.27E-02
22.31,-7.85E-03
22.32,-4.54E-03
22.33,-4.14E-03
22.34,-4.59E-03
22.35,-5.51E-03
22.36,-8.93E-03
22.37,-1.55E-02
22.38,-2.46E-02
22.39,-3.38E-02
22.4,-4.14E-02
22.41,-4.65E-02
22.42,-4.89E-02
22.43,-4.89E-02
22.44,-4.75E-02
22.45,-4.38E-02
22.46,-3.78E-02
22.47,-3.14E-02
22.48,-2.58E-02
22.49,-2.14E-02
22.5,-1.82E-02
22.51,-1.51E-02
22.52,-1.15E-02
22.53,-9.73E-03
22.54,-9.43E-03
22.55,-9.40E-03
22.56,-9.68E-03
22.57,-9.97E-03
22.58,-1.02E-02
22.59,-1.04E-02
22.6,-9.26E-03
22.61,-6.03E-03
22.62,-2.41E-03
22.63,6.86E-04
22.64,3.91E-03
22.65,6.32E-03
22.66,7.91E-03
22.67,8.76E-03
22.68,7.96E-03
22.69,5.98E-03
22.7,3.03E-03
22.71,-1.85E-04
22.72,-3.08E-03
22.73,-6.48E-03
22.74,-9.29E-03
22.75,-1.17E-02
22.76,-1.45E-02
22.77,-1.62E-02
22.78,-1.61E-02
22.79,-1.49E-02
22.8,-1.30E-02
22.81,-9.73E-03
22.82,-4.76E-03
22.83,1.16E-03
22.84,6.41E-03
22.85,9.65E-03
22.86,1.08E-02
22.87,1.03E-02
22.88,8.95E-03
22.89,8.30E-03
22.9,7.18E-03
22.91,5.64E-03
22.92,5.68E-03
22.93,7.82E-03
22.94,1.28E-02
22.95,1.94E-02
22.96,2.54E-02
22.97,2.97E-02
22.98,3.19E-02
22.99,3.22E-02
23,3.13E-02
23.01,2.91E-02
23.02,2.57E-02
23.03,2.28E-02
23.04,2.16E-02
23.05,2.05E-02
23.06,1.97E-02
23.07,2.04E-02
23.08,2.22E-02
23.09,2.54E-02
23.1,2.81E-02
23.11,2.98E-02
23.12,3.04E-02
23.13,2.83E-02
23.14,2.36E-02
23.15,1.70E-02
23.16,1.08E-02
23.17,6.62E-03
23.18,2.81E-03
23.19,5.57E-04
23.2,6.70E-04
23.21,2.67E-03
23.22,5.95E-03
23.23,8.11E-03
23.24,7.69E-03
23.25,6.82E-03
23.26,6.93E-03
23.27,7.36E-03
23.28,8.18E-03
23.29,9.25E-03
23.3,1.02E-02
23.31,1.18E-02
23.32,1.40E-02
23.33,1.58E-02
23.34,1.69E-02
23.35,1.66E-02
23.36,1.50E-02
23.37,1.31E-02
23.38,9.52E-03
23.39,5.06E-03
23.4,-2.16E-04
23.41,-5.77E-03
23.42,-9.55E-03
23.43,-1.06E-02
23.44,-1.01E-02
23.45,-9.20E-03
23.46,-8.98E-03
23.47,-9.86E-03
23.48,-9.24E-03
23.49,-5.44E-03
23.5,-5.84E-04
23.51,3.74E-03
23.52,7.22E-03
23.53,7.71E-03
23.54,6.46E-03
23.55,5.77E-03
23.56,5.72E-03
23.57,5.25E-03
23.58,3.76E-03
23.59,1.19E-03
23.6,-4.05E-04
23.61,-3.35E-04
23.62,-6.50E-06
23.63,7.54E-04
23.64,3.71E-03
23.65,7.88E-03
23.66,1.10E-02
23.67,1.20E-02
23.68,9.94E-03
23.69,5.99E-03
23.7,1.89E-03
23.71,-1.93E-03
23.72,-5.98E-03
23.73,-9.37E-03
23.74,-1.04E-02
23.75,-9.03E-03
23.76,-5.45E-03
23.77,-3.15E-04
23.78,4.52E-03
23.79,8.86E-03
23.8,1.28E-02
23.81,1.56E-02
23.82,1.68E-02
23.83,1.52E-02
23.84,1.13E-02
23.85,6.31E-03
23.86,3.41E-04
23.87,-6.68E-03
23.88,-1.28E-02
23.89,-1.61E-02
23.9,-1.67E-02
23.91,-1.52E-02
23.92,-1.17E-02
23.93,-8.97E-03
23.94,-7.29E-03
23.95,-5.76E-03
23.96,-4.64E-03
23.97,-3.72E-03
23.98,-2.97E-03
23.99,-2.33E-03
24,-1.54E-03
24.01,-9.14E-04
24.02,-1.16E-03
24.03,-1.36E-03
24.04,-1.03E-03
24.05,-1.51E-03
24.06,-3.46E-03
24.07,-5.10E-03
24.08,-6.73E-03
24.09,-8.86E-03
24.1,-1.17E-02
24.11,-1.51E-02
24.12,-1.65E-02
24.13,-1.49E-02
24.14,-1.13E-02
24.15,-8.18E-03
24.16,-6.32E-03
24.17,-6.87E-03
24.18,-9.99E-03
24.19,-1.40E-02
24.2,-1.67E-02
24.21,-1.76E-02
24.22,-1.68E-02
24.23,-1.52E-02
24.24,-1.28E-02
24.25,-1.18E-02
24.26,-1.40E-02
24.27,-1.71E-02
24.28,-1.88E-02
24.29,-1.81E-02
24.3,-1.67E-02
24.31,-1.59E-02
24.32,-1.53E-02
24.33,-1.38E-02
24.34,-1.12E-02
24.35,-9.06E-03
24.36,-6.04E-03
24.37,-1.16E-03
24.38,2.02E-03
24.39,2.09E-03
24.4,8.51E-04
24.41,-1.69E-03
24.42,-5.33E-03
24.43,-8.06E-03
24.44,-8.69E-03
24.45,-8.39E-03
24.46,-7.32E-03
24.47,-6.04E-03
24.48,-5.01E-03
24.49,-3.61E-03
24.5,-1.92E-03
24.51,-7.28E-04
24.52,8.32E-04
24.53,2.81E-03
24.54,4.69E-03
24.55,7.13E-03
24.56,9.87E-03
24.57,1.18E-02
24.58,1.24E-02
24.59,1.23E-02
24.6,1.08E-02
24.61,6.84E-03
24.62,6.55E-04
24.63,-6.88E-03
24.64,-1.41E-02
24.65,-1.89E-02
24.66,-2.18E-02
24.67,-2.45E-02
24.68,-2.70E-02
24.69,-2.65E-02
24.7,-2.22E-02
24.71,-1.61E-02
24.72,-1.02E-02
24.73,-5.27E-03
24.74,-1.20E-03
24.75,1.95E-03
24.76,4.95E-03
24.77,7.81E-03
24.78,8.87E-03
24.79,7.89E-03
24.8,6.11E-03
24.81,5.84E-03
24.82,8.39E-03
24.83,1.08E-02
24.84,1.17E-02
24.85,1.28E-02
24.86,1.50E-02
24.87,1.82E-02
24.88,2.14E-02
24.89,2.43E-02
24.9,2.65E-02
24.91,2.73E-02
24.92,2.59E-02
24.93,2.37E-02
24.94,2.19E-02
24.95,2.10E-02
24.96,2.12E-02
24.97,2.27E-02
24.98,2.43E-02
24.99,2.54E-02
25,2.62E-02
25.01,2.62E-02
25.02,2.47E-02
25.03,1.99E-02
25.04,1.30E-02
25.05,6.89E-03
25.06,2.69E-03
25.07,-5.06E-04
25.08,-2.32E-03
25.09,-2.51E-03
25.1,-1.79E-03
25.11,-4.95E-04
25.12,7.49E-05
25.13,2.68E-04
25.14,1.67E-03
25.15,3.33E-03
25.16,3.87E-03
25.17,3.06E-03
25.18,1.40E-03
25.19,-3.71E-04
25.2,-2.32E-03
25.21,-3.46E-03
25.22,-2.80E-03
25.23,-3.03E-03
25.24,-5.12E-03
25.25,-6.77E-03
25.26,-7.02E-03
25.27,-6.27E-03
25.28,-6.39E-03
25.29,-7.92E-03
25.3,-9.58E-03
25.31,-1.03E-02
25.32,-1.03E-02
25.33,-9.40E-03
25.34,-7.10E-03
25.35,-4.68E-03
25.36,-2.80E-03
25.37,-4.36E-04
25.38,1.82E-03
25.39,3.86E-03
25.4,5.32E-03
25.41,5.81E-03
25.42,5.81E-03
25.43,4.61E-03
25.44,3.29E-03
25.45,2.85E-03
25.46,2.61E-03
25.47,2.11E-03
25.48,7.84E-04
25.49,-8.40E-04
25.5,-1.21E-03
25.51,-8.68E-04
25.52,-1.08E-03
25.53,-1.05E-03
25.54,-3.29E-04
25.55,2.14E-04
25.56,8.97E-04
25.57,2.81E-03
25.58,5.36E-03
25.59,7.71E-03
25.6,9.08E-03
25.61,9.42E-03
25.62,9.38E-03
25.63,8.89E-03
25.64,7.81E-03
25.65,6.75E-03
25.66,6.94E-03
25.67,9.02E-03
25.68,9.45E-03
25.69,8.29E-03
25.7,9.09E-03
25.71,1.16E-02
25.72,1.31E-02
25.73,1.25E-02
25.74,1.05E-02
25.75,8.64E-03
25.76,7.30E-03
25.77,5.82E-03
25.78,3.34E-03
25.79,9.05E-04
25.8,-1.20E-03
25.81,-2.53E-03
25.82,-2.81E-03
25.83,-3.72E-03
25.84,-5.49E-03
25.85,-6.98E-03
25.86,-8.34E-03
25.87,-1.12E-02
25.88,-1.57E-02
25.89,-1.92E-02
25.9,-2.14E-02
25.91,-2.27E-02
25.92,-2.30E-02
25.93,-2.25E-02
25.94,-2.13E-02
25.95,-2.04E-02
25.96,-1.97E-02
25.97,-1.79E-02
25.98,-1.62E-02
25.99,-1.53E-02
26,-1.37E-02
26.01,-1.23E-02
26.02,-1.36E-02
26.03,-1.56E-02
26.04,-1.70E-02
26.05,-1.80E-02
26.06,-1.81E-02
26.07,-1.68E-02
26.08,-1.57E-02
26.09,-1.40E-02
26.1,-1.09E-02
26.11,-7.77E-03
26.12,-4.84E-03
26.13,-1.14E-03
26.14,3.14E-03
26.15,6.93E-03
26.16,9.98E-03
26.17,1.19E-02
26.18,1.07E-02
26.19,6.12E-03
26.2,3.93E-04
26.21,-5.40E-03
26.22,-1.07E-02
26.23,-1.57E-02
26.24,-1.91E-02
26.25,-1.94E-02
26.26,-1.77E-02
26.27,-1.68E-02
26.28,-1.63E-02
26.29,-1.40E-02
26.3,-1.09E-02
26.31,-9.38E-03
26.32,-9.41E-03
26.33,-9.90E-03
26.34,-1.01E-02
26.35,-9.93E-03
26.36,-9.90E-03
26.37,-1.01E-02
26.38,-9.94E-03
26.39,-7.81E-03
26.4,-3.31E-03
26.41,1.83E-03
26.42,4.94E-03
26.43,5.31E-03
26.44,4.11E-03
26.45,2.64E-03
26.46,2.08E-03
26.47,2.80E-03
26.48,4.00E-03
26.49,5.81E-03
26.5,8.02E-03
26.51,1.02E-02
26.52,1.20E-02
26.53,1.30E-02
26.54,1.40E-02
26.55,1.48E-02
26.56,1.39E-02
26.57,1.09E-02
26.58,7.97E-03
26.59,6.95E-03
26.6,8.01E-03
26.61,1.00E-02
26.62,1.16E-02
26.63,1.26E-02
26.64,1.39E-02
26.65,1.48E-02
26.66,1.58E-02
26.67,1.65E-02
26.68,1.47E-02
26.69,1.16E-02
26.7,1.01E-02
26.71,9.08E-03
26.72,6.69E-03
26.73,4.19E-03
26.74,3.22E-03
26.75,3.15E-03
26.76,3.62E-03
26.77,4.98E-03
26.78,6.70E-03
26.79,8.29E-03
26.8,9.27E-03
26.81,1.13E-02
26.82,1.46E-02
26.83,1.63E-02
26.84,1.63E-02
26.85,1.59E-02
26.86,1.49E-02
26.87,1.27E-02
26.88,9.89E-03
26.89,7.28E-03
26.9,5.22E-03
26.91,4.31E-03
26.92,5.04E-03
26.93,6.52E-03
26.94,7.82E-03
26.95,8.36E-03
26.96,9.37E-03
26.97,1.09E-02
26.98,1.04E-02
26.99,8.72E-03
27,8.90E-03
27.01,9.72E-03
27.02,8.14E-03
27.03,4.63E-03
27.04,1.48E-03
27.05,-4.86E-04
27.06,-1.52E-03
27.07,-1.98E-03
27.08,-2.56E-03
27.09,-3.56E-03
27.1,-4.76E-03
27.11,-4.47E-03
27.12,-3.67E-03
27.13,-4.78E-03
27.14,-6.28E-03
27.15,-5.75E-03
27.16,-5.04E-03
27.17,-6.09E-03
27.18,-7.84E-03
27.19,-8.66E-03
27.2,-8.91E-03
27.21,-8.26E-03
27.22,-7.29E-03
27.23,-6.62E-03
27.24,-6.81E-03
27.25,-8.13E-03
27.26,-8.03E-03
27.27,-6.61E-03
27.28,-6.42E-03
27.29,-6.88E-03
27.3,-6.06E-03
27.31,-4.00E-03
27.32,-1.66E-03
27.33,-1.27E-03
27.34,-3.05E-03
27.35,-4.60E-03
27.36,-5.33E-03
27.37,-6.84E-03
27.38,-9.11E-03
27.39,-1.03E-02
27.4,-1.02E-02
27.41,-9.30E-03
27.42,-8.54E-03
27.43,-8.72E-03
27.44,-8.63E-03
27.45,-7.01E-03
27.46,-3.31E-03
27.47,1.28E-03
27.48,3.76E-03
27.49,5.10E-03
27.5,7.12E-03
27.51,7.98E-03
27.52,5.73E-03
27.53,2.20E-03
27.54,7.86E-05
27.55,-7.66E-04
27.56,-1.88E-03
27.57,-4.48E-03
27.58,-7.08E-03
27.59,-7.54E-03
27.6,-6.75E-03
27.61,-5.65E-03
27.62,-3.03E-03
27.63,-4.76E-04
27.64,1.15E-03
27.65,2.67E-03
27.66,3.64E-03
27.67,3.82E-03
27.68,2.94E-03
27.69,1.80E-03
27.7,1.32E-03
27.71,1.28E-03
27.72,1.48E-03
27.73,2.16E-03
27.74,2.76E-03
27.75,2.20E-03
27.76,1.75E-03
27.77,2.43E-03
27.78,3.06E-03
27.79,3.20E-03
27.8,2.58E-03
27.81,1.75E-03
27.82,8.71E-04
27.83,-1.77E-03
27.84,-5.74E-03
27.85,-8.51E-03
27.86,-9.51E-03
27.87,-9.81E-03
27.88,-9.97E-03
27.89,-9.73E-03
27.9,-8.70E-03
27.91,-6.94E-03
27.92,-4.69E-03
27.93,-2.21E-03
27.94,-3.27E-04
27.95,-2.43E-04
27.96,-4.18E-04
27.97,-6.89E-04
27.98,-2.08E-03
27.99,-3.31E-03
28,-3.21E-03
28.01,-2.66E-03
28.02,-2.24E-03
28.03,-2.80E-03
28.04,-3.89E-03
28.05,-4.10E-03
28.06,-4.41E-03
28.07,-6.09E-03
28.08,-8.42E-03
28.09,-8.86E-03
28.1,-7.25E-03
28.11,-4.36E-03
28.12,-1.46E-03
28.13,8.38E-04
28.14,3.16E-03
28.15,5.80E-03
28.16,8.22E-03
28.17,9.48E-03
28.18,7.78E-03
28.19,4.10E-03
28.2,5.24E-04
28.21,-3.93E-03
28.22,-9.03E-03
28.23,-1.36E-02
28.24,-1.54E-02
28.25,-1.40E-02
28.26,-1.17E-02
28.27,-9.85E-03
28.28,-9.31E-03
28.29,-8.56E-03
28.3,-6.12E-03
28.31,-3.24E-03
28.32,-1.65E-03
28.33,-1.79E-03
28.34,-2.41E-03
28.35,-2.09E-03
28.36,-6.32E-04
28.37,9.45E-04
28.38,2.99E-03
28.39,6.32E-03
28.4,1.01E-02
28.41,1.30E-02
28.42,1.50E-02
28.43,1.53E-02
28.44,1.47E-02
28.45,1.45E-02
28.46,1.40E-02
28.47,1.27E-02
28.48,1.15E-02
28.49,1.01E-02
28.5,8.58E-03
28.51,7.73E-03
28.52,7.19E-03
28.53,6.09E-03
28.54,4.71E-03
28.55,3.54E-03
28.56,2.28E-03
28.57,1.51E-03
28.58,3.92E-04
28.59,-5.26E-04
28.6,4.48E-04
28.61,2.84E-03
28.62,5.53E-03
28.63,8.26E-03
28.64,1.08E-02
28.65,1.22E-02
28.66,1.35E-02
28.67,1.41E-02
28.68,1.25E-02
28.69,1.04E-02
28.7,9.68E-03
28.71,1.05E-02
28.72,1.17E-02
28.73,1.19E-02
28.74,1.17E-02
28.75,1.22E-02
28.76,1.31E-02
28.77,1.29E-02
28.78,1.08E-02
28.79,7.76E-03
28.8,4.78E-03
28.81,1.87E-03
28.82,-4.37E-04
28.83,-2.55E-03
28.84,-3.74E-03
28.85,-2.97E-03
28.86,-1.70E-03
28.87,-9.25E-04
28.88,-5.65E-04
28.89,-3.83E-04
28.9,-4.20E-04
28.91,7.85E-05
28.92,1.92E-04
28.93,-1.05E-03
28.94,-2.35E-03
28.95,-2.87E-03
28.96,-3.24E-03
28.97,-4.12E-03
28.98,-6.38E-03
28.99,-8.87E-03
29,-9.83E-03
29.01,-9.82E-03
29.02,-1.09E-02
29.03,-1.33E-02
29.04,-1.53E-02
29.05,-1.67E-02
29.06,-1.66E-02
29.07,-1.45E-02
29.08,-1.13E-02
29.09,-8.85E-03
29.1,-6.53E-03
29.11,-3.54E-03
29.12,-2.63E-04
29.13,1.34E-03
29.14,2.27E-03
29.15,4.92E-03
29.16,8.46E-03
29.17,1.06E-02
29.18,1.06E-02
29.19,9.54E-03
29.2,7.87E-03
29.21,5.26E-03
29.22,8.85E-04
29.23,-4.13E-03
29.24,-7.47E-03
29.25,-8.15E-03
29.26,-6.92E-03
29.27,-4.57E-03
29.28,-1.90E-03
29.29,4.11E-04
29.3,2.53E-03
29.31,3.80E-03
29.32,3.22E-03
29.33,1.66E-03
29.34,3.98E-04
29.35,-8.57E-05
29.36,-1.82E-05
29.37,-7.11E-04
29.38,-2.03E-03
29.39,-2.58E-03
29.4,-2.92E-03
29.41,-3.30E-03
29.42,-4.49E-03
29.43,-7.12E-03
29.44,-9.61E-03
29.45,-9.87E-03
29.46,-7.83E-03
29.47,-5.22E-03
29.48,-3.22E-03
29.49,-1.88E-03
29.5,-6.23E-04
29.51,2.60E-03
29.52,7.24E-03
29.53,1.03E-02
29.54,1.09E-02
29.55,9.73E-03
29.56,8.12E-03
29.57,6.62E-03
29.58,4.75E-03
29.59,3.23E-03
29.6,1.79E-03
29.61,6.51E-06
29.62,-1.60E-03
29.63,-2.43E-03
29.64,-4.10E-03
29.65,-7.07E-03
29.66,-9.24E-03
29.67,-9.90E-03
29.68,-9.98E-03
29.69,-1.00E-02
29.7,-9.03E-03
29.71,-5.88E-03
29.72,-1.70E-03
29.73,1.02E-03
29.74,2.34E-03
29.75,4.34E-03
29.76,6.66E-03
29.77,7.49E-03
29.78,6.39E-03
29.79,3.29E-03
29.8,-1.25E-03
29.81,-4.78E-03
29.82,-6.42E-03
29.83,-6.75E-03
29.84,-6.13E-03
29.85,-5.89E-03
29.86,-6.05E-03
29.87,-5.81E-03
29.88,-5.43E-03
29.89,-4.21E-03
29.9,-2.37E-03
29.91,-1.60E-03
29.92,-2.36E-03
29.93,-4.36E-03
29.94,-5.52E-03
29.95,-4.91E-03
29.96,-3.76E-03
29.97,-3.28E-03
29.98,-3.12E-03
29.99,-2.75E-03
30,-2.08E-03
30.01,-7.37E-04
30.02,3.91E-04
30.03,7.41E-04
30.04,1.04E-03
30.05,1.71E-03
30.06,3.23E-03
30.07,5.27E-03
30.08,6.98E-03
30.09,8.51E-03
30.1,9.81E-03
30.11,1.09E-02
30.12,1.14E-02
30.13,1.05E-02
30.14,9.31E-03
30.15,8.81E-03
30.16,8.98E-03
30.17,9.28E-03
30.18,9.40E-03
30.19,9.08E-03
30.2,8.92E-03
30.21,8.68E-03
30.22,7.62E-03
30.23,6.33E-03
30.24,4.72E-03
30.25,2.29E-03
30.26,2.63E-04
30.27,-1.27E-03
30.28,-2.88E-03
30.29,-3.76E-03
30.3,-3.39E-03
30.31,-1.82E-03
30.32,-3.63E-05
30.33,6.10E-04
30.34,3.02E-04
30.35,3.25E-04
30.36,6.51E-04
30.37,-5.37E-05
30.38,-1.94E-03
30.39,-3.29E-03
30.4,-2.74E-03
30.41,-7.53E-04
30.42,1.35E-03
30.43,3.12E-03
30.44,4.44E-03
30.45,4.94E-03
30.46,5.26E-03
30.47,4.38E-03
30.48,1.63E-03
30.49,-1.99E-03
30.5,-5.14E-03
30.51,-6.99E-03
30.52,-7.99E-03
30.53,-9.23E-03
30.54,-1.00E-02
30.55,-9.94E-03
30.56,-9.38E-03
30.57,-9.20E-03
30.58,-9.70E-03
30.59,-9.11E-03
30.6,-6.92E-03
30.61,-5.17E-03
30.62,-4.47E-03
30.63,-3.56E-03
30.64,-2.73E-03
30.65,-2.87E-03
30.66,-2.81E-03
30.67,-2.35E-03
30.68,-1.82E-03
30.69,-2.05E-03
30.7,-3.21E-03
30.71,-3.60E-03
30.72,-3.41E-03
30.73,-4.43E-03
30.74,-5.02E-03
30.75,-4.79E-03
30.76,-4.91E-03
30.77,-4.36E-03
30.78,-2.99E-03
30.79,-1.83E-03
30.8,-2.32E-04
30.81,1.55E-03
30.82,1.96E-03
30.83,2.31E-03
30.84,3.46E-03
30.85,3.96E-03
30.86,3.36E-03
30.87,1.74E-03
30.88,-6.16E-04
30.89,-2.09E-03
30.9,-1.90E-03
30.91,-1.31E-03
30.92,-8.70E-04
30.93,-2.55E-04
30.94,6.34E-04
30.95,2.41E-03
30.96,4.93E-03
30.97,6.66E-03
30.98,7.81E-03
30.99,9.00E-03
31,9.45E-03
31.01,9.10E-03
31.02,7.94E-03
31.03,4.80E-03
31.04,1.90E-03
31.05,4.46E-04
31.06,-2.24E-04
31.07,-7.44E-05
31.08,2.78E-04
31.09,6.71E-04
31.1,8.32E-04
31.11,1.19E-03
31.12,1.54E-03
31.13,1.68E-03
31.14,1.64E-03
31.15,1.14E-03
31.16,4.02E-04
31.17,2.85E-04
31.18,5.46E-04
31.19,4.40E-06
31.2,-1.47E-03
31.21,-3.33E-03
31.22,-5.46E-03
31.23,-7.06E-03
31.24,-8.02E-03
31.25,-8.86E-03
31.26,-8.26E-03
31.27,-6.13E-03
31.28,-4.26E-03
31.29,-2.48E-03
31.3,-5.32E-04
31.31,1.28E-03
31.32,3.17E-03
31.33,4.38E-03
31.34,4.25E-03
31.35,3.75E-03
31.36,3.13E-03
31.37,2.16E-03
31.38,1.29E-03
31.39,6.41E-04
31.4,8.22E-04
31.41,2.69E-03
31.42,5.10E-03
31.43,6.16E-03
31.44,7.00E-03
31.45,6.99E-03
31.46,5.45E-03
31.47,3.70E-03
31.48,1.83E-03
31.49,-6.94E-04
31.5,-3.86E-03
31.51,-5.22E-03
31.52,-4.62E-03
31.53,-3.89E-03
31.54,-3.01E-03
31.55,-1.95E-03
31.56,-1.54E-04
31.57,2.54E-03
31.58,3.80E-03
31.59,3.07E-03
31.6,2.98E-03
31.61,4.05E-03
31.62,3.49E-03
31.63,1.58E-03
31.64,-2.04E-04
31.65,-1.63E-03
31.66,-1.87E-03
31.67,-1.74E-03
31.68,-2.48E-03
31.69,-2.59E-03
31.7,-2.43E-03
31.71,-2.73E-03
31.72,-3.22E-03
31.73,-4.08E-03
31.74,-4.76E-03
31.75,-4.75E-03
31.76,-4.54E-03
31.77,-4.66E-03
31.78,-4.60E-03
31.79,-3.96E-03
31.8,-2.71E-03
31.81,-2.63E-04
31.82,2.74E-03
31.83,4.72E-03
31.84,6.71E-03
31.85,8.68E-03
31.86,9.66E-03
31.87,1.02E-02
31.88,1.06E-02
31.89,9.98E-03
31.9,7.84E-03
31.91,5.62E-03
31.92,3.15E-03
31.93,1.19E-03
31.94,1.96E-04
31.95,5.16E-05
31.96,4.82E-04
31.97,8.95E-04
31.98,1.11E-03
31.99,2.18E-03
32,3.97E-03
32.01,5.18E-03
32.02,6.29E-03
32.03,7.53E-03
32.04,8.52E-03
32.05,9.13E-03
32.06,9.61E-03
32.07,8.56E-03
32.08,6.14E-03
32.09,4.13E-03
32.1,2.40E-03
32.11,1.64E-03
32.12,1.06E-03
32.13,-9.93E-04
32.14,-4.32E-03
32.15,-7.58E-03
32.16,-9.36E-03
32.17,-9.37E-03
32.18,-8.56E-03
32.19,-8.24E-03
32.2,-8.36E-03
32.21,-8.92E-03
32.22,-9.30E-03
32.23,-9.11E-03
32.24,-8.97E-03
32.25,-9.42E-03
32.26,-8.74E-03
32.27,-7.24E-03
32.28,-7.53E-03
32.29,-8.83E-03
32.3,-9.30E-03
32.31,-8.30E-03
32.32,-6.85E-03
32.33,-5.57E-03
32.34,-4.46E-03
32.35,-3.75E-03
32.36,-3.19E-03
32.37,-1.45E-03
32.38,7.87E-04
32.39,2.50E-03
32.4,3.81E-03
32.41,4.02E-03
32.42,3.05E-03
32.43,1.73E-03
32.44,1.06E-03
32.45,3.07E-04
32.46,-6.47E-04
32.47,-1.48E-03
32.48,-3.02E-03
32.49,-4.43E-03
32.5,-5.44E-03
32.51,-5.71E-03
32.52,-4.49E-03
32.53,-3.42E-03
32.54,-3.98E-03
32.55,-4.76E-03
32.56,-4.75E-03
32.57,-3.11E-03
32.58,-8.13E-04
32.59,3.20E-04
32.6,1.69E-06
32.61,-1.47E-04
32.62,-7.38E-04
32.63,-2.44E-03
32.64,-3.95E-03
32.65,-5.11E-03
32.66,-6.06E-03
32.67,-7.33E-03
32.68,-9.84E-03
32.69,-1.16E-02
32.7,-1.11E-02
32.71,-9.39E-03
32.72,-7.39E-03
32.73,-5.66E-03
32.74,-4.34E-03
32.75,-2.04E-03
32.76,1.36E-03
32.77,4.51E-03
32.78,6.50E-03
32.79,7.46E-03
32.8,8.46E-03
32.81,9.72E-03
32.82,9.32E-03
32.83,7.60E-03
32.84,5.91E-03
32.85,4.05E-03
32.86,2.43E-03
32.87,4.73E-04
32.88,-1.50E-03
32.89,-2.93E-03
32.9,-4.50E-03
32.91,-5.51E-03
32.92,-6.62E-03
32.93,-8.34E-03
32.94,-8.92E-03
32.95,-8.03E-03
32.96,-6.30E-03
32.97,-3.09E-03
32.98,8.53E-04
32.99,4.62E-03
33,8.90E-03
33.01,1.27E-02
33.02,1.56E-02
33.03,1.71E-02
33.04,1.66E-02
33.05,1.43E-02
33.06,1.21E-02
33.07,1.01E-02
33.08,7.94E-03
33.09,5.28E-03
33.1,2.43E-03
33.11,1.63E-03
33.12,2.90E-03
33.13,4.62E-03
33.14,6.26E-03
33.15,7.79E-03
33.16,1.03E-02
33.17,1.33E-02
33.18,1.53E-02
33.19,1.66E-02
33.2,1.86E-02
33.21,1.99E-02
33.22,1.89E-02
33.23,1.55E-02
33.24,1.02E-02
33.25,4.33E-03
33.26,3.55E-04
33.27,-2.25E-03
33.28,-5.07E-03
33.29,-7.39E-03
33.3,-8.62E-03
33.31,-8.96E-03
33.32,-8.21E-03
33.33,-7.28E-03
33.34,-6.38E-03
33.35,-5.20E-03
33.36,-4.61E-03
33.37,-4.82E-03
33.38,-5.19E-03
33.39,-6.11E-03
33.4,-7.10E-03
33.41,-6.84E-03
33.42,-6.04E-03
33.43,-5.65E-03
33.44,-4.96E-03
33.45,-4.28E-03
33.46,-3.12E-03
33.47,-8.89E-04
33.48,1.05E-03
33.49,1.42E-03
33.5,1.80E-03
33.51,2.33E-03
33.52,1.65E-03
33.53,8.88E-04
33.54,-4.59E-04
33.55,-2.80E-03
33.56,-3.74E-03
33.57,-3.37E-03
33.58,-3.83E-03
33.59,-3.71E-03
33.6,-2.33E-03
33.61,-9.18E-04
33.62,5.30E-04
33.63,1.62E-03
33.64,1.55E-03
33.65,1.23E-03
33.66,1.34E-03
33.67,6.47E-04
33.68,-1.84E-03
33.69,-5.20E-03
33.7,-7.56E-03
33.71,-7.72E-03
33.72,-7.18E-03
33.73,-7.97E-03
33.74,-8.61E-03
33.75,-8.19E-03
33.76,-6.83E-03
33.77,-4.54E-03
33.78,-2.40E-03
33.79,-1.74E-03
33.8,-1.71E-03
33.81,-7.70E-04
33.82,2.58E-04
33.83,7.43E-04
33.84,3.50E-04
33.85,-7.37E-04
33.86,-4.83E-04
33.87,7.30E-04
33.88,7.25E-04
33.89,5.06E-04
33.9,1.06E-03
33.91,1.44E-03
33.92,1.17E-03
33.93,5.82E-04
33.94,-6.80E-05
33.95,-2.62E-04
33.96,1.43E-04
33.97,1.62E-05
33.98,-1.03E-03
33.99,-1.82E-03
34,-2.39E-03
34.01,-2.50E-03
34.02,-1.73E-03
34.03,-6.16E-04
34.04,1.38E-03
34.05,4.09E-03
34.06,6.76E-03
34.07,8.86E-03
34.08,9.36E-03
34.09,7.96E-03
34.1,5.91E-03
34.11,3.81E-03
34.12,1.68E-03
34.13,-4.87E-04
34.14,-1.07E-03
34.15,-1.94E-04
34.16,8.19E-04
34.17,2.17E-03
34.18,3.39E-03
34.19,3.78E-03
34.2,3.65E-03
34.21,3.61E-03
34.22,3.75E-03
34.23,3.63E-03
34.24,2.75E-03
34.25,1.64E-03
34.26,1.68E-03
34.27,3.38E-03
34.28,5.93E-03
34.29,8.65E-03
34.3,1.11E-02
34.31,1.31E-02
34.32,1.43E-02
34.33,1.30E-02
34.34,1.02E-02
34.35,7.58E-03
34.36,5.81E-03
34.37,3.98E-03
34.38,1.99E-03
34.39,-3.15E-04
34.4,-2.67E-03
34.41,-3.23E-03
34.42,-2.38E-03
34.43,-1.83E-03
34.44,-1.59E-03
34.45,-2.03E-03
34.46,-2.82E-03
34.47,-3.31E-03
34.48,-4.54E-03
34.49,-5.84E-03
34.5,-6.40E-03
34.51,-6.56E-03
34.52,-6.24E-03
34.53,-6.20E-03
34.54,-7.08E-03
34.55,-8.21E-03
34.56,-9.21E-03
34.57,-9.63E-03
34.58,-9.68E-03
34.59,-1.09E-02
34.6,-1.35E-02
34.61,-1.52E-02
34.62,-1.54E-02
34.63,-1.50E-02
34.64,-1.35E-02
34.65,-1.12E-02
34.66,-9.61E-03
34.67,-7.60E-03
34.68,-5.26E-03
34.69,-4.34E-03
34.7,-2.88E-03
34.71,-8.24E-04
34.72,-5.42E-04
34.73,-9.80E-04
34.74,2.29E-04
34.75,1.86E-03
34.76,3.32E-03
34.77,4.31E-03
34.78,3.38E-03
34.79,2.52E-03
34.8,2.64E-03
34.81,2.79E-03
34.82,3.14E-03
34.83,3.17E-03
34.84,2.17E-03
34.85,1.20E-03
34.86,1.37E-03
34.87,1.91E-03
34.88,1.82E-03
34.89,1.31E-03
34.9,1.04E-03
34.91,1.58E-03
34.92,3.11E-03
34.93,5.35E-03
34.94,6.76E-03
34.95,7.33E-03
34.96,8.67E-03
34.97,9.85E-03
34.98,8.35E-03
34.99,6.45E-03
35,5.85E-03
35.01,5.78E-03
35.02,6.58E-03
35.03,7.73E-03
35.04,8.03E-03
35.05,7.85E-03
35.06,8.01E-03
35.07,7.61E-03
35.08,7.05E-03
35.09,6.34E-03
35.1,4.62E-03
35.11,2.72E-03
35.12,1.30E-03
35.13,1.33E-04
35.14,-1.87E-04
35.15,8.30E-05
35.16,1.01E-03
35.17,2.44E-03
35.18,2.79E-03
35.19,3.02E-03
35.2,3.92E-03
35.21,5.47E-03
35.22,7.05E-03
35.23,7.71E-03
35.24,7.05E-03
35.25,6.24E-03
35.26,5.19E-03
35.27,3.29E-03
35.28,1.90E-03
35.29,1.23E-03
35.3,9.45E-04
35.31,1.22E-03
35.32,1.69E-03
35.33,2.10E-03
35.34,3.36E-03
35.35,4.21E-03
35.36,4.29E-03
35.37,4.52E-03
35.38,3.05E-03
35.39,9.19E-04
35.4,-7.01E-04
35.41,-1.24E-03
35.42,-8.38E-04
35.43,-1.14E-03
35.44,-2.95E-03
35.45,-3.98E-03
35.46,-3.62E-03
35.47,-3.66E-03
35.48,-3.54E-03
35.49,-2.94E-03
35.5,-2.96E-03
35.51,-2.83E-03
35.52,-1.90E-03
35.53,-1.26E-03
35.54,-3.60E-04
35.55,-1.57E-04
35.56,-1.13E-03
35.57,-2.62E-03
35.58,-5.55E-03
35.59,-8.70E-03
35.6,-1.01E-02
35.61,-1.01E-02
35.62,-9.86E-03
35.63,-9.71E-03
35.64,-9.91E-03
35.65,-1.08E-02
35.66,-1.15E-02
35.67,-1.08E-02
35.68,-9.91E-03
35.69,-9.65E-03
35.7,-9.56E-03
35.71,-9.37E-03
35.72,-9.19E-03
35.73,-9.56E-03
35.74,-9.93E-03
35.75,-9.97E-03
35.76,-1.00E-02
35.77,-1.01E-02
35.78,-9.61E-03
35.79,-8.30E-03
35.8,-7.11E-03
35.81,-6.30E-03
35.82,-5.03E-03
35.83,-5.10E-03
35.84,-5.85E-03
35.85,-5.43E-03
35.86,-4.35E-03
35.87,-2.95E-03
35.88,-1.86E-03
35.89,-1.71E-03
35.9,-1.81E-03
35.91,-1.29E-03
35.92,-1.62E-03
35.93,-2.66E-03
35.94,-2.71E-03
35.95,-1.39E-03
35.96,-3.58E-04
35.97,7.20E-04
35.98,1.34E-03
35.99,1.73E-03
36,2.91E-03
36.01,4.53E-03
36.02,5.40E-03
36.03,5.50E-03
36.04,6.54E-03
36.05,7.67E-03
36.06,8.11E-03
36.07,9.33E-03
36.08,9.76E-03
36.09,8.12E-03
36.1,6.65E-03
36.11,5.55E-03
36.12,4.16E-03
36.13,3.00E-03
36.14,2.41E-03
36.15,1.75E-03
36.16,1.12E-03
36.17,-2.14E-04
36.18,-2.10E-03
36.19,-2.79E-03
36.2,-1.80E-03
36.21,-4.52E-04
36.22,8.40E-04
36.23,1.75E-03
36.24,2.69E-03
36.25,3.99E-03
36.26,5.23E-03
36.27,5.79E-03
36.28,6.28E-03
36.29,7.13E-03
36.3,7.54E-03
36.31,7.39E-03
36.32,6.35E-03
36.33,4.50E-03
36.34,3.25E-03
36.35,2.67E-03
36.36,2.81E-03
36.37,3.17E-03
36.38,1.06E-03
36.39,-2.19E-03
36.4,-3.97E-03
36.41,-4.65E-03
36.42,-5.67E-03
36.43,-7.27E-03
36.44,-7.63E-03
36.45,-6.38E-03
36.46,-4.91E-03
36.47,-4.18E-03
36.48,-4.66E-03
36.49,-4.99E-03
36.5,-3.83E-03
36.51,-1.28E-03
36.52,9.57E-04
36.53,8.97E-04
36.54,-3.87E-04
36.55,-1.34E-03
36.56,-1.04E-03
36.57,-9.88E-06
36.58,6.32E-04
36.59,1.06E-03
36.6,1.23E-03
36.61,7.99E-04
36.62,-5.22E-04
36.63,-1.71E-03
36.64,-2.16E-03
36.65,-2.66E-03
36.66,-2.60E-03
36.67,-3.67E-04
36.68,1.85E-03
36.69,2.31E-03
36.7,2.83E-03
36.71,4.12E-03
36.72,5.14E-03
36.73,5.14E-03
36.74,4.90E-03
36.75,5.92E-03
36.76,7.12E-03
36.77,6.72E-03
36.78,5.55E-03
36.79,5.34E-03
36.8,5.92E-03
36.81,5.87E-03
36.82,5.96E-03
36.83,5.55E-03
36.84,4.06E-03
36.85,2.85E-03
36.86,3.13E-03
36.87,3.96E-03
36.88,4.53E-03
36.89,4.88E-03
36.9,4.89E-03
36.91,5.72E-03
36.92,6.75E-03
36.93,7.56E-03
36.94,8.75E-03
36.95,9.62E-03
36.96,9.96E-03
36.97,1.07E-02
36.98,9.64E-03
36.99,6.85E-03
37,4.58E-03
37.01,3.49E-03
37.02,2.78E-03
37.03,1.90E-03
37.04,1.31E-03
37.05,8.52E-04
37.06,4.06E-04
37.07,-3.03E-04
37.08,-6.17E-04
37.09,5.76E-04
37.1,1.90E-03
37.11,2.36E-03
37.12,2.09E-03
37.13,4.69E-04
37.14,-1.11E-03
37.15,-1.47E-03
37.16,-1.35E-03
37.17,-1.49E-03
37.18,-2.87E-03
37.19,-4.45E-03
37.2,-5.39E-03
37.21,-6.56E-03
37.22,-8.44E-03
37.23,-1.00E-02
37.24,-1.10E-02
37.25,-1.19E-02
37.26,-1.24E-02
37.27,-1.30E-02
37.28,-1.26E-02
37.29,-1.09E-02
37.3,-9.85E-03
37.31,-9.82E-03
37.32,-9.99E-03
37.33,-9.92E-03
37.34,-9.57E-03
37.35,-9.04E-03
37.36,-7.79E-03
37.37,-5.41E-03
37.38,-4.83E-03
37.39,-6.28E-03
37.4,-7.24E-03
37.41,-7.46E-03
37.42,-7.63E-03
37.43,-8.43E-03
37.44,-8.90E-03
37.45,-8.27E-03
37.46,-7.24E-03
37.47,-6.90E-03
37.48,-6.11E-03
37.49,-3.95E-03
37.5,-2.49E-03
37.51,-2.72E-03
37.52,-3.58E-03
37.53,-3.82E-03
37.54,-2.82E-03
37.55,-1.98E-03
37.56,-1.75E-03
37.57,-8.18E-04
37.58,-5.77E-04
37.59,-3.16E-04
37.6,1.15E-03
37.61,2.95E-03
37.62,4.15E-03
37.63,4.65E-03
37.64,5.50E-03
37.65,6.35E-03
37.66,6.31E-03
37.67,4.53E-03
37.68,2.21E-03
37.69,8.80E-04
37.7,-4.90E-04
37.71,-1.50E-03
37.72,-1.06E-03
37.73,-1.08E-03
37.74,-1.28E-03
37.75,-5.27E-04
37.76,1.38E-04
37.77,8.85E-04
37.78,1.40E-03
37.79,1.40E-03
37.8,1.25E-03
37.81,6.24E-04
37.82,-6.71E-04
37.83,-1.48E-03
37.84,-1.23E-03
37.85,-7.69E-04
37.86,-1.95E-04
37.87,7.19E-04
37.88,1.40E-03
37.89,1.84E-03
37.9,2.25E-03
37.91,3.20E-03
37.92,4.63E-03
37.93,4.54E-03
37.94,3.42E-03
37.95,2.77E-03
37.96,3.29E-03
37.97,5.00E-03
37.98,5.11E-03
37.99,3.28E-03
38,2.13E-03
38.01,2.34E-03
38.02,3.15E-03
38.03,3.43E-03
38.04,2.90E-03
38.05,2.40E-03
38.06,3.08E-03
38.07,4.71E-03
38.08,6.27E-03
38.09,7.18E-03
38.1,7.41E-03
38.11,7.79E-03
38.12,7.95E-03
38.13,6.24E-03
38.14,3.84E-03
38.15,2.69E-03
38.16,2.53E-03
38.17,2.20E-03
38.18,9.00E-04
38.19,-3.35E-04
38.2,-2.36E-04
38.21,6.37E-04
38.22,1.28E-03
38.23,1.87E-03
38.24,2.45E-03
38.25,2.19E-03
38.26,2.40E-03
38.27,3.59E-03
38.28,3.19E-03
38.29,1.65E-03
38.3,1.12E-03
38.31,1.32E-03
38.32,1.32E-03
38.33,1.07E-03
38.34,1.28E-03
38.35,1.99E-03
38.36,3.09E-03
38.37,4.03E-03
38.38,4.18E-03
38.39,4.19E-03
38.4,3.80E-03
38.41,2.79E-03
38.42,1.82E-03
38.43,1.04E-03
38.44,6.80E-04
38.45,6.03E-04
38.46,-7.86E-05
38.47,-9.85E-04
38.48,-1.52E-03
38.49,-2.25E-03
38.5,-2.63E-03
38.51,-1.72E-03
38.52,-4.21E-04
38.53,-5.86E-04
38.54,-1.65E-03
38.55,-1.74E-03
38.56,-1.19E-03
38.57,-1.42E-03
38.58,-2.68E-03
38.59,-4.28E-03
38.6,-5.22E-03
38.61,-5.04E-03
38.62,-4.43E-03
38.63,-4.28E-03
38.64,-4.09E-03
38.65,-3.76E-03
38.66,-3.38E-03
38.67,-2.84E-03
38.68,-2.45E-03
38.69,-1.94E-03
38.7,-1.06E-03
38.71,-3.60E-04
38.72,-7.47E-04
38.73,-1.90E-03
38.74,-2.65E-03
38.75,-2.85E-03
38.76,-2.20E-03
38.77,-1.26E-03
38.78,-1.40E-03
38.79,-2.17E-03
38.8,-2.10E-03
38.81,-1.75E-03
38.82,-2.16E-03
38.83,-2.69E-03
38.84,-2.92E-03
38.85,-3.49E-03
38.86,-4.24E-03
38.87,-4.43E-03
38.88,-4.04E-03
38.89,-3.48E-03
38.9,-3.51E-03
38.91,-3.28E-03
38.92,-2.33E-03
38.93,-1.24E-03
38.94,-1.72E-04
38.95,7.21E-04
38.96,8.17E-04
38.97,2.78E-04
38.98,4.40E-05
38.99,4.98E-04
39,1.04E-03
39.01,1.24E-03
39.02,1.19E-03
39.03,9.13E-04
39.04,5.78E-04
39.05,1.74E-04
39.06,5.48E-05
39.07,2.23E-04
39.08,-1.44E-04
39.09,-8.57E-04
39.1,-1.17E-03
39.11,-1.17E-03
39.12,-1.32E-03
39.13,-1.93E-03
39.14,-2.61E-03
39.15,-2.81E-03
39.16,-2.28E-03
39.17,-1.67E-03
39.18,-1.39E-03
39.19,-1.14E-03
39.2,-6.68E-04
39.21,3.47E-04
39.22,1.37E-03
39.23,1.38E-03
39.24,7.70E-04
39.25,5.66E-04
39.26,5.88E-04
39.27,7.54E-04
39.28,9.09E-04
39.29,8.95E-04
39.3,9.88E-04
39.31,1.27E-03
39.32,1.66E-03
39.33,1.91E-03
39.34,1.91E-03
39.35,1.60E-03
39.36,1.26E-03
39.37,1.26E-03
39.38,1.48E-03
39.39,1.64E-03
39.4,1.50E-03
39.41,1.51E-03
39.42,2.02E-03
39.43,2.46E-03
39.44,2.55E-03
39.45,2.81E-03
39.46,3.02E-03
39.47,2.80E-03
39.48,2.45E-03
39.49,2.19E-03
39.5,1.95E-03
39.51,1.78E-03
39.52,1.66E-03
39.53,1.47E-03
39.54,1.22E-03
39.55,9.33E-04
39.56,8.27E-04
39.57,8.58E-04
39.58,6.80E-04
39.59,5.22E-04
39.6,5.63E-04
39.61,5.95E-04
39.62,5.23E-04
39.63,3.80E-04
39.64,3.05E-04
39.65,4.18E-04
39.66,6.51E-04
39.67,8.76E-04
39.68,1.09E-03
39.69,1.19E-03
39.7,1.11E-03
39.71,1.10E-03
39.72,1.16E-03
39.73,1.14E-03
39.74,9.91E-04
39.75,7.93E-04
39.76,6.35E-04
39.77,5.39E-04
39.78,3.51E-04
39.79,1.37E-04
39.8,8.08E-05
39.81,1.05E-04
39.82,5.81E-05
39.83,5.43E-05
39.84,1.40E-04
39.85,2.91E-04
39.86,4.41E-04
39.87,5.01E-04
39.88,5.48E-04
39.89,5.90E-04
39.9,5.70E-04
39.91,5.30E-04
39.92,5.16E-04
39.93,4.77E-04
39.94,4.08E-04
39.95,3.52E-04
39.96,3.65E-04
39.97,3.78E-04
39.98,2.12E-04
39.99,-9.43E-06
40,-1.17E-04
40.01,-1.69E-04
40.02,-2.71E-04
40.03,-3.95E-04
40.04,-4.73E-04
40.05,-5.07E-04
40.06,-4.75E-04
40.07,-4.02E-04
40.08,-3.21E-04
40.09,-2.31E-04
40.1,-1.52E-04
40.11,-1.05E-04
40.12,-8.79E-05
40.13,-1.03E-04
40.14,-1.45E-04
40.15,-1.94E-04
40.16,-2.31E-04
40.17,-2.30E-04
40.18,-2.18E-04
40.19,-2.13E-04
40.2,-2.05E-04
40.21,-1.85E-04
40.22,-1.63E-04
40.23,-1.64E-04
40.24,-1.77E-04
40.25,-1.74E-04
40.26,-1.53E-04
40.27,-1.50E-04
40.28,-1.59E-04
40.29,-1.60E-04
40.3,-1.60E-04
40.31,-1.57E-04
40.32,-1.44E-04
40.33,-1.37E-04
40.34,-1.32E-04
40.35,-1.12E-04
40.36,-8.27E-05
40.37,-6.65E-05
40.38,-7.76E-05
40.39,-9.56E-05
40.4,-9.33E-05
40.41,-7.98E-05
40.42,-7.82E-05
40.43,-8.46E-05
40.44,-8.38E-05
40.45,-8.28E-05
40.46,-8.68E-05
40.47,-9.24E-05
40.48,-9.29E-05
40.49,-8.87E-05
40.5,-8.72E-05
40.51,-9.10E-05
40.52,-9.86E-05
40.53,-1.10E-04
40.54,-1.24E-04
40.55,-1.33E-04
40.56,-1.39E-04
40.57,-1.43E-04
40.58,-1.46E-04
40.59,-1.48E-04
40.6,-1.49E-04
40.61,-1.50E-04
40.62,-1.52E-04
40.63,-1.55E-04
40.64,-1.58E-04
40.65,-1.60E-04
40.66,-1.62E-04
40.67,-1.66E-04
40.68,-1.70E-04
40.69,-1.73E-04
40.7,-1.76E-04
40.71,-1.78E-04
40.72,-1.81E-04
40.73,-1.84E-04
40.74,-1.87E-04
40.75,-1.90E-04
40.76,-1.93E-04
40.77,-1.96E-04
40.78,-1.99E-04
40.79,-2.02E-04
40.8,-2.05E-04
40.81,-2.08E-04
40.82,-2.11E-04
40.83,-2.14E-04
40.84,-2.17E-04
40.85,-2.20E-04
40.86,-2.23E-04
40.87,-2.26E-04
40.88,-2.29E-04
40.89,-2.31E-04
40.9,-2.34E-04
40.91,-2.37E-04
40.92,-2.40E-04
40.93,-2.43E-04
40.94,-2.45E-04
40.95,-2.48E-04
40.96,-2.51E-04
