Time (s),Displacement (in),Velocity (in/s),Acceleration (in/s^2),Acceleration (in/sÂ²)
0.02,0.0,0.0,-0.57915,
0.04,-0.00018206350072985086,-0.018206350072985086,-1.2414850072985086,
0.06,-0.0006791356038127138,-0.0315008602353012,-0.08796600893310291,
0.08,-0.001305455810268627,-0.03113116041029012,0.12493599143421091,
0.1,-0.0018662993755235418,-0.02495319611520136,0.4928604380746651,
0.12,-0.002275292401074552,-0.015946106439899653,0.40784852945550526,
0.14,-0.002457836687102672,-0.0023083221629123674,0.9559298982432234,
0.16,-0.0023219440067025164,0.01589759020292795,0.8646613383408079,
0.18,-0.001965857814469908,0.019711029020332907,-0.483317456600312,
0.2,-0.0016340782190892632,0.013466930517731557,-0.14109239365982285,
0.22,-0.0014343540151732024,0.006505489873874521,-0.5550516707258808,
0.24,-0.001344694831197919,0.00246042852365381,0.15054553570380974,
0.26,-0.0014109693093440879,-0.009087876338270687,-1.3053760218962593,
0.28,-0.0017592150368418028,-0.025736696411500802,-0.35950598542675216,
0.3,-0.002318565606114805,-0.03019836051579941,-0.08666042500310872,
0.32,-0.0027557218800726437,-0.013517266879984467,1.754769788584603,
0.34,-0.002728512679409839,0.016238186946264947,1.2207755940403384,
0.36,-0.002247725963108986,0.031840484683820336,0.3394541797152004,
0.38,-0.0014982519500940502,0.043106916617673255,0.7871890136700916,
0.4,-0.000534947704160325,0.05322350797569927,0.2244701221325096,
0.42,0.000742622947189678,0.07453355715930103,1.9065347962276662,
0.44,0.0020884037511252735,0.06004452323425853,-3.3554381887319162,
0.46,0.0028146953936064555,0.012584641013859671,-1.3905500333079694,
0.48,0.0027107961052495657,-0.022974569849548647,-2.1653710530328625,
0.5,0.0022790759330731125,-0.02019744736809668,2.4430833011780595,
0.52,0.002023565492531881,-0.005353596686026476,-0.9586982329710392,
0.54,0.0017433740725706652,-0.022665545310095098,-0.7724966294358226,
0.56,0.0013217906173977382,-0.019492800207197604,1.0897711397255718,
0.58,0.0013379978933228298,0.021113527799706773,2.9708616609648657,
0.6,0.0022608918203056807,0.07117586489857831,2.0353720489222886,
0.62,0.003074799084789607,0.010214861549814346,-8.131472383798686,
0.64,0.002913724755180462,-0.02632229451072888,4.477756777744363,
0.66,0.0028658859020442647,0.021538409197109157,0.30831359303943984,
0.68,0.0032037185113167853,0.0122448517301429,-1.2376693397360654,
0.7,0.0029109239508466633,-0.0415243077771551,-4.139246610993735,
0.72,0.0016407541760941392,-0.08549266969809731,-0.25758958110048624,
0.74,0.00016573712060365621,-0.06200903585095098,2.6059529658151193,
0.76,-0.0011511822911107225,-0.06968290532048688,-3.373339912768709,
0.78,-0.0025237261506379743,-0.06757148063223832,3.584482381593565,
0.8,-0.003347995820121704,-0.01485548631613464,1.687117050016803,
0.82,-0.003355653656423313,0.014089702685973735,1.2074018501940347,
0.84,-0.002805847645670447,0.04089089838931286,1.4727177201398778,
0.86,-0.0018833217369596392,0.05136169248176791,-0.42563831089437265,
0.88,-0.0005311538867546721,0.08385509253872882,3.674978316590463,
0.9,0.0012947651460671603,0.09873681074345445,-2.1868064961179003,
0.92,0.0027638166658348843,0.04816834123331793,-2.8700404548957508,
0.94,0.0032621296274843387,0.0016629549316275055,-1.7804981752732916,
0.96,0.0028235644786677814,-0.04551946981328324,-2.9377442992177825,
0.98,0.001542935518247414,-0.0825434262287535,-0.7646513423292438,
1.0,-0.00025499714172710973,-0.09724983976869886,-0.7059900116652913,
1.02,-0.002000748447813014,-0.07732529083989159,2.698444904546019,
1.04,-0.003624042187363607,-0.08500408311516766,-3.466324132073626,
1.06,-0.005363528118648183,-0.08894451001328992,3.0722814422614007,
1.08,-0.006407971912913655,-0.015499869413257358,4.272182617741855,
1.1,-0.00639559681128482,0.016737379576140944,-1.048457718802025,
1.12,-0.006114747455982996,0.01134755595404138,0.5094753565920684,
1.14,-0.005363368115613727,0.06379037808288553,4.734806856292346,
1.16,-0.002911594896183758,0.18138694386011142,7.024849721430243,
1.18,0.001040381813251532,0.2138107270834175,-3.7824713990996344,
1.2,0.004965071678642463,0.17865825945567557,0.2672246363254418,
1.22,0.008343680929093928,0.15920266558947088,-2.21278402294591,
1.24,0.011160561699933937,0.12248541149453,-1.4589413865481777,
1.26,0.012728619871387539,0.034320405650830194,-7.357559197821804,
1.28,0.011546029151919442,-0.15257947759763987,-11.332429127025204,
1.3,0.0074341450020227315,-0.2586089373920311,0.7294831475860786,
1.32,0.0029200902093950037,-0.19279654187074163,5.851756404542871,
1.34,0.0005000722163797341,-0.049205257430785326,8.507372039452758,
1.36,0.0006773424427767372,0.06693228007048566,3.1063817106743397,
1.38,0.002358073759126305,0.10114085156447111,0.31447543872420525,
1.4,0.004640109424701185,0.12706271499301688,2.2777109041303727,
1.42,0.007864017212046081,0.19532806374147277,4.548823970715215,
1.44,0.011842961454128244,0.20256636046674353,-3.8249942981881375,
1.46,0.014614761551277632,0.07461364924819514,-8.970276823666701,
1.48,0.01451861325965182,-0.08422847841077624,-6.913935942230436,
1.5,0.011965346429092041,-0.17109820464520167,-1.7730366812121066,
1.52,0.008393552863326324,-0.18608115193137006,0.27474195259526635,
1.54,0.004602939806674041,-0.19298015373385818,-0.9646421328440781,
1.56,0.0010648334599266814,-0.16083048094087782,4.179609412142116,
1.58,-0.0008880455115461439,-0.03445741620640472,8.457697061305193,
1.6,-0.0005492709082278854,0.06833487653823057,1.821532213158335,
1.62,0.0011455011279338453,0.10114232707794249,1.4592128408128566,
1.64,0.0033157689326789967,0.11588445339657266,0.014999791050160916,
1.66,0.005391678750048313,0.09170652834035894,-2.4327922966715323,
1.68,0.0068829790891316665,0.0574235055679764,-0.9955099805667218,
1.7,0.00742864570348268,-0.0028568441328750277,-5.032524989518421,
1.72,0.005889187711130558,-0.15108895510233722,-9.790686107427797,
1.74,0.002256998034395035,-0.21213001257121505,3.686580360540014,
1.76,-0.0010235013891173408,-0.11591992978002248,5.934427918579243,
1.78,-0.0029865565686521536,-0.08038558817345878,-2.3809937579228735,
1.8,-0.005106103265179273,-0.1315690814792532,-2.737355572656568,
1.82,-0.007920809078075243,-0.14990149981034379,0.9041137395475094,
1.84,-0.010452367891987372,-0.10325438158086904,3.760598083399965,
1.86,-0.011758830095629728,-0.02739183878336654,3.825656196350285,
1.88,-0.011316664243053701,0.07160842404096922,6.074370086083291,
1.9,-0.008636584490951841,0.19639955116921679,6.4047426267414655,
1.92,-0.0031873013127311518,0.34852876665285215,8.80817892162207,
1.94,0.004590002522950485,0.4292016169153115,-0.7408938953761339,
1.96,0.01279926938152146,0.39172506894178594,-3.0067609019764245,
1.98,0.019554225137877822,0.2837705066938502,-7.78869532281715,
2.0,0.023362912065285752,0.09709818604694284,-10.878536741873583,
2.02,0.02298987965198213,-0.13440142737730512,-12.271424600551212,
2.04,0.018296892880339498,-0.334897249786958,-7.7781576404140775,
2.06,0.01113271907537465,-0.38152013070952673,3.115869548157205,
2.08,0.004434473675922321,-0.28830440923570616,6.205702599224853,
2.1,-0.0004882819208928763,-0.20397115044581354,2.2276232797644084,
2.12,-0.0047973051739624,-0.22693117486113884,-4.5236257212969395,
2.14,-0.008352712735896566,-0.12860958133227773,14.355785074183052,
2.16,-0.00849449529832272,0.11443132508966228,9.94830556801095,
2.18,-0.00481326794656174,0.25369141008643575,3.9777029316663963,
2.2,0.0003265334821496146,0.2602887327846997,-3.3179706618399996,
2.22,0.004646844260347803,0.17174234503511907,-5.536668113118066,
2.24,0.006196860978668797,-0.01674067320301964,-13.311633710695805,
2.26,0.0026138498688986944,-0.34156043777399064,-19.170342746401293,
2.28,-0.006273823723520244,-0.5472069214679032,-1.3943056229899646,
2.3,-0.016722977535756824,-0.49770845975575473,6.34415179420481,
2.32,-0.024982269879507423,-0.3282207746193051,10.604616719440152,
2.34,-0.029271635876205074,-0.10071582505046003,12.145878237444354,
2.36,-0.028893021797069804,0.1385772329639871,11.783427564000359,
2.38,-0.02301011705351475,0.4497132413915181,19.33017327875274,
2.4,-0.011519829397966306,0.6993155241633264,5.6300549984281005,
2.42,0.0018683683694427197,0.6395042525775761,-11.611182157003132,
2.44,0.013093151310147837,0.48297404149293555,-4.041838951460928,
2.46,0.022074885554306024,0.4151993829228831,-2.7356269055443168,
2.48,0.03071631822388919,0.44894388403543367,6.110077016799371,
2.5,0.03933776966691147,0.41320126026679443,-9.684339393663295,
2.52,0.04545397550027936,0.19841932306999438,-11.793854326016708,
2.54,0.04629335306090645,-0.11448156700728557,-19.496234681711286,
2.56,0.04004922254654674,-0.5099314844286853,-20.048757060428684,
2.58,0.027730860729070755,-0.7219046973189134,-1.1485642285941182,
2.6,0.013828446933533559,-0.6683366822348061,6.505365737004842,
2.62,0.002422215853053976,-0.47228642581315206,13.099659905160566,
2.64,-0.0042958553608309505,-0.19952069557534052,14.176913118620588,
2.66,-0.004757913748149382,0.15331485684349744,21.106642123263207,
2.68,0.0016559465495796925,0.48807117292941,12.36898948532805,
2.7,0.013121080868932914,0.658442259005912,4.668119122322157,
2.72,0.026043920365567498,0.6338416906575465,-7.128175957158713,
2.74,0.03762299594421183,0.524065867206887,-3.8494063879072415,
2.76,0.047311484831189486,0.44478302149087834,-4.078878183693623,
2.78,0.05473213920528158,0.2972824159183313,-10.671182373561079,
2.8,0.05757255209926112,-0.013241126520377677,-20.38117187030982,
2.82,0.05168931076606474,-0.57508300679926,-35.80301615757842,
2.84,0.03504392010255125,-1.089456059552089,-15.634289117704476,
2.86,0.01082400940309598,-1.3325350103934381,-8.673605966430433,
2.88,-0.016162742433191112,-1.366140173235271,5.313089682247151,
2.9,-0.04056439948549328,-1.0740255319949457,23.898374441785386,
2.92,-0.05622977136806574,-0.49251165626230076,34.25301313147911,
2.94,-0.05977674990658295,0.13781380241057983,28.77953273580895,
2.96,-0.053874309055247704,0.4524302827229449,2.682115295427554,
2.98,-0.04398258818091301,0.5367418047105246,5.749036903330412,
3.0,-0.03234536795545619,0.6269802178351571,3.2748044091328428,
3.02,-0.01899802187819853,0.7077543898906091,4.802612796412353,
3.04,-0.004354572401963614,0.7565905577328825,0.08100398781499063,
3.06,0.009274669951821194,0.6063336776455982,-15.106691996543422,
3.08,0.017898349409716265,0.2560342681439089,-19.923248953625507,
3.1,0.018316548876909543,-0.21421432142458108,-27.101610003223488,
3.12,0.009632975471866801,-0.6541430190796932,-16.89125976228772,
3.14,-0.00411440158176423,-0.72059468628341,10.246093041916044,
3.16,-0.013974401629920783,-0.2654053185322452,35.27284373320043,
3.18,-0.012398665177653671,0.42297896375895633,33.56558449591972,
3.2,-0.00014322964604102784,0.802564589402308,4.392978068415445,
3.22,0.013643626882053483,0.576121063407143,-27.037330667931954,
3.24,0.019089752090417064,-0.03150854257078495,-33.72562992986084,
3.26,0.011608838206163052,-0.7165828458546163,-34.7818003985223,
3.28,-0.0071658967938202775,-1.1608906541437167,-9.648980430387745,
3.3,-0.02790991794985297,-0.9135114614595523,34.386899698804186,
3.32,-0.037208688251328836,-0.016365568688034293,55.327689578347616,
3.34,-0.027138748193580906,1.0233595744628277,48.644824736738556,
3.36,-7.611193445731164e-05,1.6829040514495317,17.30962296193185,
3.38,0.03195628461056883,1.5203356030530828,-33.566467801576735,
3.4,0.052320633528541965,0.5160992887442302,-66.85716362930852,
3.42,0.0509181774119984,-0.6563449003985866,-50.38725528497315,
3.44,0.03135303780733845,-1.3001690600674083,-13.995160681909013,
3.46,0.005135918004689565,-1.3215429201974804,11.857774668901788,
3.48,-0.018800875619029257,-1.0721364421744017,13.08287313340608,
3.5,-0.03790091786405108,-0.8378677823277807,10.343992851256028,
3.52,-0.052260054068888395,-0.5980458381559509,13.638201565926947,
3.54,-0.06164211996927458,-0.34016075188266753,12.15030706140139,
3.56,-0.06726791777893698,-0.22241902908357264,-0.37613478149189916,
3.58,-0.07118132681524823,-0.16892187454755253,5.725850235093909,
3.6,-0.07288171742100655,-0.0011171860282788992,11.054618616833455,
3.62,-0.07043213804597427,0.24607512353150654,13.664612339145087,
3.64,-0.06224263372316365,0.5728753087495554,19.015406182659795,
3.66,-0.04789948867125371,0.861439196441439,9.840982586528561,
3.68,-0.02971289259723039,0.9572204109608928,-0.2628611345831686,
3.7,-0.009033029284006098,1.1107659203615365,15.61741207464753,
3.72,0.018641449871545705,1.6566819951936438,38.9741954085632,
3.74,0.059535494697906484,2.4327224874424336,38.62985381631578,
3.76,0.11382115180451778,2.995843223218696,17.682219761310463,
3.78,0.16906235014179571,2.5282766105090975,-64.43888103227027,
3.8,0.20202086485245616,0.7675748605569463,-111.63129396294482,
3.82,0.1962470093662516,-1.3449604091774008,-99.62223301048988,
3.84,0.15136778886109514,-3.142961641338246,-80.17789020559465,
3.86,0.07581687165634121,-4.412130079137147,-46.73895357429545,
3.88,-0.018690856029236758,-5.03864268942065,-15.912307454054826,
3.9,-0.12014119901215077,-5.1063916088707515,9.137415509044668,
3.92,-0.21372787615805725,-4.252276105719896,76.27413480604088,
3.94,-0.2769434520582727,-2.069281484301649,142.0253273357838,
3.96,-0.29079515057415345,0.6841116327135741,133.31398436573852,
3.98,-0.2527020376863058,3.1251996560711928,110.79481797002333,
4.0,-0.1721148624551558,4.933517867043805,70.03700312723788,
4.02,-0.06761609728676642,5.516358649795134,-11.752924852105004,
4.04,0.03313574918456045,4.5588259973375544,-84.00034039365295,
4.06,0.10578796755767073,2.7063958399734735,-101.24267534275515,
4.08,0.14173136494122396,0.8879438983818493,-80.60251881640727,
4.1,0.14385658030531728,-0.675422361972517,-75.73410721902937,
4.12,0.11434795952933466,-2.2754397156257458,-84.26762814629348,
4.14,0.05606432281591931,-3.552923955715789,-43.48079586271085,
4.16,-0.01693520639054295,-3.7470289649304362,24.070294941246143,
4.18,-0.08528298910618609,-3.087749306633877,41.85767088840976,
4.2,-0.13770023248318933,-2.1539750310664467,51.51975666833329,
4.22,-0.16775817038009727,-0.8518187586243477,78.6958705758766,
4.24,-0.16723938905296626,0.903696891337449,96.85569442030308,
4.26,-0.13223138315541857,2.5971036984173193,72.48498628768397,
4.28,-0.06851745256863759,3.774289360260779,45.23357989666202,
4.3,0.013394014293535235,4.416857325956503,19.023216672910394,
4.32,0.10286696515093711,4.530437759783685,-7.665173290192218,
4.34,0.18663293406553938,3.8461591316765418,-60.762689520522116,
4.36,0.24307424464959787,1.7979719267293075,-144.0560309742013,
4.38,0.24783085242289685,-1.3223111493994102,-167.97227663867045,
4.4,0.1914384532522077,-4.316928767669504,-131.4894851883389,
4.42,0.0846922646180665,-6.357690095744616,-72.58664761917231,
4.44,-0.05216407472900685,-7.327943838962721,-24.438726702638206,
4.46,-0.19804245667282247,-7.25989435541884,31.24367505702626,
4.48,-0.32949441029996074,-5.885301007294986,106.21565975535913,
4.5,-0.4189266503534068,-3.0579229980496216,176.5221411691773,
4.52,-0.44390245413682533,0.5603426197077703,185.3044206065619,
4.54,-0.39934202117175743,3.8957006767990197,148.23138510256302,
4.56,-0.29583118010237924,6.4553834301388,107.73689023141498,
4.58,-0.15139374495988556,7.9883600841105675,45.56077516576184,
4.6,0.009594950721972924,8.110509484075282,-33.34583516929051,
4.62,0.16087262042121753,7.017257485849179,-75.97936465331973,
4.64,0.2837952816654784,5.275008638576908,-98.24552007390734,
4.66,0.36866898759912203,3.2123619547874545,-108.01914830503806,
4.68,0.41069870892748744,0.9906101780490868,-114.15602936879871,
4.7,0.407279766934674,-1.332504377330432,-118.15542616915316,
4.72,0.3614894891191391,-3.2465234042230584,-73.24647652010951,
4.74,0.28730343359031146,-4.172082148659704,-19.309397923555053,
4.76,0.20267540518584126,-4.290720691787316,7.445543610793813,
4.78,0.11732285821607118,-4.244534005189693,-2.826874951031548,
4.8,0.03193366863969581,-4.294384952447844,-2.15821977478355,
4.82,-0.05275557458223937,-4.174539369745674,14.142778045000572,
4.84,-0.13176206255234707,-3.726109427265096,30.700216203057277,
4.86,-0.1966398303841869,-2.7616673559188865,65.74399093156367,
4.88,-0.23406116921564035,-0.980466527226459,112.37609193767906,
4.9,-0.2289403055944079,1.4925528893497046,134.9258497199373,
4.92,-0.17442409200513223,3.9590684695778613,111.72570830287839,
4.94,-0.07759557483333163,5.723783247602198,64.74576949955534,
4.96,0.04382288192617331,6.4180624283482945,4.682148575054299,
4.98,0.16781297032982792,5.980946412017165,-48.39375020816724,
5.0,0.2713098508493383,4.368741639933871,-112.82672700016212,
5.02,0.33109525292495345,1.6097985676276454,-163.06758023046046,
5.04,0.32846700089395164,-1.8726237707278264,-185.1746536050867,
5.06,0.2546587177317821,-5.508204545489127,-178.38342387104336,
5.08,0.1134014319028396,-8.617524037405124,-132.5485253205564,
5.1,-0.07879093811577992,-10.60171296445683,-65.87036738461416,
5.12,-0.2923191327769296,-10.751106501658139,50.93101366448327,
5.14,-0.4862138621009472,-8.638366430743618,160.3429934269688,
5.16,-0.6215344539899049,-4.893692758152154,214.12437383217764,
5.18,-0.6750554084079712,-0.45840268365447123,229.40463361759066,
5.2,-0.6396877900233214,3.9951645221194463,215.95208695980108,
5.22,-0.5201134899438891,7.9622654858237905,180.7580094106333,
5.24,-0.3295892119229907,11.090162316266047,132.03167363359233,
5.26,-0.08909702439573398,12.959056436459623,54.85773838576526,
5.28,0.16775739479097249,12.726385482211024,-78.12483381062509,
5.3,0.3950449618230869,10.002371221000416,-194.27659231043572,
5.32,0.5506604876154603,5.55918135823692,-250.04239396591396,
5.34,0.6105167451712303,0.4264443973400862,-263.23130212376935,
5.36,0.5688093496669885,-4.597183947764272,-239.13153238666644,
5.38,0.43661169879144524,-8.622581139790054,-163.40818681591168,
5.4,0.2422991862041701,-10.808670118937462,-55.20071109882909,
5.42,0.026874381832224913,-10.733810318257058,62.68669116686955,
5.44,-0.16719390108585339,-8.67301797355077,143.39254330375934,
5.46,-0.3098921852631318,-5.59681044417707,164.22820963361073,
5.48,-0.3879693937859432,-2.210910408104071,174.36179397368915,
5.5,-0.3977732058013107,1.2305292065673208,169.78216749345006,
5.52,-0.3419751340442145,4.349277969142301,142.09270876404798,
5.54,-0.23109180918888395,6.739054516390753,96.88494596079713,
5.56,-0.08159746626842874,8.21037977565477,50.24757996560456,
5.58,0.08664434884497878,8.613801735685982,-9.905383962483448,
5.6,0.2518666024346223,7.908423623278368,-60.63242727827802,
5.62,0.39371971570725084,6.276887703984487,-102.52116465111004,
5.64,0.4957489442078907,3.926035146079495,-132.56409113938918,
5.66,0.5454711847769806,1.046188910829502,-155.4205323856101,
5.68,0.5318318259407373,-2.4101247944538366,-190.21083814272373,
5.7,0.44621122882701086,-6.151934916918807,-183.97017410377333,
5.72,0.2912378597787538,-9.345401987906897,-135.37653299503557,
5.74,0.08313470545960673,-11.464913444007813,-76.57461261505614,
5.76,-0.15357235240625544,-12.205792342578404,2.486722757997086,
5.78,-0.38761543644805563,-11.198516061601612,98.24090533968196,
5.8,-0.5832013174257744,-8.360072036170266,185.60349720345278,
5.82,-0.707354162308289,-4.0552124520811885,244.8824612054549,
5.84,-0.737054772379765,1.085151444933583,269.1539284960222,
5.86,-0.6637484116162621,6.24548463141671,246.8793901522905,
5.88,-0.4961980459020069,10.509551940008809,179.5273407069193,
5.9,-0.25775095899581485,13.335156750610395,103.03314035323939,
5.92,0.021132371478554745,14.553176296826566,18.76881426837764,
5.94,0.3065702499748633,13.990611552804289,-75.02528867060522,
5.96,0.5603687333266756,11.389236782376939,-185.11218837212982,
5.98,0.7420042679706857,6.774316682024076,-276.3798216631564,
6.0,0.8195259582697987,0.9778523478872181,-303.2666117505294,
6.02,0.7823329630045229,-4.697151874414794,-264.2338104796717,
6.04,0.6429783013050351,-9.23831429553399,-189.88243163224791,
6.06,0.4271973065784097,-12.339785177128547,-120.26465652720799,
6.08,0.16630152829868322,-13.7497926508441,-20.736090844347217,
6.1,-0.10062725314033835,-12.943085493058053,101.40680662295185,
6.12,-0.3286468141970835,-9.858870612616462,207.01468142120726,
6.14,-0.47836317171794196,-5.112765139469381,267.5958658935008,
6.16,-0.5247426633756712,0.47481597369645634,291.16224542308294,
6.18,-0.46079785191854383,5.919665172016282,253.32267440889962,
6.2,-0.30572559065610083,9.587560954228017,113.46690381227398,
6.22,-0.1039886917961361,10.586128931768455,-13.610106058230215,
6.24,0.09672791982097716,9.485532229942867,-96.44956412432853,
6.26,0.2606873713876011,6.910412926719526,-161.0623661980056,
6.28,0.3636454355210354,3.385393486623901,-191.43957781155692,
6.3,0.393404475202862,-0.40948951844124215,-188.04872269495738,
6.32,0.35034405246486344,-3.8965527553586123,-160.65760099677962,
6.34,0.24490267930047313,-6.64758456108042,-114.44557957540107,
6.36,0.09619005148322951,-8.223678220643944,-43.16378638095131,
6.38,-0.06813130869329201,-8.208457797008206,44.68582874452498,
6.4,-0.21508731108241655,-6.487142441904248,127.44570676587087,
6.42,-0.31575792847271245,-3.5799192971253415,163.27660771201977,
6.44,-0.3559226626400135,-0.4365541196047622,151.05991004003818,
6.46,-0.33466064617077546,2.5627557665285656,148.8710785732946,
6.48,-0.2569266958251119,5.21063926803779,115.91727157762779,
6.5,-0.1362574179245317,6.856288522020231,48.64765382061631,
6.52,0.0057751097413684905,7.346964244569788,0.41991843433947196,
6.54,0.14554463340344706,6.6299881216380685,-72.11753072751148,
6.56,0.256468315084082,4.462380046425428,-144.64327679375256,
6.58,0.3127168889970988,1.1624773448762507,-185.3469933611652,
6.6,0.2995409596261049,-2.4800702819756433,-178.9077693240242,
6.62,0.2190615091002083,-5.567874770614015,-129.872679539813,
6.64,0.08875921677281298,-7.462354462125516,-59.575289611337126,
6.66,-0.06382018104769012,-7.795585319924796,26.25220383140914,
6.68,-0.20807166816828426,-6.62956339213462,90.34998894760844,
6.7,-0.31800606581713164,-4.363876372750118,136.21871299084177,
6.72,-0.3757544905759024,-1.4109661031269556,159.0723139714745,
6.74,-0.37283250424268755,1.7031647364484388,152.3407699860649,
6.76,-0.3118313392629702,4.396951761523297,117.03793252142094,
6.78,-0.20476017731837798,6.310164432935923,74.28333461984164,
6.8,-0.06981272024532942,7.184581274368933,13.158349523459307,
6.82,0.07113230014110951,6.9099207642749585,-40.624400532856725,
6.84,0.19644445695690865,5.621294917304957,-88.2381841641434,
6.86,0.286591245809622,3.3933839679663746,-134.55291076971483,
6.88,0.3277545745696397,0.7229489080353964,-132.490595223383,
6.9,0.31733695390155087,-1.7647109748442786,-116.2753930645845,
6.92,0.2615026798405266,-3.8187164312581467,-89.12515257680232,
6.94,0.171178653331591,-5.213686219635415,-50.37182626092445,
6.96,0.06287206058573468,-5.616973054950217,10.043142729444256,
6.98,-0.04156915506457084,-4.827148510080334,68.939311757544,
7.0,-0.1192097964535933,-2.936915628821912,120.08397636829818,
7.02,-0.1536787610381593,-0.509980829634689,122.60950355042408,
7.04,-0.14356892210485805,1.5209647229648144,80.48505170952626,
7.06,-0.10139992422213175,2.6959350653078165,37.01198252477394,
7.08,-0.04542472032216705,2.901585324688653,-16.446956586690288,
7.1,0.006266428328168093,2.267529540344861,-46.95862184768892,
7.12,0.04052742840760049,1.1585704675983788,-63.93728542695929,
7.14,0.050890071650236374,-0.12230614333479095,-64.15037566635768,
7.16,0.03692123594913353,-1.2745774267754932,-51.07675267771255,
7.18,0.0033720432630586546,-2.080341841831994,-29.49968882793756,
7.2,-0.04071110738400347,-2.3279732228742187,4.736550723715119,
7.22,-0.08384765784005939,-1.9856818227313733,29.49258929056942,
7.24,-0.1166793461879336,-1.2974870120560482,39.32689177696309,
7.26,-0.13659249208775862,-0.693827577926453,21.039051635996437,
7.28,-0.14887935423286414,-0.5348586365840989,-5.142157501761034,
7.3,-0.16123249558039773,-0.7004554981692608,-11.417528656755152,
7.32,-0.17730363576484207,-0.9066585202751725,-9.202773553836014,
7.34,-0.1945139268975854,-0.8143705929991607,18.431566281437192,
7.36,-0.20417912025397583,-0.15214874263988265,47.790618754490616,
7.38,-0.19668681238973473,0.9013795290639925,57.5622084158969,
7.4,-0.16540619058910316,2.2266826509991646,74.96810377762031,
7.42,-0.10579839255172345,3.7340971527388067,75.7733463963439,
7.44,-0.018674129384394483,4.978329163994089,48.64985472918431,
7.46,0.08661816236913378,5.550900011358737,8.607230007280478,
7.48,0.1944783953055383,5.235123282281714,-40.18490291498267,
7.5,0.2878828332677817,4.105320513942625,-72.7953739189262,
7.52,0.351894726892079,2.2958688484871073,-108.14979262662558,
7.54,0.3699485724959017,-0.4904842881048399,-170.48552103256912,
7.56,0.32424022370158745,-4.080350591326583,-188.5011092896052,
7.58,0.21111767932773948,-7.231903846058214,-126.65421618355782,
7.6,0.05057482513406745,-8.822381573308988,-32.393556541519644,
7.62,-0.12423567580208719,-8.658668520306476,48.76486184177086,
7.64,-0.2815277945744064,-7.070543356925446,110.04765449633209,
7.66,-0.3952301094959166,-4.299688135225571,167.0378676736554,
7.68,-0.4432869227527956,-0.5059931904623278,212.3316268026689,
7.7,-0.41391592641023167,3.4430928247187182,182.5769747154357,
7.72,-0.31615632258716536,6.332867557587914,106.40049857148381,
7.74,-0.17507830245170916,7.774934455957706,37.80619126549544,
7.76,-0.017138881484636336,8.019007640749578,-13.398872786308353,
7.78,0.13624621498608644,7.319502006322697,-56.551690656379726,
7.8,0.26537870879661585,5.593747374730245,-116.02377250286548,
7.82,0.34944146318397107,2.8125280640052766,-162.09815856963132,
7.84,0.371371365202968,-0.6195378621055854,-181.10843404145487,
7.86,0.3270351140855715,-3.814087249634062,-138.3465047113928,
7.88,0.23061484355923154,-5.827939802999936,-63.038750625194524,
7.9,0.10587578317443425,-6.645966235479793,-18.763892622791175,
7.92,-0.027842577152176456,-6.725869797181276,10.773536452642858,
7.94,-0.15500725950406327,-5.990598438007407,62.75359946474411,
7.96,-0.2562434939424361,-4.133025005829879,123.00374375300872,
7.98,-0.3117806713773882,-1.4206927376653278,148.22948306344637,
8.0,-0.31073777833035116,1.5249820423690306,146.33799493998947,
8.02,-0.254537462393356,4.095049551330485,110.6687559561559,
8.04,-0.15612947656479959,5.745749031525158,54.401192063311385,
8.06,-0.03381447828255816,6.485750796698986,19.59898445407144,
8.08,0.0960575560472743,6.501452636284261,-18.02880049554396,
8.1,0.21480859356981602,5.37365111596991,-94.75135153589122,
8.12,0.2986016476329553,3.0056542903440198,-142.04833102669778,
8.14,0.33268630432570356,0.4028113789308039,-118.23596011462382,
8.16,0.3203198630318233,-1.63945550831883,-85.99072861033954,
8.18,0.2729136443349483,-3.10116636136867,-60.180356694644445,
8.2,0.20224100182994323,-3.9660978891318366,-26.312796081672204,
8.22,0.11960706583864618,-4.297295709997869,-6.806986004930977,
8.24,0.0313486983141899,-4.528541042447761,-16.31754724005822,
8.26,-0.06097164792844848,-4.703493581816078,-1.177706696773491,
8.28,-0.15038698152796065,-4.238039778135139,47.72308706486738,
8.3,-0.22235515661289001,-2.958777730357797,80.20311771286686,
8.32,-0.26268419562660705,-1.0741261710139065,108.26203822152218,
8.34,-0.26011951138060463,1.3305945956141494,132.2100384412834,
8.36,-0.20863451145292838,3.817905397153475,116.52104171264918,
8.38,-0.11366122762795333,5.679422985344029,69.63071710640628,
8.4,0.0072898452543097856,6.4156843028822825,3.9954146474190395,
8.42,0.12977194254933408,5.832525426620148,-62.31130227363258,
8.44,0.22883673950940256,4.0739542693867,-113.54581344971217,
8.46,0.28395077872560465,1.437449652233508,-150.104648265607,
8.48,0.2822029694385093,-1.6122305809430415,-154.86337505204796,
8.5,0.22266130378645377,-4.341935984262513,-118.10716527989916,
8.52,0.11790713634375802,-6.133480760007062,-61.04731229455581,
8.54,-0.010175738889016165,-6.674806763270355,6.914711968226534,
8.56,-0.13506124911914236,-5.813744259742263,79.1915383845826,
8.58,-0.23172413304443518,-3.852544132787019,116.9284743109418,
8.6,-0.2844598962355623,-1.4210321863256916,126.22272033519096,
8.62,-0.287141094191586,1.1529123907233192,131.17173736971012,
8.64,-0.23846952147512615,3.7142448809226667,124.96151165022462,
8.66,-0.142023421846958,5.93036508189415,96.65050844692368,
8.68,-0.009312521634021092,7.3407249393995375,44.38547730361506,
8.7,0.1391175806157742,7.502285285579994,-28.22944268556946,
8.72,0.27634066224935916,6.220022877778501,-99.99679809457987,
8.74,0.37659036846713695,3.8049477439992785,-141.51071528334236,
8.76,0.42280877232513764,0.8168926418007909,-157.2947949365064,
8.78,0.40842411994989003,-2.255357879325552,-149.93025717612787,
8.8,0.33677987727566283,-4.909066388097168,-115.44059370103369,
8.82,0.22016038868161616,-6.752882471307499,-68.94101461999944,
8.84,0.075867347670962,-7.676421629757917,-23.412901225042333,
8.86,-0.07770942708370286,-7.681255845708567,22.92947962997735,
8.88,-0.21959774723849848,-6.507576169770995,94.43848796377988,
8.9,-0.32509940751488803,-4.042589857867958,152.06014322652373,
8.92,-0.374333623606153,-0.8808317512585409,164.11566743441801,
8.94,-0.3610796957007303,2.2062245418008146,144.58996187151752,
8.96,-0.2918468703953388,4.717057988738334,106.49338282223442,
8.98,-0.17934577099408874,6.533051951386671,75.10601344259922,
9.0,-0.03828701069299365,7.572824078722838,28.871199291017433,
9.02,0.11286953805205296,7.542830795781822,-31.870527585118978,
9.04,0.24943585302240098,6.113800701252979,-111.03248186776538,
9.06,0.34386709055704623,3.329323052211545,-167.41528303637796,
9.08,0.3777742129555012,0.06138918763394985,-159.37810342138152,
9.1,0.35150093536659416,-2.688716946524652,-115.63250999447865,
9.12,0.2783957148345566,-4.621805106679103,-77.67630602096645,
9.14,0.17319914375981876,-5.89785200079468,-49.92838339059131,
9.16,0.04886318776594839,-6.535743598592357,-13.860776389176372,
9.18,-0.08005454458042044,-6.356029636044526,31.832172643959485,
9.2,-0.19686687917361873,-5.325203823275302,71.25040863296284,
9.22,-0.28708079012881255,-3.696187272244079,91.65124647015948,
9.24,-0.3395987255479022,-1.5556062696648882,122.4068537877596,
9.26,-0.3432767079242853,1.1878080320265827,151.9345763813875,
9.28,-0.291091661528645,4.030696607537443,132.35428116969854,
9.3,-0.19038139952693298,6.040329592633761,68.60901733993316,
9.32,-0.06294124657770499,6.7036857022890395,-2.273406374405269,
9.34,0.06395794085380706,5.986233040862164,-69.47185976828234,
9.36,0.16497179265582654,4.115152139339783,-117.63623038395568,
9.38,0.22096994734390477,1.4846633294680398,-145.41265060321868,
9.4,0.22088081292587664,-1.493576771270853,-152.4113594706706,
9.42,0.16303953552231937,-4.290550969084874,-127.28606031073147,
9.44,0.0578048996050339,-6.232912622643672,-66.95010504514835,
9.46,-0.07250337095409866,-6.797914433269583,10.449923982557294,
9.48,-0.19918174067532582,-5.869922538853131,82.34926545908793,
9.5,-0.29446922019968225,-3.658825413582511,138.76044706797404,
9.52,-0.33808542417988185,-0.7027949844374501,156.84259584653205,
9.54,-0.3214597023095886,2.3653671714667763,149.9736197438906,
9.56,-0.24653638292825236,5.1269647666668465,126.18613977611642,
9.58,-0.12366852418254011,7.159821107904379,77.0994943476368,
9.6,0.0263735642746316,7.844387737812791,-8.642831356795625,
9.62,0.1723147336042097,6.749729195145018,-100.82302290998167,
9.64,0.28171185376742086,4.1899828211760966,-155.1516144869105,
9.66,0.3329039092834553,0.9292227304273495,-170.92439458796423,
9.68,0.3182007692115922,-2.3995367376136625,-161.95155221613697,
9.7,0.24082320400000964,-5.3382197835445915,-131.9167523769559,
9.72,0.11397503874138895,-7.3465967423174785,-68.92094350033275,
9.74,-0.03795783709184056,-7.846690841005473,18.911533631533274,
9.76,-0.18210841261594019,-6.56836671140449,108.92087932856501,
9.78,-0.28537442872179797,-3.7582348991812884,172.09230189375515,
9.8,-0.3249294663208443,-0.19726886072334437,184.00430195203924,
9.82,-0.29602116403711093,3.0880990890966813,144.53249302996332,
9.84,-0.2109094364518425,5.42307366943016,88.96496500338455,
9.86,-0.09013687638539732,6.65418233721436,34.14590177503548,
9.88,0.04358586233627968,6.718091534953339,-27.7549820011376,
9.9,0.1654825744452436,5.471579675943054,-96.89620389989093,
9.92,0.251159429641253,3.0961058436578837,-140.65117932862609,
9.94,0.28590066214458654,0.3780174066754709,-131.1576643696152,
9.96,0.27103865698369795,-1.8642179227643303,-93.06586857436494,
9.98,0.21975401758219998,-3.2642460173854664,-46.936940887748676,
10.0,0.14896959900568732,-3.8141958402657994,-8.058041400284615,
10.02,0.07372103913040032,-3.710660147262901,18.41161070057447,
10.04,0.005067576516653232,-3.154686114111807,37.185792614534904,
10.06,-0.05014141056099138,-2.366212593652654,41.66155943138038,
10.08,-0.08959786778086651,-1.5794331283348582,37.01638710039923,
10.1,-0.11404977187553542,-0.8657572811320325,34.35119761988334,
10.12,-0.12469041615160836,-0.19830714647526204,32.39381584579371,
10.14,-0.12265074415686293,0.40227434594980516,27.664333396713012,
10.16,-0.10869151292900334,0.9936487768361544,31.473109691921913,
10.18,-0.0819073844506781,1.6847640709963687,37.63841972409953,
10.2,-0.040976230137369625,2.408351360334479,34.720309209711495,
10.22,0.012427181068919955,2.931989760294479,17.643530786288544,
10.24,0.07116617125075099,2.941909257888624,-16.651581026874048,
10.26,0.12309207459836553,2.25068107687283,-52.47123707470535,
10.28,0.15567961839567676,1.0080733028582924,-71.78954032674841,
10.3,0.1618002969996392,-0.39600544246204983,-68.6183342052858,
10.32,0.1414604875564696,-1.63797550185491,-55.57867173400021,
10.34,0.09925824968601843,-2.5822482851902064,-38.848606599529404,
10.36,0.04171576797516983,-3.171999885894654,-20.12655347091534,
10.38,-0.02387909631550327,-3.387486543172656,-1.4221122568848905,
10.4,-0.08981526478432035,-3.2061303037090525,19.55773620324526,
10.42,-0.14771137569216214,-2.5834807870751266,42.70721546014734,
10.44,-0.18973810249927958,-1.6191918936366174,53.72167388370359,
10.46,-0.21200068959331858,-0.6070668157672823,47.49083390322993,
10.48,-0.21503638012243168,0.30349776285597285,43.56562395909559,
10.5,-0.1999055483794127,1.2095854114459237,47.043140899899484,
10.52,-0.16619743831461348,2.161225595034,48.120877458908126,
10.54,-0.11511225223727879,2.9472930126994688,30.485864307638764,
10.56,-0.053212292529863814,3.2427029580420292,-0.9448697733827203,
10.58,0.00846853965940629,2.9253802608849813,-30.78739994232206,
10.6,0.05799275329800128,2.0270411029745175,-59.04651584872433,
10.62,0.08533211715759718,0.7068952829850734,-72.96806615022007,
10.64,0.08626959076046999,-0.6131479226977932,-59.03625441806659,
10.66,0.06573672016265483,-1.4401391370837222,-23.662867020526306,
10.68,0.035545575836521195,-1.5789752955296417,9.779251175934366,
10.7,0.007607279939917641,-1.2148542941307139,26.632848963958406,
10.72,-0.011886843076284933,-0.7345580074895433,21.396779700158664,
10.74,-0.02432550135726917,-0.5093078206088802,1.1282389879076327,
10.76,-0.03503709849712946,-0.5618518933771488,-6.382646264734485,
10.78,-0.04614452027096993,-0.5488902840068981,7.678807201759551,
10.8,-0.053643907128581,-0.2010484017542088,27.105381023509377,
10.82,-0.05081927157345338,0.4835119572669704,41.35065487860854,
10.84,-0.03267910289619458,1.33050491045891,43.34864044058541,
10.86,0.0011548445960770926,2.052889838768257,28.88985239034929,
10.88,0.045264777196362065,2.3581034212602403,1.6315058588490245,
10.9,0.08886039155556807,2.0014580146603604,-37.29604651883703,
10.92,0.11830257203995884,0.9427600337787156,-68.57375156932744,
10.94,0.12267349377280423,-0.5056678604941762,-76.26903785796173,
10.96,0.09975654328019301,-1.7860271887669457,-51.76689496931522,
10.98,0.057034152966183194,-2.4862118426340363,-18.251570417393836,
11.0,0.005537564646909246,-2.6634469892933583,0.5280557514616291,
11.02,-0.046402232088714516,-2.530532684269018,12.763374750972417,
11.04,-0.09350968398311543,-2.1802125051710735,22.268643158822044,
11.06,-0.1313885127514038,-1.6076703716577645,34.985570192508845,
11.08,-0.15548867354197407,-0.802345707399261,45.5468962333415,
11.1,-0.16202195765542723,0.14901729605394465,49.589404111979064,
11.12,-0.1496338641860568,1.0897920508831003,44.488071370936495,
11.14,-0.11968841039070617,1.9047533286519611,37.00805640594959,
11.16,-0.0754627736320117,2.5178103472174853,24.297645450602843,
11.18,-0.022246951365654008,2.8037718794182838,4.298507769477013,
11.2,0.033507030411199644,2.7716262982670816,-7.513065884597237,
11.22,0.08656757881053467,2.5344285416664207,-16.20670977546883,
11.24,0.1326672022767416,2.075533804954273,-29.68276389574592,
11.26,0.16680946876946867,1.3386928443184323,-44.00133216783816,
11.28,0.18293785595839687,0.27414587457438766,-62.45336480656631,
11.3,0.1745683557524086,-1.111095895173216,-76.07081216819405,
11.32,0.1380811553626642,-2.5376241438012244,-66.58201269460677,
11.34,0.07800143806552233,-3.470347585912961,-26.6903315165669,
11.36,0.007864228498942055,-3.543373370745066,19.387753033356397,
11.38,-0.0565198409712625,-2.8950335762753894,45.44622641361128,
11.4,-0.10398062450934004,-1.8510447775323635,58.9526534606913,
11.42,-0.12815901740287203,-0.5667945118208357,69.47237311046149,
11.44,-0.1248900594625583,0.893690305852209,76.57610865684299,
11.46,-0.0927672430117749,2.3185913392261304,65.91399468054917,
11.48,-0.03704235457800909,3.25389750415045,27.616621811882794,
11.5,0.028864675030555988,3.3368054567060583,-19.32582655632198,
11.52,0.08832469470076731,2.6091965103150736,-53.435068082776496,
11.54,0.1281673060808918,1.375064627697375,-69.97812017899335,
11.56,0.1413374823210841,-0.058047003678146414,-73.33304295855879,
11.58,0.12633773090739084,-1.4419281376911788,-65.05507044274444,
11.6,0.08720518846789939,-2.4713261062579663,-37.88472641393432,
11.62,0.034181659641418886,-2.831026776390084,1.9146594007225701,
11.64,-0.0181865653010724,-2.4057957178590446,40.60844645238136,
11.66,-0.05572664764430087,-1.3482125164638015,65.14987368714294,
11.68,-0.06917435382378247,0.0034418985156414728,70.01556781080136,
11.7,-0.056014815283671034,1.312511955495502,60.89143788718469,
11.72,-0.019214529987046248,2.3675165741669764,44.609023979962714,
11.74,0.034256122727292164,2.979548697266865,16.594188330026135,
11.76,0.0935119678803219,2.946035818036109,-19.945476253101774,
11.78,0.1454603766131197,2.2488050552436705,-49.77760002614205,
11.8,0.17874565224142186,1.0797225075865455,-67.13065473957045,
11.82,0.18657744429821846,-0.2965433019068857,-70.49592620977268,
11.84,0.1676879336212097,-1.5924077657939897,-59.09052017893771,
11.86,0.12679241731932903,-2.497143864394078,-31.383089681071112,
11.88,0.07364641466403919,-2.8174564011349053,-0.6481639930116003,
11.9,0.018831077689491875,-2.6640772963198263,15.986074474519485,
11.92,-0.030525617928163527,-2.271592265445714,23.262428612891753,
11.94,-0.07038664120801882,-1.7145100625398157,32.445791677698054,
11.96,-0.0973164237276976,-0.9784681894280615,41.15839563347737,
11.98,-0.10809524288427012,-0.0994137262291912,46.74705068640965,
12.0,-0.1009357728894922,0.815360725706984,44.730394507207876,
12.02,-0.07687654935795929,1.5905616274463064,32.789695666724356,
12.04,-0.039812155233761755,2.115877784973447,19.741920085989705,
12.06,0.004545247239914902,2.3198624623942186,0.6565476560874615,
12.08,0.04852477293002502,2.078090106616793,-24.83378323383,
12.1,0.08363446969701244,1.4328795700819479,-39.687270419654524,
12.12,0.10410014712966494,0.6136881731833019,-42.23186927021007,
12.14,0.10793473826501566,-0.23022905964822926,-42.15985401294304,
12.16,0.09529077729060145,-1.034167037793192,-38.233943801553224,
12.18,0.06831617948094196,-1.6632927431727578,-24.678626736403345,
12.2,0.03195034616539444,-1.9732905883819938,-6.321157784520253,
12.22,-0.007175929729705025,-1.939337001127952,9.716516509924421,
12.24,-0.04292251786616321,-1.6353218125178663,20.68500235108415,
12.26,-0.07081280125636809,-1.153706526502621,27.47652625044038,
12.28,-0.08769684379960224,-0.5346977278207943,34.424353617742284,
12.3,-0.09099634026298739,0.2047480814822794,39.52022731256508,
12.32,-0.07964638945835802,0.930246998980658,33.02966443727277,
12.34,-0.05600971265253393,1.4334206816017505,17.287703824836477,
12.36,-0.02527869121831799,1.6396814618198436,3.3383741969728256,
12.38,0.007008237711139227,1.5890114311258783,-8.405377266369356,
12.4,0.03595952507231241,1.30611730499144,-19.88403534707446,
12.42,0.05669102130482328,0.7670323182596465,-34.0244633261049,
12.44,0.06419385921994604,-0.016748526747370485,-44.35362117459679,
12.46,0.05480295668854656,-0.9223417263925775,-46.20569878992391,
12.48,0.027835435033950563,-1.7744104390670223,-39.00117247752056,
12.5,-0.013613794159886524,-2.370512480316686,-20.609031647445825,
12.52,-0.0628919956574263,-2.5573076694372916,1.9295127353852948,
12.54,-0.11168416343433357,-2.3219091082534353,21.610343383000323,
12.56,-0.15211850599424806,-1.7215251477380131,38.428052668541895,
12.58,-0.17721376574288625,-0.7880008271258053,54.92437939267889,
12.6,-0.181574843278956,0.35189307351882915,59.06501067178455,
12.62,-0.16378738465154433,1.4268527892223393,48.430960898566454,
12.64,-0.12712649004169319,2.2392366717627747,32.80742735547709,
12.66,-0.07766541956104696,2.706870376301848,13.955943098430197,
12.68,-0.022689825386217364,2.790689041181112,-5.574076610503774,
12.7,0.03031671039742313,2.5099645371829373,-22.498373789313696,
12.72,0.0746788094605821,1.9262453691329593,-35.873543015684106,
12.74,0.10467906930545004,1.0737806153538347,-49.37293236222834,
12.76,0.11499222014019252,-0.04246553187958724,-62.25168236111385,
12.78,0.10152306547238073,-1.304449934901592,-63.9467579410866,
12.8,0.0637809062227232,-2.469765990064161,-52.584847575170286,
12.82,0.006255954039390014,-3.2827292282691576,-28.711476245329365,
12.84,-0.06204360566684578,-3.5472267423544217,2.2617248368029372,
12.86,-0.12901840312261234,-3.150253003222235,37.435649076415714,
12.88,-0.18168808878141654,-2.116715562658185,65.9180949799893,
12.9,-0.2098062774720847,-0.6951033064086296,76.24313064496623,
12.92,-0.20901794616914007,0.7739364367030912,70.66084366620585,
12.94,-0.18064995590222185,2.0628625899887307,58.2317716623581,
12.96,-0.12888749902680444,3.113383097553011,46.82027909406992,
12.98,-0.059360035751732904,3.8393632299541425,25.77773414604323,
13.0,0.019700440512052175,4.066684396424366,-3.0456174990208815,
13.02,0.09769804894625346,3.7330764469957622,-30.315177443839463,
13.04,0.16377291521636467,2.8744101800153583,-55.551449254200946,
13.06,0.20794408694491365,1.5427069928395396,-77.61886946338092,
13.08,0.22240336233503963,-0.09677945382694175,-86.32977520326722,
13.1,0.2040940890815949,-1.7341478715175307,-77.40706656579167,
13.12,0.15648863223516024,-3.0263978131259353,-51.817927595048786,
13.14,0.08921055784627428,-3.7014096257626603,-15.683253668623706,
13.16,0.015407478851106089,-3.6788982737541587,17.934388869473864,
13.18,-0.05170533182652694,-3.032382794009144,46.71715910502762,
13.2,-0.10098643577161462,-1.895727600499624,66.94836024592436,
13.22,-0.12465841645739907,-0.47147046807882065,75.47735299615596,
13.24,-0.11991202468663785,0.9461096451549427,66.28065832722038,
13.26,-0.08991688637799257,2.0534041857095855,44.448795728243894,
13.28,-0.042079488128007526,2.730335639288919,23.244349629689424,
13.3,0.015048568119095678,2.982469985421401,1.969084983558787,
13.32,0.07284373551420278,2.7970467540893096,-20.51140811676794,
13.34,0.12269634654818046,2.1882143493084576,-40.37183236131726,
13.36,0.15704145129700714,1.2462961255742107,-53.81999001210744,
13.38,0.1706616308695461,0.11572183167968664,-59.23743937734497,
13.4,0.16087741918666612,-1.0941429999676857,-61.74904378739225,
13.42,0.12714464581041512,-2.279134337657414,-56.75008998158056,
13.44,0.07228339385667742,-3.2069908577163555,-36.03556202431359,
13.46,0.004125154070126155,-3.608833120938771,-4.148664297927965,
13.48,-0.06562641844976741,-3.366324131050586,28.399563286746456,
13.5,-0.12429612051425805,-2.500646075398478,58.16824227846436,
13.52,-0.16080057944166323,-1.1497998173420405,76.91638352717936,
13.54,-0.16844442570730703,0.38541519077766107,76.6051172847908,
13.56,-0.14672909995345865,1.786117384607177,63.4651020981608,
13.58,-0.10005431376051999,2.8813612346866893,46.059282909790426,
13.6,-0.035156413019120175,3.608428839453292,26.647477566869853,
13.62,0.03966127116176263,3.873339578634989,-0.15640364870019852,
13.64,0.1139995301317769,3.5604863183664373,-31.12892237815496,
13.66,0.17629071039103184,2.6686317075590558,-58.056538702583175,
13.68,0.21632143297506512,1.3344405508442725,-75.36257696889516,
13.7,0.22717368159493448,-0.2492156888573367,-83.00304700126577,
13.72,0.2061511432765495,-1.8530381429811627,-77.37919841111682,
13.74,0.15523297531970584,-3.238778652703202,-61.19485256108712,
13.76,0.08048688413990329,-4.235830465277052,-38.51032869629789,
13.78,-0.008843672840212835,-4.697225232734561,-7.629148049452944,
13.8,-0.10081904968297183,-4.500312451541338,27.320426168775253,
13.82,-0.18229712094136682,-3.647494674298162,57.961351555542294,
13.84,-0.24118308592010312,-2.241101823575468,82.67793351672715,
13.86,-0.2682893354927932,-0.46952313369354126,94.47993547146551,
13.88,-0.2595425556497293,1.3442011179999347,86.89248969788208,
13.9,-0.21782910419153179,2.8271440278198146,61.4018012841059,
13.92,-0.1524678095585339,3.708985435479974,26.78233948191007,
13.94,-0.07639999349493631,3.8977961708797837,-7.901265941929125,
13.96,-0.0025058113472543075,3.491622043888417,-32.71614675720756,
13.98,0.05976681853031114,2.7356409438681277,-42.88196324482137,
14.0,0.1050523234903626,1.7929095521370182,-51.39117592828958,
14.02,0.13017198699180202,0.7190567980069236,-55.99409948471989,
14.04,0.1338167933882045,-0.3545761583666742,-51.36919615263988,
14.06,0.11768052790568524,-1.2590503898852528,-39.07822699921798,
14.08,0.08682794515451453,-1.8262078852318182,-17.637522535438578,
14.1,0.049147220912502884,-1.9418645389693463,6.071857161685768,
14.12,0.013250798317463286,-1.6477777205346134,23.336824681787512,
14.14,-0.0144044483922655,-1.1177469504382649,29.666252327847346,
14.16,-0.031301464997983,-0.5719547101334855,24.912971702630593,
14.18,-0.038193272913369616,-0.11722608140517571,20.559891170200387,
14.2,-0.036650884371496564,0.27146493559248097,18.309210529565277,
14.22,-0.0282984360678113,0.5637798947760453,10.92228538879116,
14.24,-0.01607554389820939,0.6585093221841458,-1.4493426479811031,
14.26,-0.004152343996782731,0.5338106679585198,-11.02052277458149,
14.28,0.004057887403260185,0.2872124720457718,-13.639296816693307,
14.3,0.007058670284466765,0.012865816074886072,-13.795368780395268,
14.32,0.004951764671617876,-0.22355637735977496,-9.846850563070834,
14.34,-0.0008645475780090487,-0.3580748476029175,-3.604996461243422,
14.36,-0.008317472528072673,-0.38721764740344494,0.6907164811906794,
14.38,-0.015582767493927388,-0.33931184918202645,4.099863340951168,
14.4,-0.02161102698596621,-0.2635141000218557,3.4799115750659046,
14.42,-0.026272357880255802,-0.2026189894071035,2.6095994864093166,
14.44,-0.029711368286047767,-0.14128205117209303,3.5240943370917295,
14.46,-0.031397205851772365,-0.027301705400366777,7.873940240080896,
14.48,-0.029760056801316777,0.19101661044592566,13.957891344548347,
14.5,-0.023037020073690594,0.48128706231669266,15.069153842528351,
14.52,-0.010756162349546197,0.7467987100977471,11.482010935577087,
14.54,0.005880160960200231,0.9168336208768956,5.521480142337758,
14.56,0.024671031460974907,0.962253429200572,-0.9794993099701168,
14.58,0.04294209408795803,0.8648528334977402,-8.76056026031306,
14.6,0.057918825597910534,0.6328203174975101,-14.442691339709953,
14.62,0.06766893067524113,0.34219019023554936,-14.620321386486122,
14.64,0.0718119181444227,0.07210855668260752,-12.387841968808061,
14.66,0.07099746793509809,-0.15355357761506827,-10.178371460959518,
14.68,0.06628707966604465,-0.31748524929027594,-6.214795706561247,
14.7,0.059221171248107336,-0.3891055925034553,-0.947238614756686,
14.72,0.051636092710475374,-0.3694022612597409,2.9175717391281255,
14.74,0.045166368024592334,-0.2775702073285632,6.265633653989643,
14.76,0.040883833417383206,-0.15068325339234956,6.423061739631719,
14.78,0.03851886648061106,-0.08581344028486536,0.06391957111670088,
14.8,0.035976808933835584,-0.16839231439268187,-8.321806981898353,
14.82,0.03067203002365673,-0.3620855766252037,-11.047519241353827,
14.84,0.021523308811831243,-0.552786544557345,-8.0225775518603,
14.86,0.009505396314285496,-0.6490047051972295,-1.5992385121281547,
14.88,-0.0033379329721381916,-0.6353282234451393,2.9668866873371815,
14.9,-0.015337246728545622,-0.5646031521956038,4.105620437616375,
14.92,-0.02556437249529954,-0.458109424479788,6.543752333965202,
14.94,-0.03285297836748562,-0.2707511627388204,12.192073840131556,
14.96,-0.035282028330724906,0.02784616641489218,17.667659075239698,
14.98,-0.031162573166853457,0.3840993499722527,17.95765928049635,
15.0,-0.020130348443139878,0.7191231223991051,15.54471796218889,
15.02,-0.0031801050767689097,0.9759012142379917,10.133091221699765,
15.04,0.01737311310358691,1.07942060379759,0.21884773426006632,
15.06,0.03763661051966805,0.9469291378105245,-13.467994332966612,
15.08,0.052736572454901036,0.5630670557127739,-24.918213876808444,
15.1,0.05828025997774757,-0.008698303428120502,-32.258322037281,
15.12,0.05149313566012071,-0.6700141283345655,-33.87326045336351,
15.14,0.03205252062011204,-1.2740473756663016,-26.53006427981009,
15.16,0.0027101618286410013,-1.6601885034808022,-12.084048501639963,
15.18,-0.031045600080858098,-1.7153876874691076,6.564130102809425,
15.2,-0.0626518975290249,-1.4452420573475728,20.450432909344066,
15.22,-0.08671439266674447,-0.9610074564243831,27.97302718297491,
15.24,-0.10030332892168908,-0.39788616907007845,28.33910155245556,
15.26,-0.10307596769926909,0.12062229131207769,23.511744485760055,
15.28,-0.09636047126128704,0.5509273524861278,19.518761631644956,
15.3,-0.08183853372674312,0.9012664009682644,15.515143216568703,
15.32,-0.06124007971741736,1.1585789999643115,10.216116683035999,
15.34,-0.03684691249597587,1.2807377221798373,1.9997555385165917,
15.36,-0.01172230860454146,1.2317226669636034,-6.9012610601399755,
15.38,0.010743924989118896,1.014900692402432,-14.780936395977161,
15.4,0.027482999566484416,0.6590067653341201,-20.80845631085403,
15.42,0.036263147606455874,0.21900803866302576,-23.1914163562554,
15.44,0.03602979128064547,-0.24234367124406614,-22.943754634453793,
15.46,0.02696294770382284,-0.6643406864381969,-19.255946884959275,
15.48,0.010796401894004075,-0.9523138945436795,-9.541373925588996,
15.5,-0.008889154527251223,-1.0162417475818504,3.148588621771922,
15.52,-0.02748761560422954,-0.8436043601159812,14.115150124815003,
15.54,-0.04097272216152356,-0.5049062956134208,19.754656325441033,
15.56,-0.047245222005161534,-0.12234368875037643,18.501604360863404,
15.58,-0.04647354687247978,0.19951120201855188,13.683884716029425,
15.6,-0.04036336670287748,0.41150681494167785,7.51567657628317,
15.62,-0.03113384465953334,0.5114453893927365,2.478180868822701,
15.64,-0.020531093941138258,0.5488296824467714,1.2602484365807878,
15.66,-0.009256717512941591,0.5786079603728952,1.7175793560315826,
15.68,0.002611320799870437,0.6081958709083077,1.2412116975096708,
15.7,0.014962430060650561,0.6269150551697047,0.6307067286300259,
15.72,0.027507572624281093,0.6275992011933484,-0.562292126265646,
15.74,0.03974618433458953,0.5962619698374948,-2.5714310093197144,
15.76,0.050664259532979324,0.4955455500014849,-7.500210974281274,
15.78,0.05835437528474388,0.2734660251749709,-14.70774150837013,
15.8,0.06068523298786104,-0.04038025486325486,-16.67688649545244,
15.82,0.056922958847851084,-0.33584715913774094,-12.869803931996167,
15.84,0.04811013877538722,-0.5454348481086451,-8.088964965094249,
15.86,0.03579876616700961,-0.6857024127291163,-5.9377914969528724,
15.88,0.021110600013116067,-0.783114202660238,-3.803387496159303,
15.9,0.00514377308609862,-0.8135684900415063,0.7579587580324696,
15.92,-0.010373871542970977,-0.7381959728654536,6.779292959572809,
15.94,-0.02348401438601976,-0.5728183114394246,9.758473183030086,
15.96,-0.033014166553689835,-0.380196905327583,9.50366742815408,
15.98,-0.03862774995666058,-0.18116143496949152,10.399879607655068,
16.0,-0.03991142780548352,0.05279365008719758,12.995628898013843,
16.02,-0.036331571940936745,0.3051919363674799,12.244199730014381,
16.04,-0.0283503718684499,0.4929280708812045,6.529413721358081,
16.06,-0.017743946113732003,0.5677145045905854,0.9492296495800048,
16.08,-0.006685584809667521,0.5381216258158628,-3.9085175270522643,
16.1,0.002796109534891842,0.4100478086400735,-8.898864190526663,
16.12,0.008792244268038292,0.1895656646745715,-13.149350206023538,
16.14,0.009802771907765738,-0.08851290070182696,-14.658506331616309,
16.16,0.00526935378704438,-0.3648289113703088,-12.973094735231872,
16.18,-0.003847472031584902,-0.5468536704926195,-5.229381176999194,
16.2,-0.01498042193453558,-0.5664413198024482,3.2706162460163215,
16.22,-0.025021719372321814,-0.43768842397617524,9.604673336610972,
16.24,-0.03146023563128469,-0.20616320192011217,13.547848868995334,
16.26,-0.03261662707380265,0.09052405766831628,16.12087708984751,
16.28,-0.02759754452575507,0.4113841971364414,15.965136856965003,
16.3,-0.016871334618757765,0.661236793563289,9.020122785719753,
16.32,-0.0025604421614242013,0.7698524521700673,1.8414430749580717,
16.34,0.012508071065862898,0.7369988705586425,-5.126801236100541,
16.36,0.025721166137194683,0.5843106365745361,-10.142022162310113,
16.38,0.034992267966563795,0.3427995463623751,-14.009086858905984,
16.4,0.03879982817631162,0.037956474612407365,-16.475220316090788,
16.42,0.036306079956926134,-0.287331296550956,-16.05355680024555,
16.44,0.027797077941026288,-0.5635689050390285,-11.570204048561703,
16.46,0.014989953616041858,-0.7171435274594145,-3.7872581934768945,
16.48,0.0006231808692469784,-0.7195337472200735,3.548236217410994,
16.5,-0.012471517252125126,-0.589936064917137,9.411532012882649,
16.52,-0.022250809196786177,-0.38799312954896803,10.782761523934248,
16.54,-0.027911502653307458,-0.17807621610315993,10.20892982064656,
16.56,-0.029539604704786167,0.015266010955289011,9.125292885198334,
16.58,-0.027619360358342053,0.17675842368912245,7.023948388185008,
16.6,-0.0228353666012651,0.3016409520185729,5.464304444760035,
16.62,-0.015545870161025056,0.4273086920054314,7.10246955392582,
16.64,-0.0054020530176694505,0.587073022330129,8.873963478543935,
16.66,0.00805150397044999,0.7582826764818148,8.247001936624638,
16.68,0.024589903343793563,0.8955572608525426,5.4804565004481365,
16.7,0.04306926867732679,0.9523792725007804,0.2017446643756342,
16.72,0.06146418486198061,0.8871123459646014,-6.728437317993531,
16.74,0.07693205990517894,0.6596751583552319,-16.01528144294342,
16.76,0.08630507395576499,0.2776262467033728,-22.189609722242494,
16.78,0.08721008784167059,-0.18712485811281332,-24.28550075937612,
16.8,0.07871591249777787,-0.6622926762764578,-23.231281056988337,
16.82,0.06129276109544349,-1.0800224639569809,-18.541697711063954,
16.84,0.03669868383173734,-1.3793852624136336,-11.394582134601322,
16.86,0.007678276738301247,-1.522655446929976,-2.932436317032913,
16.88,-0.022458888022490176,-1.4910610291491664,6.091878095113879,
16.9,-0.050198627345330066,-1.2829129031348225,14.722934506320497,
16.92,-0.07217811106831286,-0.9150354691634566,22.064808890816096,
16.94,-0.08567649549986783,-0.43480297399204065,25.958440626325498,
16.96,-0.08919699774209608,0.08275274976921615,25.79713174980018,
16.98,-0.08257878883456668,0.5790681409837237,23.834407371650585,
17.0,-0.06659944930292867,1.0188658121800769,20.145359747984728,
17.02,-0.04298880485324669,1.3421986327881217,12.187922312819758,
17.04,-0.014658045770974577,1.490877275439089,2.6799419522769927,
17.06,0.014849201647881559,1.4598474664465246,-5.782922851533431,
17.08,0.04201752605671184,1.2569849744365036,-14.50332634946868,
17.1,0.063018868292922,0.8431492491845118,-26.88024617573049,
17.12,0.073322825089778,0.18724643050108813,-38.71003569261188,
17.14,0.06915437593029843,-0.6040913464490455,-40.42374200240148,
17.16,0.049644642881647556,-1.3468819584160414,-33.85531919429812,
17.18,0.016983981193839832,-1.9191842103647305,-23.374906000570803,
17.2,-0.024616497701473374,-2.24086367916659,-8.793040879615148,
17.22,-0.069397263884842,-2.237212939170273,9.158114879246867,
17.24,-0.11075829066893579,-1.8988897392391055,24.67420511386989,
17.26,-0.14288352355289094,-1.3136335491564095,33.85141389439972,
17.28,-0.1619699107887089,-0.5950051744253861,38.01142357870261,
17.3,-0.16640858519304974,0.15113773399130193,36.60286726296619,
17.32,-0.1562471245835445,0.8650083269592217,34.78419203382578,
17.34,-0.1321801735085924,1.5416867805359886,32.8836533238509,
17.36,-0.09557234293332421,2.11909627699083,24.857296321633235,
17.38,-0.049645614468096726,2.473576569531919,10.590732932475632,
17.4,-1.91681376640591e-05,2.4890680635113474,-9.041583534532801,
17.42,0.04590738900373236,2.103587650628295,-29.506457753772455,
17.44,0.08054620859980045,1.3602943089785144,-44.822876411205584,
17.46,0.09820970160404204,0.40605499144564383,-50.60105534208148,
17.48,0.09692230022321002,-0.5347951295288451,-43.483956755367416,
17.5,0.07902797751177414,-1.2546371416147437,-28.500244453222436,
17.52,0.0498549650662258,-1.6626641029400904,-12.302451679312227,
17.54,0.01578097702852472,-1.7447347008300176,4.095391890319506,
17.56,-0.016815561092803306,-1.5149191113027851,18.886167062403743,
17.58,-0.04217507633131485,-1.021032412548369,30.50250281303787,
17.6,-0.05583007465335083,-0.3444674196552294,37.153996476276085,
17.62,-0.055322385654523736,0.39523631953793914,36.81637744304077,
17.64,-0.04067172205683639,1.0698300402307952,30.64299462624485,
17.66,-0.014220628282880989,1.575279337164745,19.901935067150134,
17.68,0.019900390011301245,1.8368224922534788,6.252380441723236,
17.7,0.05628968768342588,1.8021072749589848,-9.723902171172632,
17.72,0.08894666123639337,1.4635900803377644,-24.127817290949416,
17.74,0.11260301474578652,0.9020452706015499,-32.02666368267203,
17.76,0.12392514207011095,0.23016746183089298,-35.16111719439366,
17.78,0.12154684043731512,-0.46799762511047593,-34.655391499743224,
17.8,0.1055287752455567,-1.1338088940653654,-31.925735395745725,
17.82,0.07721514331230855,-1.6975542992594495,-24.44880512366268,
17.84,0.039629003994756745,-2.061059632495731,-11.90172819996549,
17.86,-0.0024861795820166404,-2.150458725181607,2.961818931377884,
17.88,-0.04336860702235206,-1.9377840188519344,18.305651701589387,
17.9,-0.07722492615533348,-1.4478478944462079,30.687960738983268,
17.92,-0.09909706873708528,-0.7393663637289717,40.16019233274035,
17.94,-0.10533268307896801,0.11580492954069854,45.35693699422667,
17.96,-0.09422899256016337,0.9945641223397651,42.51898228567998,
17.98,-0.06700058026347826,1.7282771073287464,30.852316213218145,
18.0,-0.028041535255620403,2.1676273934570385,13.082712399611061,
18.02,0.015960827503273274,2.2326088824323285,-6.584563502082043,
18.04,0.057380050652432076,1.9093134324835517,-25.744981492795624,
18.06,0.0891834394067998,1.271025442953221,-38.08381746023743,
18.08,0.10678281092088629,0.4889117084554273,-40.127555989541946,
18.1,0.10906144914286138,-0.2610478862579183,-34.86840348179261,
18.12,0.09759672082328452,-0.8854249456997675,-27.569302462392308,
18.14,0.07511682101948973,-1.3625650346797116,-20.144706435602103,
18.16,0.04471863215873018,-1.677253851396243,-11.32417523605103,
18.18,0.009994980016846055,-1.7951113627921704,-0.4615759035417071,
18.2,-0.02468159540660471,-1.6725461795529055,12.718094227468198,
18.22,-0.05421182807385902,-1.2804770871725253,26.488815010569816,
18.24,-0.07357562741177641,-0.6559028466192137,35.968609044761344,
18.26,-0.0793455459640398,0.07891099139287505,37.512774756447534,
18.28,-0.07063516813391248,0.7921267916198569,33.80880526625065,
18.3,-0.0488280923254367,1.3885807892277207,25.83659449453571,
18.32,-0.017063311734785258,1.7878972698374236,14.095053566434586,
18.34,0.02002049221902927,1.920483125544029,-0.8364679957740648,
18.36,0.0567661131063764,1.7540789631906843,-15.803948239560388,
18.38,0.08756703501276776,1.3260132274484515,-27.00262533466289,
18.4,0.10797586359304048,0.7148696305788205,-34.1117343523002,
18.42,0.11524512758971993,0.012056769089124009,-36.16955179666944,
18.44,0.1084181936322523,-0.6947501648358867,-34.51114159583163,
18.46,0.08834856179182521,-1.3122130192068227,-27.23514384126195,
18.48,0.05781846095943239,-1.740797064032459,-15.623260641301698,
18.5,0.021298014163231245,-1.9112476155876554,-1.4217945142179431,
18.52,-0.01572499152166908,-1.7910529529023773,13.441260782745747,
18.54,-0.047730287049416335,-1.4094765998723477,24.716374520257215,
18.56,-0.07052940970152294,-0.8704356653383125,29.18771893314631,
18.58,-0.0819973099813516,-0.2763543626445537,30.220411336229564,
18.6,-0.08143228298666344,0.33285706211336985,30.700731139562794,
18.62,-0.06896783932923177,0.9135873036297971,27.372293012079933,
18.64,-0.046234493602306546,1.3597472690627253,17.243703531212883,
18.66,-0.01714046589084228,1.5496555020837015,1.747119770884737,
18.68,0.012833816829079374,1.4477727699084642,-11.935392988408484,
18.7,0.038481909173029336,1.117036464486532,-21.138237553784723,
18.72,0.05620548470169441,0.6553210883799754,-25.033300056870946,
18.74,0.06438365033590698,0.16249547504128176,-24.249261276998414,
18.76,0.06310376885523727,-0.29048362310825265,-21.048648537955028,
18.78,0.05362108110387563,-0.6577851520279117,-15.681504354010873,
18.8,0.037930797025521136,-0.9112432558075378,-9.664306023951745,
18.82,0.018287653336168948,-1.0530711131276809,-4.518479708062548,
18.84,-0.0030736559085276127,-1.0830598113419752,1.5196098866331225,
18.86,-0.023741979666909923,-0.9837725644962559,8.409114797938798,
18.88,-0.04079267725968744,-0.7212971947814955,17.838422173537243,
18.9,-0.05080717270074055,-0.28015234932381544,26.276062372230758,
18.92,-0.05088077311051813,0.27279230834605755,29.018403394756536,
18.94,-0.039849258457526925,0.8303591569530626,26.738281465943974,
18.96,-0.018622000833396622,1.2923666054599674,19.462463384746517,
18.98,0.010096593885971976,1.5794928664768926,9.250162716945997,
19.0,0.04221674074208953,1.6325218191348625,-3.947267451149,
19.02,0.07266763977085369,1.4125680837415533,-18.048106088181928,
19.04,0.09613221155302532,0.9338890944756091,-29.8197928384125,
19.06,0.10824295626667978,0.2771853768898369,-35.85057892016472,
19.08,0.10662832618011253,-0.4386483855465614,-35.73279732347511,
19.1,0.09114287164674671,-1.1098970677900206,-31.392070900870806,
19.12,0.06353197940403234,-1.6511921564814167,-22.737437968268814,
19.14,0.027313590990650796,-1.9706466848567374,-9.20801486926327,
19.16,-0.012375512595275097,-1.998263673735852,6.446315981351824,
19.18,-0.049686983227429045,-1.7328833894795426,20.0917124442791,
19.2,-0.07942427922524509,-1.2408462103020614,29.112005473469022,
19.22,-0.09814980241752021,-0.6317061089254504,31.802004664192072,
19.24,-0.10458962614033106,-0.012276263355634587,30.140979892789513,
19.26,-0.09920987903325477,0.5502509740632628,26.111743849100232,
19.28,-0.08353386695596784,1.01735023366543,20.598182111116504,
19.3,-0.06002354691128715,1.3336817708026398,11.034971602604458,
19.32,-0.0322671096089534,1.4419619594307351,-0.20695273979493045,
19.34,-0.004493135635708923,1.3354354378937123,-10.445699413907349,
19.36,0.019635018016015523,1.077379927278732,-15.359851647590677,
19.38,0.037922178658820596,0.7513361370017753,-17.24452738010501,
19.4,0.04917648428557758,0.37409442567392326,-20.479643752680193,
19.42,0.05222733671878301,-0.06900918235338033,-23.830717050050165,
19.44,0.04617163435143755,-0.536561054381166,-22.9244701527284,
19.46,0.03160780432764466,-0.9198219479981232,-15.401619208967322,
19.48,0.01118352592902948,-1.1226058918633948,-4.8767751775598285,
19.5,-0.01121910941313939,-1.1176576423534923,5.371600128550071,
19.52,-0.031710031638071894,-0.9314345801397582,13.25070609282334,
19.54,-0.0471318195610631,-0.6107442121593621,18.818330705216265,
19.56,-0.055340547233493756,-0.21012855508370365,21.243235002349582,
19.58,-0.05532929762056539,0.21125351637654027,20.89497214367481,
19.6,-0.04726528245807706,0.5951479998722926,17.49447620590043,
19.62,-0.032529230566927,0.8784571892427138,10.836442731141677,
19.64,-0.013689072747216879,1.0055585927282982,1.87369761741677,
19.66,0.006004337551849869,0.9637824371783766,-6.051313172408922,
19.68,0.023675897836962157,0.803373591332852,-9.98957141214354,
19.7,0.0375073887869282,0.5797755036637521,-12.370237354766456,
19.72,0.0463510596616826,0.3045915838116877,-15.14815463043998,
19.74,0.049212278652538494,-0.018469684726098168,-17.157972223338607,
19.76,0.045518658269148124,-0.3508923536129388,-16.084294665345457,
19.78,0.03554424023559833,-0.6465494497420405,-13.48141494756472,
19.8,0.020168320702256663,-0.8910425035921262,-10.967890437443845,
19.82,0.00074443338192989,-1.051346228440551,-5.0624820473986425,
19.84,-0.02049695109017965,-1.0727922187704029,2.9178830144134476,
19.86,-0.04064936447614966,-0.9424491198265982,10.116426879967019,
19.88,-0.05696893020417586,-0.6895074529760215,15.17773980509066,
19.9,-0.06735792193576377,-0.34939172018277,18.83383347423449,
19.92,-0.07048059810147873,0.037124103611273995,19.817748905169907,
19.94,-0.06606838836899433,0.4040968696371667,16.879527697419363,
19.96,-0.05510236611260478,0.6925053560017881,11.961320939042775,
19.98,-0.039540420314517453,0.8636892238069446,5.157065841472875,
20.0,-0.02189541972214027,0.9008108354307736,-1.4449046790899702,
,,,,
MAX,0.8195259582697987,14.553176296826566,,303.2666117505294
