Time (s),Displacement (in),Velocity (in/s),Acceleration (in/sÂ²)
0.0,0.0,0.0,-0.38610000000000005
0.02,-9.43251610495057e-05,-0.009432516104950571,-0.5571516104950569
0.04,-0.00046506760410347416,-0.02764172820044628,-1.2637695990545137
0.06,-0.0011677242500103696,-0.04262393639024326,-0.23445121992518447
0.08,-0.0020595904793972975,-0.04656268654844953,-0.15942379589544214
0.1,-0.0029957599674119654,-0.04705426225301726,0.11026622543866899
0.12,-0.003926664578847555,-0.04603619889054168,-0.008459889191111125
0.14,-0.004788968655945919,-0.04019420881929477,0.5926588963158022
0.16,-0.00546739717472948,-0.02764864305906126,0.6618976797075491
0.18,-0.0060013496883882834,-0.025746608306819116,-0.4716942044833346
0.2,-0.006557029092706504,-0.029821332125002917,0.06422182266495441
0.22,-0.0071677198771816514,-0.031247746322511857,-0.2068632424158484
0.24,-0.007753934571592356,-0.027373723118558634,0.5942655628111706
0.26,-0.008325856724127343,-0.029818492134939995,-0.8387424644493067
0.28,-0.009003551284287844,-0.03795096388111009,0.025495289832296986
0.3,-0.009744726634461694,-0.03616657113627493,0.1529439846512195
0.32,-0.010263493340369818,-0.01571009945453747,1.8927031835225268
0.34,-0.010249295766381995,0.017129856853319775,1.3912924472631973
0.36,-0.009703024925477937,0.037497227237086025,0.6454445911134272
0.38,-0.00876045273245952,0.05675999206475561,1.2808318916535317
0.4,-0.007403608909210431,0.07892439026015334,0.9356079278862406
0.42,-0.005442329642301383,0.11720353643075142,2.8923066891735667
0.44,-0.003025127299135658,0.12451669788582112,-2.160990543666597
0.46,-0.0007756710075536452,0.10042893127238015,-0.24778611767750114
0.48,0.0010736510756361988,0.08450327704660424,-1.3447793049000896
0.5,0.002914550196101098,0.09958663499988568,2.8531151002282344
0.52,0.0051004827420085075,0.11900661959085523,-0.9111166411312792
0.54,0.00727781937199522,0.09872704340781598,-1.1168409771726464
0.56,0.009176452920312756,0.09113631142393766,0.35776777878481525
0.58,0.011239700997631448,0.11518849630793149,2.0474507096145675
0.6,0.013870768510184985,0.14791825494742222,1.2255251543345054
0.62,0.01605979513812908,0.0709844078469872,-8.918909864378007
0.64,0.016938036874055085,0.01683976574561339,3.5044456542406257
0.66,0.01755577652657546,0.04493419950642398,-0.695002278159567
0.68,0.018168266352809864,0.01631478311701648,-2.166939360781183
0.7,0.017761530802564443,-0.05698833814155853,-5.163372765076318
0.72,0.015946976983091218,-0.12446704380576401,-1.58449780134423
0.74,0.01340414516206909,-0.12981613829644875,1.0495883522757556
0.76,0.010406404796718133,-0.1699578982386469,-5.063764346495571
0.78,0.006684593645362835,-0.20222321689688294,1.8372324806719682
0.8,0.0028401123676809943,-0.18222491087130113,0.16259812188621248
0.82,-0.0007704732463826435,-0.17883365053506264,0.17652791173763638
0.84,-0.004216998128767638,-0.16581883770343678,1.1249533714249509
0.86,-0.007420950636277759,-0.15457641304757533,-0.000710905838805509
0.88,-0.01001529482153895,-0.10485800547854388,4.972551662741951
0.9,-0.011613536469358844,-0.054966159303445485,0.016632954767887398
0.92,-0.012715311229795178,-0.05521131674018786,-0.04114869844212474
0.94,-0.013697395157266078,-0.04299707600690217,1.2625727717706936
0.96,-0.014439881798694683,-0.03125158813595835,-0.08802398467631223
0.98,-0.01491994009386647,-0.016754241381220298,1.5377586601501176
1.0,-0.015018384400017857,0.00690981076608161,0.8286465545800732
1.02,-0.014452007130317473,0.04972791620395673,3.4531639892074386
1.04,-0.013462286199997125,0.04924417682807807,-3.5015379267953044
1.06,-0.012603818462762274,0.03660259689540705,2.237379933528202
1.08,-0.01135270170035892,0.08850907934492835,2.953268311423929
1.1,-0.00953965169794221,0.09279592089674257,-2.524584156242507
1.12,-0.008037125330050422,0.057456715892436304,-1.00933634418812
1.14,-0.00664625597313214,0.08163021979939186,3.4266867348836763
1.16,-0.0040201376169777476,0.18098161581604738,6.508452866781877
1.18,-6.60226966424768e-05,0.2144298762174797,-3.1636268266386462
1.2,0.004096233156764142,0.20179570912318218,1.9002101172088954
1.22,0.008342014097550733,0.22278238495547692,0.198457466020578
1.24,0.012960430575545943,0.23905926284404402,1.429230322836132
1.26,0.017431706217012805,0.20806830130264223,-4.5283264769763125
1.28,0.020186595705687323,0.06742064756480953,-9.536438896806958
1.3,0.02065111719995166,-0.02096849813837587,0.6975243264884181
1.32,0.020708891611926433,0.026745939335853237,4.073919420934493
1.34,0.022226043579539393,0.12496925742544274,5.748412388024457
1.36,0.02532094644421217,0.18452102904183504,0.20676477361477463
1.38,0.02880762115754876,0.16414644229182393,-2.2442234486158865
1.4,0.031899375178617635,0.1450289598150635,0.33247520093984484
1.42,0.03519241267475258,0.1842747897984309,3.592107797396895
1.44,0.038875552755276294,0.1840392182539405,-3.6156649518459325
1.46,0.04138680921834618,0.06708642805304792,-8.079614068243327
1.48,0.04129938959519876,-0.07582839036779,-6.2118677738404635
1.5,0.0389717675585072,-0.15693381330136538,-1.8986745195170744
1.52,0.03555618653263721,-0.18462428928563407,-0.8703730789097928
1.54,0.03146614864940755,-0.224379499037332,-3.1051478962600028
1.56,0.026795169097791578,-0.24271845612426501,1.2712521875667022
1.58,0.022613361081387156,-0.17546234551617712,5.454358873242086
1.6,0.019597142301501724,-0.12615953247236605,-0.524077568860978
1.62,0.01703946625923714,-0.12960807175409253,0.17922364068833074
1.64,0.014460547639506756,-0.12828379021894573,-0.04679548717365195
1.66,0.011754206725159831,-0.1423503012157467,-1.3598556125064465
1.68,0.008867939683186077,-0.1462764029816287,0.9672454359182485
1.7,0.005781633917411853,-0.16235417359579377,-2.575022497334756
1.72,0.0015155298957609418,-0.2642562285692973,-7.615183000015599
1.74,-0.00403255362163234,-0.29055212317003076,4.985593539942252
1.76,-0.008690206706025948,-0.1752131852693301,6.548300250127815
1.78,-0.011755583391403486,-0.13132448326842366,-2.1594300500371695
1.8,-0.014900950332124997,-0.18321221080372743,-3.0293427034932074
1.82,-0.018871909106744744,-0.21388366665824726,-0.03780288195877679
1.84,-0.022917101917622057,-0.190635614429484,2.3626081048351026
1.86,-0.026252594287115506,-0.14291362251986087,2.4095910861272123
1.88,-0.028349143813214094,-0.06674133008999789,5.207638156859085
1.9,-0.028487957823108426,0.0528599291005646,6.752487762197163
1.92,-0.02564452649287419,0.23148320392285904,11.10983972003228
1.94,-0.019510193959449616,0.38195004941959837,3.936844829641654
1.96,-0.011098908387806793,0.45917850774468394,3.7860010028669002
1.98,-0.0015079612067500543,0.49991621036098977,0.2877692587636824
2.0,0.008238240514574129,0.47470396177142854,-2.8089941177198066
2.02,0.016873451390156363,0.38881712578679484,-5.779689480743566
2.04,0.023642152034498355,0.28805293864740433,-4.296729233195484
2.06,0.02926793638164468,0.27452549606722804,2.9439849751778535
2.08,0.03532467920707679,0.33114878647598317,2.718344065697658
2.1,0.04183368257081759,0.3197515498980969,-3.8580677234862826
2.12,0.046564280421492174,0.15330823516936132,-12.786263749387274
2.14,0.04881902447371333,0.07216617005275407,4.672057237726548
2.16,0.05076956254354126,0.12288763693003892,0.4000894500019365
2.18,0.05286482407701426,0.08663851641726138,-4.02500150127969
2.2,0.05328083725457887,-0.045037198660800484,-9.142570006526498
2.22,0.05053989565713665,-0.22905696108342127,-9.259406235735579
2.24,0.04346819596112413,-0.4781130085178307,-15.646198507705357
2.26,0.030185266399671295,-0.8501799476274532,-21.560495403256887
2.28,0.010518397517401173,-1.116506940599559,-5.072203893953677
2.3,-0.012181031408196024,-1.1534359519601607,1.379302757893495
2.32,-0.03457945570147424,-1.086406477367661,5.323644701356477
2.34,-0.054980550340691346,-0.9537029865540494,7.946704380004684
2.36,-0.0722466976675937,-0.7729117461361861,10.132419661781649
2.38,-0.08450951392560149,-0.4533698796645931,21.82176698537765
2.4,-0.09004106276403788,-0.09978500417904568,13.536720563177091
2.42,-0.09053685666680193,0.05020561390264042,1.462341244991519
2.44,-0.08810819730887402,0.1926603218901505,12.78312955375949
2.46,-0.08133491471100428,0.48466793789682405,16.417632046907862
2.48,-0.0673377900632173,0.9150445268818734,26.620026851597082
2.5,-0.04526448982113604,1.2922854973262528,11.104070192840844
2.52,-0.017565587065410566,1.4776047782462947,7.427857899163342
2.54,0.012303370776778266,1.5092910059725886,-4.259235126533948
2.56,0.04091802899241519,1.352174815591103,-11.452383911614595
2.58,0.0667199978522392,1.228022070391298,-0.9628906083658979
2.6,0.09100946543184295,1.2009246875690767,-1.74684767385624
2.62,0.11463289429058918,1.161418198305546,-2.2038012524968247
2.64,0.13704677546755017,1.0799699193905536,-5.941026639002419
2.66,0.15795461927363,1.0108144612174286,-0.9745191783100857
2.68,0.17720262113304466,0.9139857247240378,-8.708354471028992
2.7,0.19329360349359906,0.6951125113314016,-13.178966868234626
2.72,0.20380471613354254,0.355998752662946,-20.732408998610936
2.74,0.20754205986514887,0.017735620497687454,-13.093904217914918
2.76,0.20567677083300748,-0.20426452371182674,-9.1061102030365
2.78,0.1994796059467154,-0.4154519649173805,-12.012633917518876
2.8,0.18802430655837096,-0.7300779739170635,-19.449966982449432
2.82,0.1679474657625962,-1.2776061056604129,-35.3028461918855
2.84,0.13701654218108747,-1.81548625249046,-18.485168491119204
2.86,0.09720808693630899,-2.165359271987388,-16.502133458573617
2.88,0.05149229622802888,-2.4062197988406226,-7.583919226749817
2.9,0.003374966611776581,-2.4055131627846076,7.654582832351329
2.92,-0.0421538689503655,-2.1473703934296,18.159694103149427
2.94,-0.08158874186632051,-1.7961168981659006,16.965655423220518
2.96,-0.1160214232703887,-1.647151242240918,-2.069089830722259
2.98,-0.1482688414612689,-1.577590576847102,9.025156370103879
3.0,-0.177445048879881,-1.340030165014108,14.730884813195516
3.02,-0.20035526401880044,-0.9509913488778363,24.172996800431648
3.04,-0.21429843188396885,-0.4433254376390052,26.593594323451462
3.06,-0.2188384833104241,-0.010679705006519713,16.670978939797088
3.08,-0.2159912810110808,0.29539993494084904,13.936985054939786
3.1,-0.2082073894664243,0.4829892195248011,4.821943403455418
3.12,-0.1971511320386565,0.6226365232519796,9.142786969262433
3.14,-0.18096282809979267,0.9961938706344038,28.212947768979994
3.16,-0.1536166744494915,1.7384214943957117,46.00981460715081
3.18,-0.11024211132056576,2.5990348184968637,40.051517802964376
3.2,-0.053350044753206635,3.0901718382390486,9.062184171254103
3.22,0.006911332584158687,2.9359658954974837,-24.482778445410602
3.24,0.05958421181458909,2.3313220275455566,-35.981608349782086
3.26,0.09808806458276838,1.5190632492723721,-45.24426947753637
3.28,0.12089287276471829,0.7614175689226187,-30.52029855743897
3.3,0.13350924938788758,0.5002200933943104,4.400551004608147
3.32,0.1461102354894466,0.7598785167615915,21.565291332119962
3.34,0.16528777866629882,1.1578758009236305,18.234437084083936
3.36,0.1898641549095757,1.2997618234040575,-4.045834836041237
3.38,0.2110145907972652,0.8152817653648925,-44.40217096787527
3.4,0.21579829507161785,-0.33691133792962713,-70.8171393615767
3.42,0.19662443500051605,-1.5804746691805536,-53.53919376351594
3.44,0.15758958224231748,-2.3230106066393033,-20.714399982359055
3.46,0.10912753395963148,-2.523194221629296,0.6960384833597963
3.48,0.05863044464257272,-2.5265147100765804,-1.0280873280882377
3.5,0.007530804893916113,-2.5834492647890808,-4.6653681431618015
3.52,-0.044627529750858784,-2.6323841996884094,-0.22812534677105578
3.54,-0.09715350486791745,-2.6202133120174573,1.4452141138662815
3.56,-0.1500702797235902,-2.6714641735498166,-6.570300267102207
3.58,-0.2036911822187659,-2.690626075967754,4.654110025308499
3.6,-0.2554630566252743,-2.486561364683087,15.752361103158194
3.62,-0.3011202194883089,-2.079154921620375,24.988283203113
3.64,-0.3364123723263065,-1.4500603621793826,37.921172740986236
3.66,-0.35793037764682667,-0.7017401698726347,36.91084648968855
3.68,-0.36483600054443366,0.011177880111935878,34.3809585087685
3.7,-0.35549977974873476,0.9224441994579542,56.74567342583333
3.72,-0.322702596555626,2.3572741198529217,86.7373186136634
3.74,-0.2574414619720671,4.16883933850297,94.41920325134143
3.76,-0.15640954164910362,5.934352693793375,82.13213227769916
3.78,-0.029034002954805807,6.803201175636405,4.752715906603768
3.8,0.102669929745703,6.367192094414477,-48.35362402879652
3.82,0.2195706960308015,5.322884534095374,-56.07713200311383
3.84,0.31357506462412343,4.077552325236819,-68.45608888274175
3.86,0.3808157505072469,2.646516263075529,-74.6475173333872
3.88,0.4176930014432194,1.0412088305217198,-85.88322592199371
3.9,0.4199244059928489,-0.8180683755587697,-100.04449468605522
3.92,0.38725086750452986,-2.449285473273136,-63.07721508538141
3.94,0.33088912138334176,-3.1868891388456744,-10.68315147187245
3.96,0.26497009097922386,-3.4050139015661154,-11.12932480017166
3.98,0.1952874635055549,-3.563248845800781,-4.694169623294902
4.0,0.12350180222455945,-3.6153172822987645,-0.5126740265034124
4.02,0.04819555389692722,-3.915307550464457,-29.48635279006583
4.04,-0.03821838832691955,-4.7260866719202195,-51.59155935551042
4.06,-0.1408803288893846,-5.5401073843262845,-29.810511885096055
4.08,-0.2531070173225453,-5.682561458989788,15.56510441874572
4.1,-0.3621025847728364,-5.216995286039321,30.991512876300988
4.12,-0.4614452216897258,-4.717268405649617,18.981175162669466
4.14,-0.5495099451720775,-4.089203942585556,43.82527114373664
4.16,-0.618059491360728,-2.7657506762794943,88.5200554868695
4.18,-0.6562341788399026,-1.0517180716379686,82.88320497728307
4.2,-0.6617535387153657,0.4997820840916649,72.26681059568028
4.22,-0.6360255774315597,2.0730140442889295,85.0563854240462
4.24,-0.5762988400587694,3.8996596929901033,97.60817944607118
4.26,-0.480834357343754,5.646788578511437,77.10470910606216
4.28,-0.3541058623252445,7.026060923339514,60.82252537674563
4.3,-0.2025913363062816,8.125391678556774,49.110550144980294
4.32,-0.031495314399114425,8.98421051215994,36.77133321533641
4.34,0.1511980134333608,9.285122271087584,-6.680157322572025
4.36,0.3270515929962705,8.300235685203386,-91.8085012658478
4.38,0.470363587776196,6.030963792789166,-135.1186879755743
4.4,0.5638891531291127,3.321592742502501,-135.81841705309216
4.42,0.6041355166287941,0.7030436074656339,-126.03649645059454
4.44,0.5925236512619897,-1.8642301441460702,-130.69087871057587
4.46,0.5298562474186649,-4.402510240186411,-123.13713089345819
4.48,0.42121641825413536,-6.461472676266542,-82.75911271455487
4.5,0.2812647469635625,-7.533694452790743,-24.46306493786527
4.52,0.12819865019113205,-7.772915224452304,0.5409877717091938
4.54,-0.026507459874668647,-7.697695782127767,6.980956460744476
4.56,-0.17663487276978823,-7.315045507384191,31.28407101361314
4.58,-0.31516039059703443,-6.53750627534043,46.46985219076299
4.6,-0.4366135659654261,-5.607811261498739,46.49964919340616
4.62,-0.5367655704447551,-4.407389186434164,73.54255831305134
4.64,-0.6071642234722047,-2.6324761163107873,103.94874869928633
4.66,-0.6368865775011707,-0.33975928658581855,125.32293427321055
4.68,-0.6184882723829959,2.179589798403305,126.61197422570179
4.7,-0.5516541133832633,4.503826101569951,105.81165609096279
4.72,-0.4397651012882603,6.68507510793035,112.31324454507721
4.74,-0.2835442702634234,8.93700799455334,112.88004411722177
4.76,-0.08562226077261563,10.855192954527434,78.93845188018749
4.78,0.13995595200070815,11.702628322804944,5.805084947563557
4.8,0.3690355072688162,11.205327204005858,-55.53519682747228
4.82,0.5778881009791224,9.67993216702476,-97.00430687063749
4.84,0.7488064351611565,7.411901251178656,-129.79878471397282
4.86,0.870961630895686,4.803618322274294,-131.0295081764634
4.88,0.943708456560549,2.471064244212007,-102.22589962976525
4.9,0.9754488945197557,0.7029795517086599,-74.58256962056947
4.92,0.9751257912050043,-0.7352898831837984,-69.24437386867635
4.94,0.9466289227873254,-2.114396958584097,-68.66633367135353
4.96,0.8904724644020858,-3.5012488799398556,-70.01885846422232
4.98,0.8072089132821078,-4.825106232057951,-62.3668767475873
5.0,0.6971339150750474,-6.1823935886480825,-73.36185891142583
5.02,0.5575309122537814,-7.77790669347852,-86.1894515716179
5.04,0.3840435937716475,-9.570825154734868,-93.10239455401697
5.06,0.1737686291996876,-11.456671302461121,-95.48222021860832
5.08,-0.07297281754392419,-13.21747337190006,-80.5979867252855
5.1,-0.35134685375068847,-14.619930248776367,-59.6477009623452
5.12,-0.6489214279984865,-15.137527176003438,7.888008239638111
5.14,-0.9430304193316837,-14.273371957316286,78.52751362907703
5.16,-1.2090682131107064,-12.330407420585985,115.76894004395312
5.18,-1.4298409440452176,-9.746865672865125,142.5852347281329
5.2,-1.5936262561574175,-6.631665538354868,168.93477872289282
5.22,-1.6896095812881087,-2.966666974714251,197.5650776411689
5.24,-1.7062695669305257,1.3006684104725514,229.16846087751134
5.26,-1.6334883272436038,5.977455558219633,238.5102538971969
5.28,-1.471687352147923,10.202641951348447,184.00838541568453
5.3,-1.2370539459020589,13.260698673237968,121.79728677326756
5.32,-0.9514073958891849,15.303956328049427,82.52847870787832
5.34,-0.632803196436113,16.556463617257755,42.72225021295435
5.36,-0.2975606182917456,16.967794197178986,-1.5891922208311584
5.38,0.038828744678786574,16.67114209987423,-28.076017509644437
5.4,0.3652698672602439,15.972970158271504,-41.74117665062821
5.42,0.6758024013066426,15.080283246368364,-47.52751453968579
5.44,0.965160669649404,13.85554358790777,-74.9464513063736
5.46,1.2213289896848436,11.761288415636194,-134.4790659207839
5.48,1.4260367976946178,8.709492385341221,-170.70053710871343
5.5,1.5646204850263055,5.1488763478275485,-185.36106664265384
5.52,1.6302395633838285,1.4130314879247514,-188.22341934762585
5.54,1.6217900986879237,-2.2579779575152306,-178.87752519637235
5.56,1.5438259329987474,-5.5384386114024,-149.16854019234455
5.58,1.4060521722488282,-8.23893746358952,-120.88134502636751
5.6,1.2210284397088738,-10.26343579040592,-81.56848765527235
5.62,1.003445226128057,-11.494885567675746,-41.576490071710396
5.64,0.7687931650389024,-11.970320541239722,-5.967007284687227
5.66,0.5302456888469622,-11.884427077954294,14.556353613229973
5.68,0.2936336319190693,-11.776778614834994,-3.7915073012999407
5.7,0.05668340738418482,-11.918243838653456,-10.35501508054633
5.72,-0.18282828115005198,-12.032925014770221,-1.1131025311302132
5.74,-0.42368275693104385,-12.052522563328965,-0.8466523247442495
5.76,-0.6637480592194003,-11.954007665506676,10.698142106973078
5.78,-0.8975313913524772,-11.424325547801013,42.27006966359318
5.8,-1.1136247762553617,-10.185012942487441,81.66119086776405
5.82,-1.2971753464493898,-8.170044076915369,119.83569568944321
5.84,-1.4329878558879117,-5.411206866936816,156.04802530841218
5.86,-1.507697359884616,-2.059743532733613,179.0983081119081
5.88,-1.5125467409028093,1.5748054309142807,184.35658825288127
5.9,-1.4429329686123404,5.386571798132603,196.82004846895094
5.92,-1.2950438835645297,9.40233670664847,204.7564423826358
5.94,-1.0672725314223226,13.37479850757224,192.48973770974132
5.96,-0.7666378919374062,16.6886654409194,138.8969556249746
5.98,-0.4123897706776409,18.73614668505713,65.85116878879816
6.0,-0.029996578588677145,19.503172523839243,10.851415089413337
6.02,0.3587548378721202,19.371969122240493,-23.971755249288403
6.04,0.7377605812418402,18.528605214731506,-60.36463550161031
6.06,1.0898001206507473,16.675348726159203,-124.96101335561994
6.08,1.394072505247069,13.751889733472975,-167.38488591300293
6.1,1.6346915618685016,10.310015928670282,-176.80249456726628
6.12,1.8058189768531079,6.8027255697903435,-173.92654132072758
6.14,1.9072102524852605,3.3364019934249223,-172.70581631581453
6.16,1.9409587138919344,0.03844414724246459,-157.08996830243123
6.18,1.9109032340160916,-3.043992134826743,-151.1536599044895
6.2,1.814366335937745,-6.60969767300791,-205.4168939136272
6.22,1.6393257626165336,-10.894359659113238,-223.04930469690564
6.24,1.3800429847356313,-15.033918128977,-190.90654228947042
6.26,1.0452876521919996,-18.441615125386164,-149.86315735144612
6.28,0.6519743895098098,-20.889711142832812,-94.9464443932188
6.3,0.22138445908012114,-22.169281900136053,-33.010631337105096
6.32,-0.22284592120129346,-22.253756128005406,24.563208550169875
6.34,-0.6579648405666672,-21.258135808531968,74.99882339717405
6.36,-1.0625753310300678,-19.202913237808097,130.52343367521286
6.38,-1.4144049155985874,-15.980045219043856,191.76336820121128
6.4,-1.690059390346686,-11.58540225576601,247.70092812657322
6.42,-1.8704725284749093,-6.455911557056313,265.24814174439643
6.44,-1.9483623212832157,-1.333067723774331,247.0362415838017
6.46,-1.9252120729199134,3.648092560104568,251.0797868040882
6.48,-1.8036938726108207,8.503727470804698,234.48370426592476
6.5,-1.5913294097928283,12.73271881099454,188.4154297530594
6.52,-1.301926411935989,16.207580974689392,159.0707866164259
6.54,-0.9522949382094342,18.755566397966085,95.7277557112435
6.56,-0.566112453648884,19.86268205808894,14.98381030104187
6.58,-0.1730977917627946,19.438784130519995,-57.37360305793634
6.6,0.19920601953813738,17.7915969995732,-107.34511003674288
6.62,0.5308164032159753,15.369441368210596,-134.8704530995176
6.64,0.8095349884579673,12.502417155988605,-151.83196812268153
6.66,1.0292316857481143,9.46725257302609,-151.68449017356977
6.68,1.1874790854583082,6.357487397993294,-159.29202732970992
6.7,1.2825739803466438,3.152002090840272,-161.25650338559228
6.72,1.313882473769191,-0.021152748585556935,-156.0589805569906
6.74,1.283031930117955,-3.0639016165380504,-148.21590623825875
6.76,1.1929993291460048,-5.939358480656958,-139.32978017363206
6.78,1.048814827353493,-8.479091698594228,-114.64354162009485
6.8,0.8583668256546811,-10.565708471286953,-94.01813564917774
6.82,0.6314454275250037,-12.126431341680794,-62.05415139020636
6.84,0.3797191308306669,-13.046198327752881,-29.92254721700239
6.86,0.11465632417084559,-13.460082338229249,-11.465853830634359
6.88,-0.15226504699195476,-13.232054778050786,34.268609848480565
6.9,-0.40635326767511404,-12.176767290265142,71.26013893008387
6.92,-0.6329926163243845,-10.487167574661907,97.69983263023964
6.94,-0.821171477523111,-8.330718545210743,117.94507031487665
6.96,-0.9611774643813946,-5.669880140617614,148.1387701444363
6.98,-1.042465056621196,-2.4588790833625174,172.96133558107329
7.0,-1.0549370633853254,1.211678406949566,194.09441345013505
7.02,-0.993693332922471,4.912694639335882,176.00720978849648
7.04,-0.8655369343491828,7.902945217992938,123.01784807720907
7.06,-0.687685822401518,9.882165976773539,74.90422780085098
7.08,-0.48075022175695814,10.811394087682444,18.018583290039587
7.1,-0.26466127889323715,10.797500198689653,-19.40797218931873
7.12,-0.05561829193240362,10.1067984973937,-49.66219794027637
7.14,0.1345271674094553,8.90774743679219,-70.24290811987471
7.16,0.29732238880117695,7.371774702379974,-83.35436532134695
7.18,0.4273317268061882,5.62915909812115,-90.90719510453543
7.2,0.5223618477890069,3.8738530001607145,-84.62341469150807
7.22,0.5831608357307823,2.206045794016826,-82.15730592288075
7.24,0.6105002937400993,0.5279000069148769,-85.65727278731417
7.26,0.6017384014634882,-1.404089234575983,-107.54165136177183
7.28,0.549963845412827,-3.773366370490145,-129.38606222964438
7.3,0.4489807580410712,-6.324942366685431,-125.77153738988426
7.32,0.29895897148825534,-8.677236288596152,-109.45785480118772
7.34,0.10814071539807636,-10.404589320421747,-63.27744838137187
7.36,-0.10720809643905994,-11.130291863291882,-9.292805905641657
7.38,-0.3275083993199909,-10.89973842480121,32.348149754708814
7.4,-0.5333788721213362,-9.68730885533332,88.89480719208024
7.42,-0.7047111305959861,-7.445916992131673,135.2443791280845
7.44,-0.8243914984068105,-4.5221197889507625,157.13534119000664
7.46,-0.8826968097113119,-1.308411341499382,164.23550355513137
7.48,-0.8770380251778075,1.874289794849826,154.03461007978942
7.5,-0.8096283584332152,4.8666768796094,145.20409839616795
7.52,-0.6863716372841688,7.45899523529524,114.02773717241601
7.54,-0.5226195215263408,8.916216340487559,31.694373346815894
7.56,-0.3444994382944907,8.895791982697457,-33.73680912582615
7.58,-0.17433401480833716,8.120750365917898,-43.767352552129786
7.6,-0.019836913372878722,7.328959777627947,-35.41170627686528
7.62,0.11914914552104407,6.5696461117643326,-40.51966030949618
7.64,0.24115901898994227,5.631341235125488,-53.31082735438826
7.66,0.3436556269295373,4.6183195588340125,-47.9913402747593
7.68,0.4288152970635868,3.897647454570939,-24.07587015154801
7.7,0.5001522379582688,3.236046634897262,-42.08421181581971
7.72,0.5528434946844202,2.033079037717876,-78.21254790211887
7.74,0.5768644136829373,0.36901286213383444,-88.19406965628525
7.76,0.5681796688921154,-1.2374873412160274,-72.45595067870093
7.78,0.5312480917909752,-2.4556703688979873,-49.36235208949503
7.8,0.47200750674599146,-3.468388135600388,-51.90942458074504
7.82,0.3915856807832406,-4.5737944606747005,-58.6312079266862
7.84,0.2880784074806345,-5.776932869585905,-61.682632964434234
7.86,0.16367504266685534,-6.6634036117920115,-26.96444125617643
7.88,0.029901990796946016,-6.71390157519892,21.914644915485514
7.9,-0.09922851243812048,-6.19914874830773,29.560637773633534
7.92,-0.2183416826060141,-5.7121682684816335,19.137410208976096
7.94,-0.32725807506140425,-5.179470977057381,34.132318933449184
7.96,-0.4206687096915146,-4.161592485953653,67.65553017692365
7.98,-0.4888700640667339,-2.6585429515682764,82.64942326161405
8.0,-0.5248172265007369,-0.9361732918320267,89.58754271201092
8.02,-0.5265770391677637,0.7601920251293528,80.04898898412704
8.04,-0.49721199933918475,2.1763119577285384,61.5630042757915
8.06,-0.4406166750522234,3.4832204709675962,69.12784704811428
8.08,-0.35683839307556214,4.89460772669853,72.0108785249791
8.1,-0.24908921563846706,5.880310017010977,26.559350506265602
8.12,-0.12948876052827818,6.079735494007911,-6.61680280657221
8.14,-0.007485152020313357,6.120625356788571,10.705789084638102
8.16,0.11781782014636112,6.409671859878876,18.198861224392424
8.18,0.24840291599132486,6.648837724617498,5.7177252494697655
8.2,0.3812634000525814,6.637210681508156,-6.880429560403892
8.22,0.5096623798650047,6.202687299734176,-36.57190861699407
8.24,0.6206347167100726,4.894546384772615,-94.24218287916204
8.26,0.6967463354147821,2.7166154856983353,-123.55090702826587
8.28,0.7276318091255666,0.37193188538010746,-110.91745300355691
8.3,0.7138958217665006,-1.7455306212867079,-100.82879766312462
8.32,0.6612213293662876,-3.5219186187345857,-76.81000208166316
8.34,0.5795272126618252,-4.647493051711661,-35.74744121604435
8.36,0.48168471408690666,-5.13675680578019,-13.178934190808583
8.38,0.3771247829000961,-5.319236312900865,-5.069016521258945
8.4,0.2695139469181576,-5.441847285292983,-7.192080717952816
8.42,0.1588012067795139,-5.629426728571388,-11.565863609887632
8.44,0.04384768218398966,-5.865925730981036,-12.084036631077229
8.46,-0.07634831385738489,-6.153673873156418,-16.690777586460907
8.48,-0.20234215802840094,-6.445710543945188,-12.512889492416097
8.5,-0.33144526728053453,-6.464600381268171,10.623905760117808
8.52,-0.45601113019043854,-5.9919859097222306,36.63754139447621
8.54,-0.565761332295038,-4.983034300737716,64.25761950397532
8.56,-0.649353477913939,-3.3761802611523897,96.42778445455727
8.58,-0.69695467757451,-1.3839397049047077,102.79627117021093
8.6,-0.7049018199037212,0.5892254719835843,94.52024651861828
8.62,-0.6739023087605622,2.510725642332318,97.62977051625506
8.64,-0.6033970426271879,4.5398009710051195,105.2777623510251
8.66,-0.49164854850086176,6.6350484416274895,104.24698471121192
8.68,-0.33976984239256564,8.552822169202123,87.53038804625152
8.7,-0.1548768793941834,9.9364741306361,50.83480809714612
8.72,0.0495445153050737,10.50566533928961,6.0843127682049385
8.74,0.25774635667965135,10.314518798168153,-25.198966880350575
8.76,0.4563324058136733,9.54408611523404,-51.84430141306077
8.78,0.6343470790693062,8.257381210329253,-76.8261890774179
8.8,0.7825324434261945,6.561155225359579,-92.79640941954946
8.82,0.8936405618919048,4.549656621211442,-108.3534509952643
8.84,0.9609562815325138,2.1819153428494586,-128.42067684093402
8.86,0.9774565542937733,-0.5318880667235053,-142.95966411636235
8.88,0.9406395628105284,-3.1498110816009857,-118.83263737138569
8.9,0.8571347061656821,-5.200674582883645,-86.25371275688016
8.92,0.7373694206367941,-6.775853970005153,-71.26422595527069
8.94,0.5887659168300592,-8.084496410668338,-59.60001811104783
8.96,0.4168580480187711,-9.106290470460472,-42.5793878681655
8.98,0.23030783142920624,-9.54873118849601,-1.664683935388389
9.0,0.042532028082263015,-9.228849146198312,33.65288816515817
9.02,-0.13325020186891598,-8.349373848919583,54.29464156271468
9.04,-0.29026791919994377,-7.352397884183196,45.402954910924116
9.06,-0.42902082976700745,-6.5228931725231725,37.54751625507817
9.08,-0.5490992861776693,-5.484952468543017,66.24655414293741
9.1,-0.6418360335235754,-3.788722266047592,103.37646610660505
9.12,-0.6960463412739972,-1.6323085089945866,112.26490959869545
9.14,-0.708039341828658,0.43300845352850725,94.2667866536139
9.16,-0.682553292693612,2.1155964599760964,73.99201399114503
9.18,-0.626860337897048,3.453699019680304,59.81824197927571
9.2,-0.5474657310353456,4.485761666489936,43.38802270168753
9.22,-0.45158240499434676,5.102570937609944,18.29290441031332
9.24,-0.3458194100153465,5.473728560290082,18.822857857700455
9.26,-0.23069810785603023,6.038401655641544,37.644451677445716
9.28,-0.10332077318788109,6.699331811173372,28.448563875737037
9.3,0.03275021299018038,6.907766806632774,-7.6050643297967575
9.32,0.16598414690165153,6.4156265845143405,-41.60895788204664
9.34,0.28291525616888524,5.277484342209031,-72.20526634848432
9.36,0.3719912686638535,3.6301169072877952,-92.53147714363931
9.38,0.42461351886172033,1.6321081124988857,-107.26940233525164
9.4,0.43462840001413294,-0.6306199972576245,-119.00340864039936
9.42,0.39853900350310634,-2.978319653845036,-115.76655701834179
9.44,0.3184335602183985,-5.032224674625745,-89.62394505972915
9.46,0.20380202285832866,-6.430929061381241,-50.24649361582047
9.48,0.06912547774698993,-7.036725449752632,-10.333145221318603
9.5,-0.06974759502463518,-6.8505818274098775,28.947507455594085
9.52,-0.19883108207871428,-6.057766877998031,50.33398748559055
9.54,-0.3081135857644127,-4.870483490571813,68.39435125703122
9.56,-0.3898239437198857,-3.3005523049754864,88.59876730260143
9.58,-0.43729102771955486,-1.4461560949914285,96.84085369580436
9.6,-0.44928034106040204,0.24722476090670975,72.49723189400947
9.62,-0.43370476154407317,1.3103331907261777,33.81361108793732
9.64,-0.4027087138552391,1.7892715781572295,14.08022765516786
9.66,-0.36476590246583307,2.005009560783373,7.493570607446493
9.68,-0.3240359532251848,2.067985363281454,-1.195990357638391
9.7,-0.2840918978006806,1.9264201791689644,-12.960528053610567
9.72,-0.24778814906752913,1.7039546941461838,-9.286020448667475
9.74,-0.21342670067033906,1.7321901455728237,12.109565591331464
9.76,-0.173457918662413,2.264688055219782,41.14022537336436
9.78,-0.11800598517099509,3.2805052939220096,60.4414984968584
9.8,-0.04106304142246501,4.413789080930998,52.88688020404048
9.82,0.05441693570191928,5.1342086315074305,19.155074853602684
9.84,0.1579929374832946,5.2233915466301015,-10.236783341335599
9.86,0.25884702372514884,4.862017077555322,-25.900663566142345
9.88,0.3490875218305882,4.1620327329886155,-44.09777089052831
9.9,0.4205095102650466,2.9801661104572243,-74.08889136261081
9.92,0.4635494984310124,1.3238327061393527,-91.54444906917635
9.94,0.47357950618397915,-0.3208319308426777,-72.92201462902668
9.96,0.45568537720006175,-1.4685809675490624,-41.8528890416118
9.98,0.4207003826014443,-2.02991849231268,-14.280863434749953
10.0,0.37870255697929167,-2.169864069902585,0.28630567575941157
10.02,0.3355261838884719,-2.147773239179393,1.9227773965597814
10.04,0.2927024608478422,-2.1345990648835773,-0.6053599669782015
10.06,0.24882244704140774,-2.253402315759867,-11.274965120650783
10.08,0.20023787321306255,-2.6050550670746517,-23.890310010827704
10.1,0.14300858019844395,-3.117874234387208,-27.391606720427887
10.12,0.07556508888358418,-3.6264748970987695,-23.468459550728248
10.14,-0.0009468128687859726,-4.024715278138247,-16.355578553219495
10.16,-0.0826363136831547,-4.144234803298625,4.403626037181738
10.18,-0.1618757635206969,-3.7797101804555955,32.048836247121194
10.2,-0.22883345852032255,-2.9160593195069686,54.31624984774148
10.22,-0.27530490007006264,-1.7310848354670398,64.18119855625139
10.24,-0.29800593545528764,-0.5390187030554603,55.025414684906565
10.26,-0.2994951668668637,0.39009556189785166,37.886011810424634
10.28,-0.2852310825650763,1.0363128682808922,26.735718827879424
10.3,-0.2592522798799485,1.5615674002318891,25.789734367220255
10.32,-0.22312432974176902,2.051227613586057,23.17628696819652
10.34,-0.1782726526429977,2.433940096291076,15.094961302305414
10.36,-0.12777737405303724,2.615587762704968,3.0698053390838034
10.38,-0.07628810618470912,2.5333390241278435,-11.294679196796254
10.4,-0.028944791159051884,2.2009924784378803,-21.939975372200088
10.42,0.010365642415817562,1.730050879049065,-25.15418456668145
10.44,0.03924756474049244,1.1581413534184222,-32.03676799638283
10.46,0.054585130133245376,0.3756151858568717,-46.21584875977222
10.48,0.05265049253434218,-0.5690789457471911,-48.253564400634055
10.5,0.033087457466823414,-1.3872245610046856,-33.5609971251154
10.52,0.0007345570112822332,-1.848065484549432,-12.523095229359242
10.54,-0.03779029476334449,-2.0044196929132405,-3.112325607021594
10.56,-0.0785842415178168,-2.0749749825339907,-3.943203355053428
10.58,-0.12090837557791093,-2.1574384234754214,-4.303140739089629
10.6,-0.16537004663826185,-2.288728682559671,-8.825885169335347
10.62,-0.21286480209371864,-2.4607468629860074,-8.375932873298307
10.64,-0.26198802774986574,-2.451575702628703,9.293048909028776
10.66,-0.3061298032205741,-1.962601844442133,39.604336909628216
10.68,-0.33511899465768813,-0.936317299269271,63.024117607657985
10.7,-0.3406847936643883,0.3797373985992534,68.58135217919445
10.72,-0.3209620332076365,1.5925386470759275,52.698772668472955
10.74,-0.28161911695872976,2.341752977814746,22.222660405408888
10.76,-0.23216745358523355,2.603413359534875,3.943377766603991
10.78,-0.17901244274661163,2.712087724327317,6.924058712640244
10.8,-0.12239545544960355,2.949611005373491,16.82826939197713
10.82,-0.05918314096673397,3.3716204429134655,25.372674362020334
10.84,0.01347606119750062,3.894299773509993,26.895258697632407
10.86,0.09574632266027669,4.332726372767613,16.947401228129593
10.88,0.18380773857034047,4.473415218238765,-2.8785166810144585
10.9,0.26948405695238903,4.09421661996609,-35.04134314625299
10.92,0.34143406684759,3.100784369554005,-64.30188189495553
10.94,0.38927591075788726,1.683400021475722,-77.43655291287277
10.96,0.4086477592102431,0.25378482375986233,-65.52496685871321
10.98,0.4023127366913681,-0.8872870756473645,-48.58222308200948
11.0,0.37505808897626053,-1.8381776958633904,-46.50683893959311
11.02,0.3288228195702354,-2.7853492447391224,-48.210315947980064
11.04,0.26350404934509214,-3.7465277777752037,-47.907537355628065
11.06,0.17997170060687834,-4.606707096046176,-38.11039447146912
11.08,0.0817338247754387,-5.217080487097789,-22.92694463369223
11.1,-0.025514864614939126,-5.507788451939994,-6.143851850528222
11.12,-0.13537889803734823,-5.478614890300918,9.061208014435813
11.14,-0.2412608444117608,-5.109579747140337,27.8423063016222
11.16,-0.33616852723179325,-4.381188534862908,44.996814926120734
11.18,-0.41375267924983383,-3.3772266669411506,55.39937186605498
11.2,-0.4686273082426083,-2.1102362323362946,71.29967159443063
11.22,-0.49519948171891726,-0.546981115294602,85.02584010973862
11.24,-0.48898302019165213,1.1686272680211145,86.53499822183304
11.26,-0.44917772697029634,2.811902054114464,77.79248038750191
11.28,-0.37978628365502126,4.1272422774130435,53.741541942356065
11.3,-0.2896582125936064,4.885564828728441,22.090713189183703
11.32,-0.18958796318758203,5.121460111873996,1.498815125371845
11.34,-0.0867415233123162,5.163183875652587,2.6735612524872376
11.36,0.01753629559174729,5.264598014753762,7.467852657630232
11.38,0.1231666816030322,5.298440586374729,-4.083595495533588
11.4,0.2267252326702399,5.0574145203460406,-20.019011107335196
11.42,0.32307812742138353,4.577874954768323,-27.934945450436572
11.44,0.4091889724874093,4.033209551834256,-26.531594842970065
11.46,0.4842037593866004,3.468269138084849,-29.96244653197062
11.48,0.5455168531612004,2.6630402393751487,-50.56044333899944
11.5,0.586281256896484,1.4134001341532183,-74.40356718319359
11.52,0.5985335426792674,-0.18817155587488155,-85.75360181961639
11.54,0.5777648019153533,-1.888702520516529,-84.29949464454836
11.56,0.5238768288477675,-3.5000947862420455,-76.83973192800326
11.58,0.43964256914391564,-4.9233311841431435,-65.48390786210655
11.6,0.3304696960283174,-5.993956127416682,-41.578586465247355
11.62,0.20563154986287982,-6.489858489127074,-8.011649705791811
11.64,0.0776261836123957,-6.310678135921338,25.929685026365323
11.66,-0.04088029189655758,-5.53996941497399,51.14118706836949
11.68,-0.1401466096611499,-4.38666236148524,64.18951828050552
11.7,-0.21440102796661692,-3.038779469061462,70.5987709618723
11.72,-0.26058682332605876,-1.579800066882722,75.2991692560017
11.74,-0.27760102578689555,-0.12162017920095725,70.51881951217476
11.76,-0.2674670631305937,1.1350164448311417,55.144842891035125
11.78,-0.2352683135213407,2.084858516094159,39.839364235266615
11.8,-0.18689911964766912,2.752060871272999,26.880871282617377
11.82,-0.1275538071356465,3.1824703799292613,16.16007958300888
11.84,-0.06139118162173768,3.433792171461622,8.972099570227186
11.86,0.00913651368287392,3.618977358999538,9.54641918356441
11.88,0.08336412567146134,3.803783839859204,8.934228902402172
11.9,0.15977322793234752,3.8371263862294143,-5.599974265381144
11.92,0.2333478738005081,3.5203382005866426,-26.078844298896037
11.94,0.29725254899298154,2.8701293186607026,-38.942043893697964
11.96,0.34629277960455457,2.0338937424966,-44.68151372271226
11.98,0.3780452535923528,1.1413536562832234,-44.572494898625415
12.0,0.39215178417110536,0.2692994015920317,-42.63293057049375
12.02,0.38907310708276555,-0.5771671104260127,-42.01372063131068
12.04,0.369743484277881,-1.355795170062441,-35.84908533233217
12.06,0.3358666040100116,-2.031892856724498,-31.76068333387351
12.08,0.2887005292516278,-2.6847146191138824,-33.52149290506491
12.1,0.2289014407239648,-3.2951942336524196,-27.52646854878882
12.12,0.15880299187267344,-3.7146506514767155,-14.419173233640777
12.14,0.08257386478939903,-3.908262056850725,-4.941967303760208
12.16,0.00410700645142858,-3.9384237769463186,1.9257952942008432
12.18,-0.0732023570238882,-3.7925125705853597,12.665325341895041
12.2,-0.14536724380823357,-3.4239761078491773,24.18832093172322
12.22,-0.2082654612980251,-2.865845641129974,31.624725740197114
12.24,-0.258990725521973,-2.2066807812648164,34.29176024631867
12.26,-0.29623343271756547,-1.5175899382944307,34.61732405071991
12.28,-0.3193203111921903,-0.7910979091680508,38.03187886191808
12.3,-0.3270066734465223,0.02246168373485058,43.32408042837205
12.32,-0.318140752864947,0.8641303744226809,40.84278864041098
12.34,-0.2935920401203915,1.590740900032869,31.818263920607826
12.36,-0.25605272227009107,2.1631908849971713,25.426734575822408
12.38,-0.20822428107924593,2.6196532340873433,20.21950033319478
12.4,-0.15254453356829803,2.9483215170074457,12.647327958815481
12.42,-0.09248391126229312,3.057740713593045,-1.7054083002555434
12.44,-0.033262430307847535,2.864407381851513,-17.62792487389764
12.46,0.019166355198259627,2.3784711687592033,-30.965696435333335
12.48,0.05958976555552378,1.6638698669672123,-40.49443374386575
12.5,0.08460345678179694,0.8374992556601032,-42.142627386845156
12.52,0.09314283093119712,0.01643815927991421,-39.96348225117374
12.54,0.08570616670782318,-0.7601045816173082,-37.6907918385485
12.56,0.06348952064177323,-1.461560024987687,-32.45475249848936
12.58,0.02907272213100012,-1.9801198260896231,-19.401227611704257
12.6,-0.013390777013539369,-2.266230088364326,-9.20979861576599
12.62,-0.060100950372771564,-2.404787247558893,-4.64591730369076
12.64,-0.10845337068121844,-2.430454783285794,2.079163731000652
12.66,-0.15587789611265648,-2.3119977598580106,9.76653861177771
12.68,-0.1993837523331237,-2.0385878621887104,17.574451155152303
12.7,-0.23585524607423572,-1.6085615119224923,25.428183871469507
12.72,-0.26234706412805653,-1.0406202934595887,31.365937974820852
12.74,-0.2770856679827406,-0.4332400920088173,29.37208217025629
12.76,-0.28097771975855446,0.04403491442743085,18.355418473368523
12.78,-0.277463399672768,0.307397094151214,7.980799499009795
12.8,-0.2704329679884277,0.39564607428281695,0.8440985141504989
12.82,-0.26254037131226154,0.39361359333379825,-1.0473466090523695
12.84,-0.25468030457880647,0.39239308001170903,0.9252952768434479
12.86,-0.24586645688984746,0.48899168888419237,8.734565610404886
12.88,-0.23358355346079224,0.7392986540213295,16.296130903308832
12.9,-0.21560856778312013,1.0581999137458815,15.59399506914637
12.92,-0.19187663529564675,1.3149933350014562,10.085347056411113
12.94,-0.16376587554344849,1.49608264021837,8.023583465280268
12.96,-0.13150621432002257,1.7298834821242213,15.356500725304858
12.98,-0.09349897829551795,2.070840120326241,18.739163094897105
13.0,-0.04857608875479234,2.42144883374632,16.321708247110767
13.02,0.002802543161884392,2.7164143579213533,13.174844170392607
13.04,0.059021293693656655,2.905460695255873,5.729789563059363
13.06,0.11687544033303116,2.879953968681577,-8.280462220488964
13.08,0.17156282999910125,2.5887849979254316,-20.836434855125596
13.1,0.21847649836559135,2.102581838723579,-27.783881065059674
13.12,0.25496802468060187,1.5465707927774721,-27.817223529550994
13.14,0.28084326151202943,1.0409528903652838,-22.74456671166783
13.16,0.2973526482249947,0.609985780931242,-20.352144231736354
13.18,0.3057266964492295,0.22741904149223996,-17.90452971216385
13.2,0.3069816591277958,-0.10192277363561147,-15.029651800621295
13.22,0.30221129114803696,-0.3751140243402713,-12.289473269844684
13.24,0.2919630646676585,-0.6497086236975773,-15.169986665885919
13.26,0.27542388943327245,-1.0042088997410255,-20.280040938458892
13.28,0.25156002273384154,-1.382177770202066,-17.516846107645154
13.3,0.221042763981573,-1.6695481050247887,-11.220187374627113
13.32,0.18590021459373746,-1.8447068337587649,-6.295685498770506
13.34,0.14811928859286316,-1.9333857663286644,-2.572207758219438
13.36,0.1092646943685209,-1.9520736561055616,0.703418780529721
13.38,0.07061309816938292,-1.9130859638082365,3.1953504492027864
13.4,0.03256621729782691,-1.8916021233473648,-1.0469664031156212
13.42,-0.006089000411837211,-1.9739196476190477,-7.18478602405266
13.44,-0.04681584214589293,-2.098764525786524,-5.299701792694997
13.46,-0.08896966534273562,-2.1166177938977446,3.514374981572963
13.48,-0.1296253562134831,-1.9489512931770023,13.252275090501264
13.5,-0.16477792549556827,-1.566305635031516,25.01229072404736
13.52,-0.19018023036207823,-0.9739248516194802,34.22578761715623
13.54,-0.20276653285703153,-0.28470539787584936,34.69615775720685
13.56,-0.20176607200850616,0.38475148272838633,32.249530303216716
13.58,-0.18750937832055922,1.0409178860663073,33.36711003057539
13.6,-0.15961907825292976,1.748112120696639,37.35231343245778
13.62,-0.11739794533921111,2.474001170675226,35.236591565400914
13.64,-0.06178589990151099,3.087203373094786,26.083628676555065
13.66,0.0039620507264921485,3.487591689705528,13.955202984519126
13.68,0.07522884621739413,3.6390878593846705,1.194413983395128
13.7,0.14674250184223714,3.5122777030996306,-13.875429611899117
13.72,0.2128427721797016,3.097749330646816,-27.577407633382336
13.74,0.2679719294951229,2.415166400895312,-40.68088534176805
13.76,0.3068255361931184,1.470194268904241,-53.81632785733906
13.78,0.32477079995025815,0.3243321068097318,-60.76988835211186
13.8,0.31913677816452746,-0.887734285382801,-60.43675086714141
13.82,0.28973752587738355,-2.0521909433315897,-56.00891492773745
13.84,0.2386121800011063,-3.060343644296136,-44.806355168717204
13.86,0.16981501923258732,-3.8193724325557605,-31.09652365724527
13.88,0.08822312353097889,-4.339817137605083,-20.947946847686943
13.9,-0.002186480447329208,-4.701143260225726,-15.184665414377406
13.92,-0.09868892683316118,-4.94910137835747,-9.611146398797011
13.94,-0.19872265555952975,-5.054271494279387,-0.905865193394666
13.96,-0.29837107738748364,-4.910570688516001,15.27594576973326
13.98,-0.39111176906431894,-4.363498479167529,39.43127516511405
14.0,-0.4688643720399781,-3.4117618183983875,55.74239091180005
14.02,-0.525059945870695,-2.2077955646733054,64.65423446070815
14.04,-0.5556661640079168,-0.8528262490488694,70.84269710173544
14.06,-0.5582842106466632,0.5910215851742266,73.54208632057416
14.08,-0.53146240964489,2.0911585150030962,76.47160666231278
14.1,-0.474383051882711,3.6167772612148017,76.0902679588578
14.12,-0.38771035870074727,5.050492056981572,67.28121161781925
14.14,-0.2751263647446627,6.207907338626887,48.460316546712335
14.16,-0.14400612518418987,6.904116617420394,21.16061133263834
14.18,-0.004048896802641194,7.091606220734472,-2.4116510012305135
14.2,0.13553066520270787,6.866349979800434,-20.113973092173293
14.22,0.2669464768233734,6.275231182266118,-38.99790666125823
14.24,0.38261722696758943,5.291843832155484,-59.34082834980521
14.26,0.4750986952283119,3.956302993916761,-74.21325547406713
14.28,0.5387918271287546,2.4130101961275123,-80.11602430485775
14.3,0.570865209096073,0.7943280006043225,-81.75219524746123
14.32,0.5708403100102745,-0.7968179091841727,-77.36239573138829
14.34,0.5403295716088634,-2.2542559309569326,-68.38140644588768
14.36,0.48254041920122803,-3.524659309806606,-58.65893143907962
14.38,0.40148345937107105,-4.581036673209092,-46.97880490116897
14.4,0.3014951375924262,-5.417795504655394,-36.697078243461235
14.42,0.1870079083692308,-6.030927417664143,-24.616113057413692
14.44,0.06298860138084375,-6.371003281174563,-9.391473293628259
14.46,-0.06436022163898711,-6.363879020808523,10.103899330232245
14.48,-0.1874373467072796,-5.943833486020726,31.90065414854744
14.5,-0.2982258055398137,-5.135012397232685,48.98145473025662
14.52,-0.38993847082672617,-4.036254131458561,60.8943718471557
14.54,-0.45769003877118186,-2.7389026629870084,68.84077499999955
14.56,-0.4982446461912166,-1.3165580790164666,73.39368339705462
14.58,-0.509976698200999,0.14335287803822783,72.59741230841482
14.6,-0.49296670989162544,1.5576459528991282,68.83189517767522
14.62,-0.44842477355747185,2.896547680516232,65.05827758403512
14.64,-0.3781440859522253,4.1315210800084206,58.43906236518377
14.66,-0.2849419904884505,5.188688466369063,47.27767627088049
14.68,-0.17300092469810935,6.00541811266505,34.395288358718204
14.7,-0.04738578391829505,6.556095965316377,20.672496906414466
14.72,0.08628943366837535,6.8114257933506615,4.860485897013952
14.74,0.2219273203618623,6.752362875998033,-10.76677763227681
14.76,0.3531250355302467,6.367408640840408,-27.728645883485708
14.78,0.4728272932983379,5.60281713596871,-48.73050460368407
14.8,0.5730822466080782,4.422678195005316,-69.28338949265526
14.82,0.6464227088226586,2.91136802645273,-81.84762736260336
14.84,0.6878545581372437,1.2318169050057797,-86.10748478209169
14.86,0.6955027297948886,-0.46699973924129323,-83.7741796426156
14.88,0.6698449845067697,-2.0987747895705997,-79.40332539031502
14.9,0.612506224141969,-3.635101246909468,-74.22932034357183
14.92,0.5260237967833189,-5.01314148895554,-63.574703861035374
14.94,0.41483813580829315,-6.105424608547034,-45.65360809811408
14.96,0.2857671100496917,-6.801677967313112,-23.97172777849366
14.98,0.1469375971941916,-7.081273318236896,-3.987807313884705
15.0,0.00649260066154989,-6.963226335027278,15.792505634846576
15.02,-0.12782928238538876,-6.468961969666586,33.63393090122258
15.04,-0.24922552801520703,-5.67066259331524,46.19600673391211
15.06,-0.35281814731752087,-4.688599336916144,52.0103189059975
15.08,-0.43590227168733015,-3.6198131000647837,54.868304779138505
15.1,-0.4973193610413885,-2.521895835341054,54.92342169323451
15.12,-0.5369736547955118,-1.4435335400712785,52.912807833743024
15.14,-0.5553232753739745,-0.391428517774989,52.297694395885934
15.16,-0.5526558442145287,0.6581716337195678,52.66232075356975
15.18,-0.5288746527363761,1.719947514095693,53.51526728404277
15.2,-0.4842624368891399,2.741274070627931,48.61738836918101
15.22,-0.4207084921592048,3.614120402365578,38.66724480458371
15.24,-0.34212297198919295,4.244431614635607,24.36387642241923
15.26,-0.25396819751771244,4.571045832512445,8.297545365264519
15.28,-0.16206171859734764,4.619602059524036,-3.4419226641054115
15.3,-0.07119960562159527,4.4666092380512,-11.857359483178186
15.32,0.015088883889082166,4.162239713016544,-18.579593020287433
15.34,0.09388682434117679,3.7175543321929183,-25.88894506207513
15.36,0.1623973044721491,3.1334936809043117,-32.51712006678552
15.38,0.218033282515852,2.430104123465979,-37.82183567704779
15.4,0.2586614583003398,1.6327134549828037,-41.917231171269705
15.42,0.28275876996337196,0.7770177113204102,-43.652343194969646
15.44,0.2895060943844307,-0.10228526921453596,-44.277954858524964
15.46,0.2787518810813779,-0.9731360610907458,-42.80712432909601
15.48,0.25141245307807797,-1.760806739239246,-35.95994348575398
15.5,0.21004265664446717,-2.376172904121834,-25.576673002504812
15.52,0.15846299119868015,-2.7817936404568675,-14.98540063099854
15.54,0.10065127475827809,-2.9993780035833386,-6.773035681648569
15.56,0.03976394252294689,-3.0893552199497814,-2.2246859549957243
15.58,-0.022095455199023336,-3.0965845522472413,1.5017527252497294
15.6,-0.08331281090619297,-3.0251510184697215,5.641600652502272
15.62,-0.14209821381556673,-2.853389272467654,11.534573947704448
15.64,-0.1959227486090255,-2.5290642068782234,20.897932611238627
15.66,-0.24131980462757732,-2.0106413949769584,30.9443485788879
15.68,-0.27457697370326445,-1.3150755125917546,38.61223965963249
15.7,-0.2925869910377157,-0.4859262208533689,44.30268951420608
15.72,-0.2931532475293374,0.42930057169119584,47.2199897402504
15.74,-0.27516207182967545,1.3698169982750006,46.83165291813009
15.76,-0.23901257884999053,2.2451322996934917,40.699877223719014
15.78,-0.18713832426908925,2.9422931583966365,29.016208646595473
15.8,-0.12348830404231072,3.4227088642812165,19.02536194186252
15.82,-0.05196939307123019,3.729182232826836,11.621974912699397
15.84,0.024071883064845017,3.874945380780685,2.9543398826855345
15.86,0.10091842346961787,3.809708659696599,-9.47801199109413
15.88,0.17395926963097033,3.494375956438647,-22.055258334701065
15.9,0.2385108221289894,2.960779293363261,-31.304407972837566
15.92,0.29089165378756765,2.2773038724945627,-37.043134114032256
15.94,0.32846018305493185,1.4795490542418577,-42.73234771123825
15.96,0.34898295718824096,0.5727283590890531,-47.94972180404221
15.98,0.35083466249612716,-0.3875578283004333,-48.078896934906425
16.0,0.33402870000175844,-1.2930384211364387,-42.46916234869413
16.02,0.30029428213993564,-2.080403365045841,-36.26733204224608
16.04,0.25188873387587474,-2.760151461360249,-31.707477589194724
16.06,0.19103651406910238,-3.325070519316986,-24.784428206478992
16.08,0.12044216184382664,-3.734364703210588,-16.144990182881216
16.1,0.04335412240713201,-3.9744392404588744,-7.862463541947381
16.12,-0.036942170566293765,-4.055190056883703,-0.21261810053541907
16.14,-0.11727867391209766,-3.978460277696686,7.885596019237087
16.16,-0.19442190031233852,-3.7358623623274,16.3741955176915
16.18,-0.26468211204466274,-3.2901588109050213,28.196159624546365
16.2,-0.32379806633385944,-2.6214366180146476,38.67605966449102
16.22,-0.36779110423424294,-1.7778671720237025,45.6808849346035
16.24,-0.39381741234939505,-0.8247636394915081,49.629468318615935
16.26,-0.4001513904860443,0.19136582582658157,51.983478213193024
16.28,-0.3859649034332602,1.227282879451832,51.60822714933202
16.3,-0.35183424570289973,2.1857828935842125,44.24177426390604
16.32,-0.30011228016139757,2.986413660566003,35.82130243427302
16.34,-0.23419250060186278,3.6055642953874756,26.093761047874253
16.36,-0.15784481990846133,4.029203773952669,16.270186808645114
16.38,-0.07510610449140045,4.244667767753418,5.276212571429795
16.4,0.009651058205834596,4.231048501970087,-6.6381391497628845
16.42,0.09184071714358683,3.987917391805136,-17.67497186673225
16.44,0.16723870160919393,3.5518810547555746,-25.928661838223874
16.46,0.23258459065132256,2.982707849457287,-30.988658691604854
16.48,0.2856189191456329,2.320724999973749,-35.20962625674896
16.5,0.3246792467395833,1.5853077594212905,-38.33209779849689
16.52,0.34830278265390324,0.7770458320107022,-42.494094942561944
16.54,0.35511479375060373,-0.09584472234065367,-44.79496049257364
16.56,0.3443339824062152,-0.9822364120981982,-43.84420848318082
16.58,0.31625737429974765,-1.8254243985485576,-40.47459016185512
16.6,0.27233595466858995,-2.566717564567212,-33.65472644001031
16.62,0.21551033333807973,-3.1158445684838108,-21.25797395164959
16.64,0.15038857116939078,-3.396331648385084,-6.79073403847773
16.66,0.08244986941551449,-3.3975385270025438,6.670046176731714
16.68,0.017023794790975832,-3.1450689354513224,18.57691297839044
16.7,-0.04127112289461262,-2.684422833107523,27.487697255989502
16.72,-0.08891053836270474,-2.0795187137016886,33.00271468459393
16.74,-0.12389616211453416,-1.4190436614812536,33.04479053744955
16.76,-0.14578826755672075,-0.7701668827374051,31.8428873369353
16.78,-0.15504407637420994,-0.15541399901151398,29.632401035653807
16.8,-0.15264820447879962,0.3950011885525463,25.409117720752214
16.82,-0.14018615071783808,0.8512041875436083,20.21118217835398
16.84,-0.1197440429511144,1.193006589128759,13.969057980161082
16.86,-0.09378280298999242,1.4031174069834396,7.042023805306982
16.88,-0.06497821850553157,1.4773410414626458,0.3803396426136505
16.9,-0.03591835582678427,1.4286452264120832,-5.2499211476698955
16.92,-0.008789082124810813,1.2842821437852627,-9.186387115012149
16.94,0.014737014910635006,1.068327559759319,-12.409071287582222
16.96,0.03336966004881431,0.7949369540586115,-14.929989282488517
16.98,0.046326102895082606,0.5007073305682181,-14.492973066550817
17.0,0.0537424737054483,0.24092975046835147,-11.484784943435852
17.02,0.05647382639491862,0.03220551847868061,-9.387638255531233
17.04,0.05549054778361735,-0.1305333796088077,-6.886251553217598
17.06,0.05189352813764576,-0.22916858498835185,-2.977268984736817
17.08,0.04696048327637363,-0.26413590113886093,-0.5194626303140883
17.1,0.04117541299409599,-0.31437112708890325,-4.504059964690143
17.12,0.03320387986440485,-0.48278218588021027,-12.337045914440562
17.14,0.02076595354074521,-0.761010446485754,-15.485780146113811
17.16,0.002429755671670016,-1.0726093404217654,-15.674109247487312
17.18,-0.022202480434820128,-1.3906142702272493,-16.126383733061072
17.2,-0.0531089581039411,-1.7000334966848474,-14.815538912698745
17.22,-0.08960564654860934,-1.9496353477819763,-10.144646197014143
17.24,-0.13015944193680257,-2.1057441910373464,-5.466238128522889
17.26,-0.173091189246394,-2.1874305399217966,-2.7023967599221166
17.28,-0.21704788262779073,-2.208238798217877,0.6215709303140873
17.3,-0.2607283855239499,-2.159811491398039,4.221159751669691
17.32,-0.30222020762830576,-1.989370719037548,12.82291748437941
17.34,-0.3381308915018018,-1.6016976683120574,25.944387588169654
17.36,-0.36394097374954193,-0.9793105564619546,36.29432359684062
17.38,-0.37571629309451693,-0.19822137803554518,41.81459424580033
17.4,-0.37142319778669164,0.6275309088180742,40.760634439561606
17.42,-0.35132440012360394,1.3823488574906957,34.72116042770053
17.44,-0.3175016843185225,1.9999227230174492,27.036226124974817
17.46,-0.2727547318904646,2.4747725197883383,20.448753552114077
17.48,-0.21939506171070908,2.8611944981872157,18.193444287773644
17.5,-0.1586818036993867,3.2101313029450225,16.70023618800702
17.52,-0.0916293149988787,3.4951175671057766,11.798390228068378
17.54,-0.02001278975590057,3.666534957192037,5.343348780557683
17.56,0.05369171835182034,3.7039158535800545,-1.6052591417559494
17.58,0.1268032545362551,3.60723776486342,-8.062549729907458
17.6,0.19675367402355498,3.3878041838665673,-13.880808369777826
17.62,0.2611176475046468,3.048593164242612,-20.040293592617736
17.64,0.31754839833488885,2.594481918781595,-25.370830953483953
17.66,0.3639487672071757,2.0455549684470933,-29.521864079966214
17.68,0.39866057798582405,1.4256261094177385,-32.47102182296926
17.7,0.4203496798000107,0.7432840720009265,-35.763181918711936
17.72,0.4278590922951804,0.007657177516041114,-37.799507529776605
17.74,0.4206718426019856,-0.7263821468355197,-35.604424905379474
17.76,0.3993670940613497,-1.4040927072280711,-32.16663113387567
17.78,0.3651536635827667,-2.0172503406302287,-29.14913220634007
17.8,0.31910049884536756,-2.5880661331096833,-27.93244704160538
17.82,0.26200550213597035,-3.1214335378300384,-25.404293430430123
17.84,0.1950347747017513,-3.5756392055918673,-20.01627334575278
17.86,0.12024361821917615,-3.9034764426656463,-12.767450361625116
17.88,0.04054564100215845,-4.0663212790361225,-3.5170332754225377
17.9,-0.0405208142506436,-4.040324246244081,6.116736554626651
17.92,-0.11896055837285821,-3.8036501659773787,17.55067147204357
17.94,-0.1902624462670619,-3.326538623442991,30.160482781395206
17.96,-0.24976996896579953,-2.6242136464307726,40.07201491982663
17.98,-0.2937186125310395,-1.7706507100932218,45.28427871392843
18.0,-0.3199741275125251,-0.8549007880553379,46.29071348985997
18.02,-0.3279976061515315,0.05255292415469481,44.4546577311433
18.04,-0.31857644191067247,0.8895634999312088,39.2463998465081
18.06,-0.2934070356675397,1.627377124382071,34.53496259857812
18.08,-0.25416004895997146,2.29732154637475,32.45947960068979
18.1,-0.2019632778112067,2.9223555685017253,30.043922612007734
18.12,-0.138204536035926,3.4535186090263457,23.072381440454294
18.14,-0.06570465456003295,3.7964695385629588,11.222711513207024
18.16,0.011112822858624367,3.8852782033027733,-2.3418450392255714
18.18,0.0871020376817703,3.71364327901182,-14.821647389869746
18.2,0.15753600805477294,3.3297537582884433,-23.56730468246792
18.22,0.21898800898407145,2.8154463346414067,-27.863437682235762
18.24,0.2694637885539001,2.2321316223414556,-30.46803354775934
18.26,0.30768507794688715,1.5899973169572523,-33.74539699066097
18.28,0.33262974023028646,0.9044689113826786,-34.8074435667964
18.3,0.34389588877481564,0.22214594307023883,-33.42485326444757
18.32,0.3419340971164137,-0.4183251089104323,-30.622251933619545
18.34,0.32770930980932267,-1.0041536217986713,-27.96059935520436
18.36,0.30235297829046515,-1.5314795300870807,-24.771991473636582
18.38,0.267282600533975,-1.9755582455619325,-19.635880073848597
18.4,0.2243955269150187,-2.313149116333698,-14.123207003327927
18.42,0.17587338275540265,-2.5390652996279077,-8.468411326093072
18.44,0.12379977565826794,-2.6682954100855634,-4.454599719672512
18.46,0.07000225609434535,-2.7114565463066955,0.13848609755929342
18.48,0.016298580188733012,-2.6589110442545385,5.116064107656423
18.5,-0.03532602712030981,-2.5035496866497438,10.420071652823054
18.52,-0.08274211483686215,-2.2380590850054913,16.12898851160221
18.54,-0.12389807669027497,-1.8775371003357901,19.923209955367902
18.56,-0.1574600391283009,-1.4786591434668017,19.964585731530946
18.58,-0.18301113849325593,-1.0764507930287015,20.256249312279067
18.6,-0.20013480719243612,-0.6359160768893178,23.797222301659296
18.62,-0.20777066914893247,-0.12767011876031698,27.02737351124079
18.64,-0.2050187625063452,0.40286078301904293,26.025716666695203
18.66,-0.19230352773498627,0.8686626941168512,20.554474443085617
18.68,-0.17129841664453577,1.2318484149281987,15.76409763804915
18.7,-0.1438301958963131,1.514973659894068,12.548426858537766
18.72,-0.11121464250729798,1.7465816790074435,10.612375052799795
18.74,-0.07432531720505556,1.942350851216799,8.964542168135765
18.76,-0.03401782692735841,2.088398176552915,5.640190365475858
18.78,0.008431593186527779,2.1565438348357038,1.1743754628030123
18.8,0.051196333955673315,2.11993024207885,-4.835734738488407
18.82,0.09184410877768183,1.9448472401220012,-12.672565457196468
18.84,0.12754200823657336,1.6249427057671513,-19.31788797828853
18.86,0.15575547774702164,1.196404245277677,-23.535958070658886
18.88,0.17509898861073842,0.7379468410940003,-22.30978234770879
18.9,0.18583784515838558,0.3359388136707165,-17.891020394619595
18.92,0.18935304665953265,0.015581336443989957,-14.144727328053058
18.94,0.18721717489568998,-0.2291685128282567,-10.330257599171606
18.96,0.1808847792450356,-0.4040710522371814,-7.15999634172087
18.98,0.1716894074411178,-0.5154661281545987,-3.9795112500208525
19.0,0.16071066755980823,-0.5824078599763582,-2.7146619321550967
19.02,0.1484488127357496,-0.6437776224295033,-3.4223143131594105
19.04,0.1347378556929734,-0.727318081848119,-4.931731628702155
19.06,0.11916032449996992,-0.8304350374522276,-5.379963931708711
19.08,0.1015065931878727,-0.9349380937574953,-5.070341698818052
19.1,0.08172382992672143,-1.043338232357631,-5.769672161195518
19.12,0.05963215980017969,-1.1658287802965435,-6.479382632695722
19.14,0.03516240850685337,-1.2811463490360884,-5.052374241258767
19.16,0.008821100292302564,-1.3529844724189923,-2.1314380970316336
19.18,-0.018414170081964693,-1.370542565007733,0.37562883815756853
19.2,-0.0456158288808972,-1.3496233148855175,1.716296174063976
19.22,-0.07230432885198411,-1.3192266822231735,1.3233670921704177
19.24,-0.09840860193015838,-1.2912006255942534,1.4792385707215874
19.26,-0.12370599403980341,-1.2385385853702495,3.7869654516787965
19.28,-0.1472702572555553,-1.117887736204938,8.278119464852365
19.3,-0.16768959899928884,-0.9240464381684174,11.106010338799697
19.32,-0.18376357534500667,-0.6833511964033658,12.963513837705454
19.34,-0.19466165669609492,-0.4064569387054586,14.725911932085266
19.36,-0.1993965973570731,-0.06703712739235962,19.216069199224634
19.38,-0.1964940351634469,0.35729334675497915,23.216978215509243
19.4,-0.18484333574162748,0.8077765954269636,21.831346651689202
19.42,-0.16490877513501617,1.1856794652341671,15.958940329031144
19.44,-0.13860154541515277,1.4450435067521736,9.977463822769508
19.46,-0.10800992421181906,1.6141186135811976,6.9300468601328795
19.48,-0.07457478397008163,1.729395410592545,4.597632841001866
19.5,-0.03938170559114008,1.78991242730161,1.4540688299046236
19.52,-0.003727899237178316,1.7754682080945656,-2.898490750609068
19.54,0.030789809031613505,1.6763026187846166,-7.018068180385844
19.56,0.06253526840745602,1.4982433187996347,-10.787861818112344
19.58,0.09008200078892772,1.2564299193475357,-13.393478127097548
19.6,0.11235244429106798,0.9706144308664905,-15.188070721006973
19.62,0.12854882315273317,0.6490234553000278,-16.9710268356393
19.64,0.13794760396948882,0.29085462637553794,-18.845856056809687
19.66,0.14000422940720672,-0.08519208260374844,-18.758814841118948
19.68,0.13493373211810897,-0.42185764630602685,-14.90774152910889
19.7,0.12395188663683278,-0.676326901821592,-10.539184022447628
19.72,0.10855014738442847,-0.8638470234188382,-8.212828137276993
19.74,0.08972779311369644,-1.0183884036543651,-7.241309886275687
19.76,0.068082997551594,-1.1460911525558792,-5.528965003875722
19.78,0.044158839670066036,-1.2463246355969169,-4.494383300228042
19.8,0.018244927204460238,-1.345066610963663,-5.379814236446574
19.82,-0.009604579152766057,-1.4398840247589662,-4.101927143083731
19.84,-0.03891950898279455,-1.4916089582438832,-1.0705662054079692
19.86,-0.06866786895082795,-1.4832270385594566,1.9087581738506236
19.88,-0.09770226988732557,-1.420213055090305,4.392640173064533
19.9,-0.12489283615550477,-1.2988435717276152,7.744308163204447
19.92,-0.14899606344708488,-1.111479157430396,10.992133266517492
19.94,-0.16885266133804644,-0.8741806316657599,12.737719309946112
19.96,-0.1836299045231151,-0.603543686841105,14.325975172519364
19.98,-0.19277521717571952,-0.3109875784193381,14.92963566965733
20.0,-0.1959460250237727,-0.006093206385979988,15.559801533678481
