Time(s),Displacement(inch),Velocity(inch/s),Acceleration(inch/s^2)
0.0,0.0,0.0,0.002063921137163782
0.02,4.753554088087601e-07,5.0664099949676195e-05,0.0030024888578038364
0.04,2.3482988851677266e-06,0.00014958843297645426,0.006889944444873964
0.06,6.360397153284296e-06,0.00023373842981583726,0.0015250552390643373
0.08,1.1328114727084518e-05,0.0002624302240477151,0.0013441241841234222
0.1,1.6763378369168833e-05,0.0002769878563759833,0.00011163904870338218
0.12,2.2380948120039035e-05,0.00028754335939152996,0.0009439112528512753
0.14,2.8114901371853312e-05,0.0002755671564605682,-0.0021415315459474547
0.16,3.317789151483331e-05,0.0002297295239853377,-0.002442231701575593
0.18,3.769004953596681e-05,0.0002417869722151062,0.0036479765245524347
0.2,4.3060526047940035e-05,0.0002855177671202473,0.0007251029659616535
0.22,4.900975329666404e-05,0.000314097523408489,0.0021328726628625184
0.24,5.542555343806851e-05,0.0003128462477650667,-0.002258000227204754
0.26,6.173735152498083e-05,0.000343657219778763,0.005339097428574381
0.28,6.936097465849623e-05,0.00040283805618403977,0.0005789862119532806
0.3,7.748105473590136e-05,0.00040654603712315636,-0.00020818811804164468
0.32,8.493554478147981e-05,0.00030716331377087034,-0.009730084217186977
0.34,8.929241347387842e-05,0.00013650451848992148,-0.007335795310907923
0.36,9.07925250905075e-05,2.5365658623599366e-05,-0.0037780906757242947
0.38,9.028000316956759e-05,-8.982869863094378e-05,-0.007741345049730015
0.4,8.701784209049213e-05,-0.00023225331410213195,-0.006501116497388799
0.42,8.032319551544075e-05,-0.00047467919307955705,-0.01774147140035371
0.44,6.90417876055017e-05,-0.0005654380863282043,0.008665582075489014
0.46,5.87356664146855e-05,-0.0005016978267209125,-0.0022915561147598172
0.48,4.860827686068379e-05,-0.0004927972185108333,0.003181616935767752
0.5,3.786430496483901e-05,-0.0006578175167127287,-0.019683646755957258
0.52,2.2105529336824176e-05,-0.000851344843217194,0.00033091410551077814
0.54,5.209417523377246e-06,-0.0008350362266377591,0.0012999475524327335
0.56,-1.1754740756337073e-05,-0.000887550764205957,-0.0065514013092524805
0.58,-3.140935434556446e-05,-0.0011075764968796699,-0.015451171958118773
0.6,-5.634536166188824e-05,-0.0013707363841080396,-0.010864816764718165
0.62,-8.22736655091869e-05,-0.001039124641231539,0.04402599105236831
0.64,-9.865515544511733e-05,-0.0008192341184501692,-0.022036938774231307
0.66,-0.00011787454631970179,-0.0010240710065450148,0.0015532499647467638
0.68,-0.00013745174050353503,-0.0009039696141324247,0.01045688927651224
0.7,-0.00015228276313529219,-0.0005212830592638421,0.02781176621034609
0.72,-0.00015832401513511728,-0.00014173934354954143,0.010142605361083976
0.74,-0.00015995823838028616,-6.308085328709277e-05,-0.002276756334839101
0.76,-0.00015936818465246144,0.00023743732909628737,0.032328574573177116
0.78,-0.00015051388998388364,0.0005299837963623252,-0.003073927846573353
0.8,-0.00013982327146496245,0.000574364463579259,0.007511994568266725
0.82,-0.00012675693379795268,0.0007361017772102838,0.008661736794835726
0.84,-0.00011058342826376296,0.0008672049077595323,0.004448576260089047
0.86,-9.191194920307772e-05,0.0010218262809828297,0.01101356106224068
0.88,-7.105300185033695e-05,0.000975053930323051,-0.015690796128218623
0.9,-5.294727478692565e-05,0.0009226591601477808,0.010451319110691571
0.92,-3.244860327954634e-05,0.001124969214704419,0.0097796863449722
0.94,-8.544038380347938e-06,0.0012379494420212001,0.0015183363867059332
0.96,1.6902276610099106e-05,0.001325865000657597,0.007273219476933599
0.98,4.417547797577541e-05,0.0013665180087669162,-0.003207918666001762
1.0,7.09901480174394e-05,0.001321243675375783,-0.0013195146731115955
1.02,9.606757652989598e-05,0.0011323220728480382,-0.01757264557966295
1.04,0.00011754373030941355,0.0011325053770281865,0.01759097599767777
1.06,0.0001415105960755709,0.0011541093508904501,-0.015430578611451407
1.08,0.00016111345971656064,0.0007865166304820767,-0.02132869342938593
1.1,0.00017440726871712205,0.0006343250234139191,0.006109532722570141
1.12,0.0001876569819454146,0.0006577116101903453,-0.0037708740449275678
1.14,0.00019837594319610857,0.0003301297076726838,-0.028987316206838556
1.16,0.00019798945492785714,-0.00042835949351469386,-0.04686160391189921
1.18,0.00018342970177513478,-0.0008586279467599728,0.0038347585873713397
1.2,0.00016513815441671306,-0.001064823796117029,-0.024454343523076887
1.22,0.00013952034378798313,-0.0014684805668446653,-0.015911333549686702
1.24,0.00010650760874660345,-0.0018558357870207525,-0.022824188467921995
1.26,6.697236240481113e-05,-0.001990373492548123,0.009370417915185059
1.28,3.089722689354665e-05,-0.0015242275207452778,0.03724417926509943
1.3,4.321199668001985e-06,-0.0013103908349921375,-0.015860510689785338
1.32,-2.610480903922643e-05,-0.001784514529202134,-0.03155185873121425
1.34,-6.855087355261962e-05,-0.0024823620312925667,-0.03823289147782902
1.36,-0.00012372261133486984,-0.0029287076899741095,-0.006401674390325166
1.38,-0.00018256882366984406,-0.002905499726394663,0.008722470748269808
1.4,-0.00023971932490191082,-0.0028488004395033884,-0.0030525420591421878
1.42,-0.00029833729210200873,-0.0030645687804164803,-0.01852429203216702
1.44,-0.0003606243452644863,-0.003028677493217006,0.022113420752114563
1.46,-0.00041504365320336816,-0.002326675411919426,0.04808678737764345
1.48,-0.00045246571461770587,-0.0014408262620882331,0.04049812760547588
1.5,-0.00047453887534347754,-0.0008343028607440516,0.02015421252894227
1.52,-0.00048737246658405614,-0.00045797508988810516,0.017478564556652438
1.54,-0.0004920610591088013,3.787565549789765e-05,0.032106509981947855
1.56,-0.0004862997650951337,0.000467377691234873,0.010843693591749663
1.58,-0.00047617231019180705,0.0004759259171117532,-0.009988871004061666
1.6,-0.0004664561344461834,0.0006054632376606575,0.022942603058952057
1.62,-0.0004500096963799312,0.0010266132040269995,0.019172393577682113
1.64,-0.0004255976956910103,0.0014168497595073103,0.019851261970348928
1.66,-0.0003928893108839018,0.00187404558234816,0.025868320313735982
1.68,-0.0003511682659546551,0.0022513823715533325,0.011865358606781201
1.7,-0.00030262192938279505,0.0026605321566045346,0.029049619898338923
1.72,-0.0002419269932887407,0.0034926799019156904,0.05416515463277645
1.74,-0.00016588778799155529,0.00387886944441867,-0.015546200382478656
1.76,-9.213342392371516e-05,0.0034608777251634625,-0.02625297154304234
1.78,-2.5241815664968945e-05,0.0033745155039154335,0.017616749418239284
1.8,4.587477441583182e-05,0.003742290010106857,0.01916070120090297
1.82,0.00012328651844449332,0.0039355745720764815,0.000167754996059336
1.84,0.00020098666942934201,0.003782195953613753,-0.015505616842332372
1.86,0.00027332706734518647,0.0034417239485724886,-0.018541583661794373
1.88,0.00033725809483273325,0.002891622062604983,-0.0364686049349564
1.9,0.00038703864254358597,0.0020485240807675085,-0.04784119324879124
1.92,0.00041664954301505805,0.0008229988416737047,-0.07471133066058928
1.94,0.0004204842277610237,-0.00032368166484666723,-0.039956719991447925
1.96,0.0004058130751032874,-0.0011537423690526293,-0.04304935042914825
1.98,0.0003751480905625221,-0.0018617694387180418,-0.027753356537393015
2.0,0.0003332857139559375,-0.0022782840481776843,-0.013898104408571026
2.02,0.00028589410396963544,-0.002413192357504233,0.00040727347591620265
2.04,0.00023716055342213688,-0.002487720601875474,-0.00786009791304032
2.06,0.00018330119242481477,-0.003024861966716968,-0.04585403857110891
2.08,0.0001138288126606744,-0.003912592645476033,-0.04291902930479739
2.1,2.9504602556188238e-05,-0.004394255931672883,-0.005247299314887348
2.12,-5.6006924678957575e-05,-0.0039857442287772335,0.04609846960445242
2.14,-0.0001324580285156436,-0.003957161813992966,-0.04324022812602547
2.16,-0.00021837122541173935,-0.004540253625168177,-0.015068952991495582
2.18,-0.000310249219384534,-0.0045505023156678795,0.014044083941525213
2.2,-0.0003962307831556347,-0.003936670773744605,0.04733907025080245
2.22,-0.00046502241556776113,-0.0029187940168377753,0.054448605439880636
2.24,-0.0005097299759237149,-0.0014130320741163208,0.09612758883226492
2.26,-0.0005160846649615783,0.0009115849042304842,0.13633410900241566
2.28,-0.00047587188945662787,0.0028454054272574352,0.057047943300279375
2.3,-0.000409242528575644,0.003733113844629917,0.0317228984369688
2.32,-0.0003291124698391653,0.004236052136842285,0.018570930784267786
2.34,-0.00024121360633246592,0.004527015944477662,0.010525449979269666
2.36,-0.00014911077369056546,0.004656138507537048,0.002386806326668684
2.38,-5.9656850415675616e-05,0.004081943412892694,-0.05980631579110423
2.4,1.281151980307435e-05,0.003304431864938151,-0.01794483900435025
2.42,7.926107677035862e-05,0.0035380182052598412,0.041303473036519205
2.44,0.00015370450234602708,0.0036774426954653975,-0.0273610240159637
2.46,0.00021982637021887414,0.002837005030155898,-0.056682742514986395
2.48,0.0002607534203904276,0.0010318748905710925,-0.1238302714434942
2.5,0.00026120891124189913,-0.0007571234389865156,-0.05506956151226657
2.52,0.00023529237291666967,-0.0018225382556887226,-0.051471920157954085
2.54,0.00019166089216884015,-0.00238492639921744,-0.004766894194917608
2.56,0.00014460088179125673,-0.0022414798162534613,0.01911155249131563
2.58,9.899874546778347e-05,-0.00254847634092722,-0.04981120495869149
2.6,3.767180587369831e-05,-0.003603976207671419,-0.05573878171572824
2.62,-4.591881599955237e-05,-0.00477325304848748,-0.06118890236587785
2.64,-0.00015264001278128225,-0.005849784396625739,-0.04646423244794801
2.66,-0.00028088654728108725,-0.007072769057239788,-0.0758342336134568
2.68,-0.00043472748046089767,-0.008172259526357419,-0.03411481329830607
2.7,-0.0006031844200883413,-0.008582873758418638,-0.006946609907816115
2.72,-0.0007730803934527352,-0.008249182388743665,0.040315746875313835
2.74,-0.0009320555794518541,-0.00775107059113364,0.009495432885688916
2.76,-0.0010857187613484635,-0.007642290431081007,0.0013825831195747216
2.78,-0.0012362103785876898,-0.007302987554917701,0.032547704496756
2.8,-0.0013719343258643223,-0.006078094026627035,0.08994164833231076
2.82,-0.0014685211855635677,-0.0032312573849558415,0.19474201583480905
2.84,-0.001498774716399466,-2.2935013821118617e-05,0.12609022127866332
2.86,-0.0014731848319043033,0.002623450489130015,0.13854832901644998
2.88,-0.0013946808906892356,0.005143206913835626,0.11342731345411092
2.9,-0.0012731887965218105,0.006803127162901406,0.052564711452467036
2.92,-0.0011292143355320207,0.007464267708140962,0.013549343071488055
2.94,-0.0009759642295081478,0.007923487056584149,0.03237259177283009
2.96,-0.0008037175381724068,0.009666303669464575,0.14190906951521198
2.98,-0.0005858137429511515,0.011933871249107017,0.08484768844903182
3.0,-0.00033233616532999007,0.01330541726046987,0.05230691268725345
3.02,-5.9622385653047284e-05,0.013773163303729142,-0.005532308361327607
3.04,0.0002130218236951095,0.013405627878378507,-0.03122123417373688
3.06,0.0004772438900692857,0.0131342665411068,0.0040851004465657864
3.08,0.0007402361064158665,0.013139448365307838,-0.0035669180264631963
3.1,0.0010038988338421243,0.013306181563587637,0.0202402378544427
3.12,0.0012707320142775534,0.013210211559594679,-0.02983723825373936
3.14,0.001520268169446768,0.011308372538730214,-0.16034666383270837
3.16,0.0017060031123199548,0.006846962991844672,-0.28579429085584657
3.18,0.0017857781354281312,0.0011302703910955364,-0.28587496921906747
3.2,0.0017601003440342938,-0.0032534597990759775,-0.152498049798084
3.22,0.0016744904947758807,-0.0048095772926291585,-0.003113699557233665
3.24,0.0015801408505289364,-0.00450215505621099,0.033855923199050925
3.26,0.0014991143748938431,-0.0034882204648325073,0.06753753593879747
3.28,0.0014371394746164174,-0.0029951694713368053,-0.01823243658922712
3.3,0.001361188918068778,-0.005219920173580051,-0.20424263363509726
3.32,0.0012102725848501968,-0.010155183299276093,-0.2892836789345069
3.34,0.0009511931099767981,-0.015658717843112555,-0.26106977544913906
3.36,0.0005946564431525405,-0.01955236658292215,-0.12829509853181992
3.38,0.0001935699444674465,-0.019775290651601607,0.10600269166387508
3.4,-0.00016963922577986423,-0.01599082115053214,0.27244425844307196
3.42,-0.0004389537491264716,-0.011139978785357533,0.21263997807438959
3.44,-0.0006283158685419056,-0.008250760122343928,0.07628188822697021
3.46,-0.0007828706271736279,-0.007444512432340201,0.004342880773403166
3.48,-0.0009274281616148513,-0.006838034109237126,0.05630495153690451
3.5,-0.0010489345532549048,-0.005112940042902855,0.11620445509652289
3.52,-0.0011270719933097017,-0.002656780473379047,0.12941150185585795
3.54,-0.0011527427233866485,0.00016883641665751487,0.15315018714779835
3.56,-0.0011140273803693706,0.00393812674779867,0.22377884596631709
3.58,-0.0009930830808025824,0.008027602979757744,0.18516877722959021
3.6,-0.0007984733433686344,0.011284566883280785,0.14052761312271334
3.62,-0.0005475271397493525,0.01366752064510358,0.09776776305956596
3.64,-0.0002594180126310339,0.01490365014694497,0.025845187124572545
3.66,4.336499025265499e-05,0.01535169826741767,0.01895962492269653
3.68,0.0003536265601708713,0.01564624270367014,0.010494818702550077
3.7,0.0006585463634240645,0.01434053689361319,-0.14106539970824541
3.72,0.0009036552039905009,0.009495906294821516,-0.34339766017092227
3.74,0.0010186797399494177,0.0016958444059037207,-0.4366085287208574
3.76,0.0009655265532232177,-0.00699858153352889,-0.43283406522240353
3.78,0.0007621479101261661,-0.01218129274527591,-0.08543705595229766
3.8,0.0005159605542583341,-0.011711147330100003,0.1324515974698889
3.82,0.00030705773432187025,-0.00923764430496846,0.11489870504326574
3.84,0.00014663286440388728,-0.006737428928193186,0.13512283263426192
3.86,3.902200730564323e-05,-0.004017999034692857,0.13682015671577133
3.88,-1.0966733939812857e-05,-0.0008305146845904157,0.181928278294473
3.9,1.4024512126649187e-05,0.0035904334962054084,0.26016653978510934
3.92,0.00012590016933547343,0.0069988161910617235,0.08067172970052215
3.94,0.0002654386479950899,0.006126422119813793,-0.16791113682531564
3.96,0.00035733324105083103,0.0032104560869867546,-0.1236854664573885
3.98,0.00039762832037997675,0.0008602043899722329,-0.11133970324406388
4.0,0.00039441585094416584,-0.001088882162875456,-0.08356895204070507
4.02,0.0003697959540723752,-0.0006795306846106358,0.12450409986718715
4.04,0.00039266326286661147,0.003544116689684836,0.29786063756236003
4.06,0.0005190985083091756,0.008898447061391347,0.23757239960829096
4.08,0.0007320725767509309,0.011773492147397702,0.04993210899234428
4.1,0.0009753967162273564,0.012452315536744994,0.017950229942384703
4.12,0.0012351424775182381,0.01387773082071842,0.12459129845495735
4.14,0.0015308166483042295,0.015349750991912282,0.0226107186644281
4.16,0.001827567531623322,0.013587023327395049,-0.19888348511615236
4.18,0.0020617448807602012,0.00994139056690332,-0.16567979093302102
4.2,0.0022303103707364763,0.007058840271964819,-0.12257523856082923
4.22,0.0023404133706568238,0.00362352182973078,-0.22095660566257502
4.24,0.0023612266533644863,-0.0019154851966864418,-0.33294409697914706
4.26,0.002259784337912289,-0.008055935954665236,-0.2811009788187319
4.28,0.002043648525290631,-0.013497490195730892,-0.2630544452878326
4.3,0.0017201825611880884,-0.018894369771041312,-0.2766335122432088
4.32,0.0012860696720880694,-0.024561858700488173,-0.29011538070147674
4.34,0.0007471331647331321,-0.028815604895249453,-0.13525923877465099
4.36,0.0001695432688889337,-0.02765468219838435,0.2513515084611634
4.38,-0.0003214208094826518,-0.020848762443580755,0.42924046701919777
4.4,-0.0006544520854129229,-0.012549571172571121,0.40067866008176606
4.42,-0.0008293346106496231,-0.005140023041180476,0.34027615305729925
4.44,-0.0008613451224743289,0.0020757077780820827,0.38129692886895655
4.46,-0.0007437179763059196,0.009679687080407666,0.37910100136360136
4.48,-0.0004849022494358756,0.015671974856055256,0.22012777620115728
4.5,-0.00014351824030879015,0.017662373894940745,-0.02108787231260939
4.52,0.00020182126503761247,0.016687056735204996,-0.07644384366096577
4.54,0.0005232953008890697,0.015611430343918264,-0.03111879546770892
4.56,0.0008257038636088824,0.014449611674812441,-0.0850630714428737
4.58,0.0010968878679683272,0.01262900801872053,-0.09699729416631764
4.6,0.0013340090692462135,0.011280137095905092,-0.0378897981152268
4.62,0.0015454210660301518,0.009530423306932849,-0.13708158078199753
4.64,0.0016997302021055658,0.005456339605266377,-0.2703267893846501
4.66,0.00174785371956182,-0.0009908836982481118,-0.3743955409667989
4.68,0.0016519895978436751,-0.008653895451557553,-0.39190563436414483
4.7,0.0014058785044896846,-0.015689816756342043,-0.3116864961143034
4.72,0.0010240486416501838,-0.02277798095209798,-0.3971299234612887
4.74,0.00048439519832690014,-0.031420755359683736,-0.4671475172972853
4.76,-0.0002306624532088516,-0.039745661838022424,-0.36534313053658296
4.78,-0.0010783365859489264,-0.04400636492960056,-0.06072717862122787
4.8,-0.001954469304812159,-0.04279990618407147,0.1813730531741388
4.82,-0.0027645086100196547,-0.03771981394472286,0.32663617076072127
4.84,-0.003445867945295078,-0.03003063410947491,0.4422818127640762
4.86,-0.003960196177072203,-0.021510784675259787,0.40970313065743774
4.88,-0.0043198926924023304,-0.015029939255573877,0.23838141131115448
4.9,-0.004582439618763202,-0.011705974556094392,0.09401505863679488
4.92,-0.004798216220775448,-0.009894691776016257,0.08711321937101882
4.94,-0.004976432147100485,-0.007814137590433048,0.1209421991873021
4.96,-0.0051046775705598,-0.004817960329904336,0.1786755268655694
4.98,-0.005163903873705205,-0.0010347800806575938,0.199642498059105
5.0,-0.005135950731207541,0.004266106555373611,0.3304461655440155
5.02,-0.0049746393994247766,0.01236002500122737,0.4789456790413604
5.04,-0.004623428462030923,0.023172133816209643,0.6022652024568663
5.06,-0.0040326069383876785,0.036256308889498726,0.7061523048720404
5.08,-0.0031653576591566457,0.05051325105693708,0.7195419118717953
5.1,-0.002012559821140365,0.06469775446985004,0.6989084294194983
5.12,-0.0005973661326479689,0.07589446003996429,0.42076212759192483
5.14,0.0009840328925652731,0.08121331242613845,0.11112311102548583
5.16,0.0026203062004603803,0.08190314022173441,-0.04214033146589471
5.18,0.004241522415187719,0.07979755508029082,-0.16841818267846514
5.2,0.005793394342957073,0.0748698608316061,-0.324351242190012
5.22,0.0072124478004826215,0.06636180938752,-0.5264539022186001
5.24,0.008417532936680369,0.05330369067680827,-0.7793579688525725
5.26,0.009316557528270202,0.0360398870733841,-0.9470223914898492
5.28,0.009857606298038673,0.018547765233400945,-0.802189792508466
5.3,0.010079055813834548,0.004143794827664303,-0.6382072480651984
5.32,0.010036261937048067,-0.008324598692649083,-0.60863210396614
5.34,0.009750172778262345,-0.020177855392898784,-0.5766935660588298
5.36,0.009235619251075727,-0.03106038263160681,-0.5115591578119721
5.38,0.008511240208153036,-0.04142049959707025,-0.5244525387343689
5.4,0.007574150263844023,-0.05247796706486758,-0.5812942080453619
5.42,0.006403706121524493,-0.06479774513774081,-0.6506835992419583
5.44,0.004982963163977026,-0.07700911736421888,-0.5704536234058442
5.46,0.0033480304588574777,-0.08551713480543593,-0.28034812071586124
5.48,0.0015953891255066053,-0.08905844918460033,-0.07378331720057427
5.5,-0.0001915070825330252,-0.08917969966473815,0.06165826918679499
5.52,-0.001955016049451569,-0.08678352840017316,0.17795885726971025
5.54,-0.0036489919094441514,-0.08230891077123809,0.2695029056237974
5.56,-0.00524013765675658,-0.07674906961062633,0.2864812104373817
5.58,-0.006714398876442141,-0.07050585583595508,0.3378401670297482
5.6,-0.008056341584203312,-0.06365809616256295,0.3469358003094672
5.62,-0.009259313603207591,-0.05659896852861082,0.3589769630857468
5.64,-0.01031739844072802,-0.04910455820170013,0.3904640696053248
5.66,-0.01121481879643461,-0.04030857764864177,0.4891339857005116
5.68,-0.011904075771604308,-0.0276627308351763,0.7754506956460375
5.7,-0.012289100532130065,-0.010182759364970852,0.9725464513745087
5.72,-0.01229269894983787,0.010100291560025485,1.0557586411251252
5.74,-0.011872914077012459,0.03220956139250922,1.1551683421232473
5.76,-0.010997418835549283,0.05535348001322551,1.159223519948382
5.78,-0.009667876790478612,0.07713211153466577,1.0186396321956401
5.8,-0.007936326587404938,0.09528191106976334,0.7963403213141163
5.82,-0.005888627180945907,0.10862768561618666,0.5382371333282105
5.84,-0.0036278615460472157,0.11647710266914837,0.2467045719679559
5.86,-0.0012666234411491083,0.11876446467673983,-0.017968371208814154
5.88,0.00109103662747975,0.11629976465293726,-0.22850163117144875
5.9,0.00335225632736542,0.1088684419886904,-0.5146306352532412
5.92,0.005407192847194507,0.09564990034951465,-0.8072235286643425
5.94,0.0071449042963948025,0.07742915196765866,-1.0148513095212606
5.96,0.008490556643644315,0.05713806124732208,-1.0142577625124007
5.98,0.009437413355047325,0.03789496184093143,-0.9100521781266674
6.0,0.010014703905876604,0.019904180723795763,-0.8890259335869014
6.02,0.010230978341105337,0.0015230631725871933,-0.9490858215339557
6.04,0.010070729753628873,-0.017592556251304164,-0.9624761208551801
6.06,0.009538776439574174,-0.03498312339704492,-0.7765805937188949
6.08,0.008692000826942962,-0.04928428916340313,-0.653535982916925
6.1,0.0075761553887889865,-0.062272877567120806,-0.6453228574548407
6.12,0.00620206161321842,-0.07511508262679495,-0.6388976485125728
6.14,0.004577156386114032,-0.08711664232694266,-0.5612583215021947
6.16,0.0027264475285913884,-0.09776046075948927,-0.5031235217524618
6.18,0.0006813980721211566,-0.1062052617340316,-0.3413565757017685
6.2,-0.0014755988068050755,-0.10772544261385394,0.1893384877195355
6.22,-0.0035673131814694926,-0.10019965584915001,0.5632401887508635
6.24,-0.0054493315909874,-0.0875358516168947,0.7031402344746681
6.26,-0.007051794326026633,-0.07232910936684216,0.8175339905305881
6.28,-0.008331680932439738,-0.05550011213358728,0.8653657327948997
6.3,-0.009268424742404958,-0.03816500455555756,0.8681450250080737
6.32,-0.0098578701836004,-0.020768257318281906,0.8715296987194928
6.34,-0.010098629929885418,-0.0032927442933838717,0.8760216037703115
6.36,-0.009994132702833771,0.013499856606811746,0.8032384862492504
6.38,-0.009574450882958456,0.027920174905181335,0.6387933435877085
6.4,-0.008902039578640162,0.038633412401504065,0.432530406044563
6.42,-0.008047964214209105,0.046519175801205015,0.3560459339255312
6.44,-0.007043842336582523,0.0540194707023217,0.3939835561861368
6.46,-0.00589504976753621,0.06034010839044223,0.23808021262591159
6.48,-0.004648139395395879,0.063975536913906,0.125462639720462
6.5,-0.003344394603694249,0.06635601853022792,0.11258552191172878
6.52,-0.0020047127981284024,0.06711437855530389,-0.0367495194041375
6.54,-0.0006696907096414453,0.06639205135647719,-0.03548320047853745
6.56,0.0006563085415763599,0.0664706169745018,0.04333976228099401
6.58,0.0019967842002931984,0.06769671723571229,0.0792702638400519
6.6,0.003362255677165249,0.0686345844209824,0.014516454686958639
6.62,0.004727774032724199,0.06741341994500817,-0.1366329022843793
6.64,0.0060378803304725484,0.06305543379507986,-0.2991657127084542
6.66,0.007225736221769678,0.05505917323149418,-0.5004603436501158
6.68,0.008220076270339586,0.04403726425899888,-0.6017305535994146
6.7,0.008975783369813113,0.03129884193902564,-0.6721116783979102
6.72,0.009464227722786508,0.017390085851936913,-0.7187639303109646
6.74,0.00966827611653102,0.0030147266609126407,-0.718771988791463
6.76,0.009588269071588489,-0.010842790175290247,-0.6669796948288259
6.78,0.009239268136550589,-0.023994762956816247,-0.6482175833237729
6.8,0.008635398680020348,-0.0361087167326659,-0.5631777942611901
6.82,0.007804541658120004,-0.04677934187710807,-0.5038847201830259
6.84,0.006773728673023961,-0.05602441680836013,-0.42062277294217726
6.86,0.005580497759995008,-0.06272957560820092,-0.2498931070419007
6.88,0.004277725555331725,-0.06745774841267153,-0.22292417340515872
6.9,0.002888353124945729,-0.07126112599850473,-0.15741358517816273
6.92,0.0014384806814391306,-0.07338447867719863,-0.05492168269122773
6.94,-3.308876663291261e-05,-0.07341724302949693,0.05164524746139845
6.96,-0.0014900447642423778,-0.07222536605703987,0.06754244978430844
6.98,-0.0029209911768181937,-0.07086665427013569,0.06832872890611219
7.0,-0.004326581362739553,-0.06978850663699374,0.039486034408087615
7.02,-0.005705795479036665,-0.06769996451466012,0.16936817782527946
7.04,-0.007008121998693493,-0.06164273069745667,0.4363552038950682
7.06,-0.008140622406406126,-0.0509531518009324,0.6326026857573626
7.08,-0.009019340631748706,-0.03622745705709587,0.8399667886262918
7.1,-0.009570847699761008,-0.01867081397391648,0.9156975196916474
7.12,-0.009759857279270883,-0.000166784175564811,0.9347054601435195
7.14,-0.00957914209657856,0.018093791153543117,0.8913520727672727
7.16,-0.009044786721700665,0.03505220319692529,0.8044891315709441
7.18,-0.008190447302673516,0.050001615144512214,0.6904520631877475
7.2,-0.007064374754815522,0.062003131257797356,0.509699548140763
7.22,-0.005732285047991635,0.07071019802658053,0.3610071287375537
7.24,-0.004252671620125918,0.07691154683932093,0.2591277525364811
7.26,-0.002661597653059758,0.08224672385591733,0.2743899491231544
7.28,-0.0009592924227153226,0.08810843734859916,0.31178140014502176
7.3,0.000860320880625732,0.09360730680250967,0.23810554524602537
7.32,0.0027724252858913785,0.0972199917323673,0.12316294773973663
7.34,0.004724765688228671,0.09717944740846202,-0.12721738013027226
7.36,0.006624792311899863,0.09191727253505753,-0.39900010721017387
7.38,0.008370593269478845,0.0820255996388339,-0.5901671824121957
7.4,0.009875492480270462,0.06758535416519697,-0.8538573649515036
7.42,0.011042568875187543,0.048429324556683306,-1.0617455958998623
7.44,0.011793374694273231,0.02637967970848537,-1.143218888919935
7.46,0.012091595393284953,0.003405934323986822,-1.1541556495299214
7.48,0.011933656063805935,-0.018961211574526796,-1.0825589403214406
7.5,0.011341515191022895,-0.04007311836518824,-1.0286317387447033
7.52,0.010345351403283928,-0.058992014043021575,-0.8632578290386276
7.54,0.009021905036959953,-0.07190034857216701,-0.42757562387591586
7.56,0.007521510883159344,-0.07698266968699825,-0.0806564876072055
7.58,0.0059695778201207,-0.07801805520572795,-0.022882064265764817
7.6,0.004402652943218051,-0.07877380048128382,-0.052692463289819406
7.62,0.0028201901906183833,-0.07929488729448425,0.0005837819697800822
7.64,0.0012413756128404566,-0.0782382498974183,0.10507995773682026
7.66,-0.0003012757863129737,-0.07597200965554614,0.12154406645039786
7.68,-0.0018014704937942513,-0.07430062747560334,0.04559415154388379
7.7,-0.003268066369184544,-0.07184406787277613,0.20006180873883977
7.72,-0.004647876628137691,-0.06528402118480807,0.4559428600579672
7.74,-0.005854362605516188,-0.05496428283773805,0.5760309746490354
7.76,-0.006839364767456256,-0.04358206836202462,0.5621904729223087
7.78,-0.007602032817451954,-0.032857975504528535,0.5102188128273024
7.8,-0.008151573659242671,-0.021817363387823488,0.5938423988432029
7.82,-0.008462401263240552,-0.008927837812466992,0.6951101586924479
7.84,-0.008496901362236322,0.005729559188643776,0.7706295414186287
7.86,-0.0082372142997349,0.019787645583739428,0.6351790980909359
7.88,-0.007729313471383036,0.030258042104391713,0.41186055397429283
7.9,-0.007042979038748845,0.03831547514660215,0.39388275024674935
7.92,-0.0061938579503399115,0.04679838546566825,0.45440828165985864
7.94,-0.00517331602242795,0.05494043543885914,0.35979671565922844
7.96,-0.004016741464968447,0.06000734558461485,0.14689429891633782
7.98,-0.0027960866512009505,0.06161458790673141,0.013829933295314066
8.0,-0.0015683468770168992,0.060793490981191786,-0.09593962584928056
8.02,-0.00037429039326320986,0.05848088685916262,-0.13532078635363828
8.04,0.0007678692994087425,0.05571538804600402,-0.14122909496222358
8.06,0.0018435145803834619,0.05132830700382211,-0.29747900925596776
8.08,0.0028014141658122874,0.044003113899239256,-0.43504030120232146
8.1,0.0036024682440562775,0.036502286950143285,-0.31504239370727793
8.12,0.0042733688295169886,0.03078093785589287,-0.2570925157177643
8.14,0.004824008359262068,0.023604978907153837,-0.4605033791561399
8.16,0.005194857519947254,0.013022450080031592,-0.5977495035560852
8.18,0.00533476216007115,0.00091829089408188,-0.6126664150388859
8.2,0.005230803305449209,-0.011303745831065729,-0.6095372574758752
8.22,0.004890525896651722,-0.022338747082733066,-0.49396286769085856
8.24,0.004364322140596241,-0.029313440565947334,-0.20350648063056745
8.26,0.003748476985520438,-0.03171482732317014,-0.03663219509171036
8.28,0.003105030951865666,-0.03272092845095844,-0.06397791768712026
8.3,0.0024388877511136112,-0.03383984403402018,-0.04791364061905198
8.32,0.0017502868008466743,-0.03513131806580964,-0.08123376255989277
8.34,0.0010244003957495386,-0.03780798700735211,-0.18643313159435407
8.36,0.0002314149892395294,-0.041467505645853615,-0.17951873225579465
8.38,-0.0006277999834456528,-0.044152047288512145,-0.08893543201005683
8.4,-0.001518866348612775,-0.044466505877943485,0.057489573066925315
8.42,-0.002386335579412853,-0.041762268594794004,0.21293415524802262
8.44,-0.003170438558931285,-0.036220251290657104,0.34126757516567013
8.46,-0.0038171967417146456,-0.027985900587846568,0.4821674951153848
8.48,-0.004275055259572604,-0.017528651454154425,0.56355741825383
8.5,-0.0045153134782087235,-0.006617004069647366,0.5276073201968765
8.52,-0.004546847757886333,0.00322779298568456,0.4568723853363166
8.54,-0.004397776667351408,0.011336353755506434,0.35398369164587096
8.56,-0.004110559648652085,0.016870008377426894,0.19938177054617465
8.58,-0.0037363291591969304,0.020400738957957684,0.15369128750690314
8.6,-0.00329738210358553,0.02350366755072566,0.1566015717698939
8.62,-0.0028017535204863837,0.02577093664572167,0.07012533772970757
8.64,-0.0022814027606645406,0.025809487304536104,-0.06627027184826585
8.66,-0.0017859615231806097,0.023359913732000047,-0.1786870854053398
8.68,-0.0013576198800449044,0.019318289860409104,-0.22547530175375663
8.7,-0.0010131592596947902,0.015287266349236505,-0.17762704936350365
8.72,-0.0007371900725435209,0.012597115867852421,-0.09138799877490589
8.74,-0.0005023534485978226,0.010945141843898961,-0.0738094036204407
8.76,-0.00029792411884925837,0.009512209810691128,-0.06948379970034328
8.78,-0.0001206639423205312,0.008259444854930256,-0.05579269587574396
8.8,3.263520909868161e-05,0.007033909961778847,-0.06676079343939752
8.82,0.00016094763931384832,0.00584665254311129,-0.05196494842735858
8.84,0.00027215874707510137,0.005508010562238967,0.018100750340126464
8.86,0.000390840715664424,0.006605266660519189,0.09162485948789563
8.88,0.0005345400753905034,0.0074281220429945945,-0.00933932124035553
8.9,0.0006735067720416734,0.006082153624089849,-0.12525752065011955
8.92,0.0007703600521413591,0.0036162599732743736,-0.12133184443142823
8.94,0.0008212082396481568,0.001608026623785172,-0.07949149051749195
8.96,0.0008393466423124098,0.00029962205724253134,-0.05134896613677217
8.98,0.0008289946442511641,-0.001638554162304187,-0.14246865581789964
9.0,0.0007637955789424183,-0.005078064913524505,-0.2014824193041322
9.02,0.0006229030374554767,-0.008962927202950891,-0.18700380963850632
9.04,0.00041706644425793064,-0.011079596477345086,-0.024663117800912668
9.06,0.0002000548460905465,-0.010145915592408317,0.11803120629459013
9.08,1.605558658809518e-05,-0.008488369803496966,0.04772337259654522
9.1,-0.00015322683964091443,-0.00889285805332296,-0.08817219757914443
9.12,-0.00034929462755566455,-0.01074273010477515,-0.09681500756607438
9.14,-0.0005762207631328309,-0.011585310051363902,0.01255701290719944
9.16,-0.0007989941553193056,-0.01037095885431542,0.10887810679764949
9.18,-0.000981891987443497,-0.007781538177974367,0.1500639608364564
9.2,-0.0011052197810454956,-0.004436732292715611,0.1844166276894197
9.22,-0.001152681277876896,-8.992621617307165e-05,0.2502639799648344
9.24,-0.001109955091427873,0.0040861406000512746,0.1673427016576001
9.26,-0.0010073781310903588,0.005540835833948564,-0.021873178267871433
9.28,-0.0009039064926455971,0.004657805881495847,-0.06642981697740037
9.3,-0.000817560571370737,0.0043005745980113155,0.03070668862894731
9.32,-0.0007194759220404595,0.005804481317229524,0.11968398329287348
9.34,-0.0005741318303234644,0.008995811290161486,0.19944901400032256
9.36,-0.00035172444816078006,0.01337499460407644,0.23846931739117266
9.38,-3.4694845102342954e-05,0.018419758076700973,0.26600702987127994
9.4,0.00038908080901247424,0.02406676166510783,0.2986933289694045
9.42,0.0009284790237381606,0.02978927558894326,0.27355806341413774
9.44,0.0015705595043910274,0.033997940285902105,0.14730840628174527
9.46,0.002268076497838775,0.035158584382540485,-0.031243996617906934
9.48,0.0029538165042919877,0.03285627216908005,-0.19898722472813848
9.5,0.003560704156638224,0.027310475761056743,-0.35559241607419456
9.52,0.004031910971696007,0.019615994897295926,-0.41385567030188847
9.54,0.004338603502800313,0.010910446574072828,-0.45669916202042193
9.56,0.004461443817814867,0.0011721457242417016,-0.5171309229626911
9.58,0.004381113361384729,-0.009222550683377122,-0.5223387177991913
9.6,0.0041028219401869764,-0.018075224634916818,-0.362928677354778
9.62,0.003683870387471956,-0.02306299686387166,-0.13584854554070502
9.64,0.0032033522048706066,-0.024593248207051926,-0.017176588777320877
9.66,0.0027109771742753466,-0.024497992287412004,0.026702180741314023
9.68,0.0022298397959564075,-0.02344164398042997,0.07893264995689035
9.7,0.0017812375332328973,-0.02119637794723553,0.1455939533625544
9.72,0.0013852495693463707,-0.01846137822213349,0.1279060191476502
9.74,0.0010339683235535656,-0.0170484906161303,0.013382741452669327
9.76,0.0006850813602267288,-0.018369890681291596,-0.14552274796879933
9.78,0.0002810857528752891,-0.02240433226044476,-0.2579214099465163
9.8,-0.00021693836477496467,-0.027315739027183386,-0.23321926672734583
9.82,-0.0007992881346648855,-0.0303887947618479,-0.07408630673910528
9.84,-0.001413028360943374,-0.030542581350686406,0.05870764785525615
9.86,-0.0020081508340740253,-0.02877028474677747,0.11852201253563939
9.88,-0.002554703312417783,-0.025627522383365114,0.19575422380559898
9.9,-0.0030182981684480836,-0.020241725875870812,0.34282542694383267
9.92,-0.003348644660168906,-0.012496776275820019,0.43166953306124684
9.94,-0.0035185447709676775,-0.004808159398788162,0.3371921546419396
9.96,-0.0035574057748025633,0.00041524667592404354,0.18514845282928125
9.98,-0.0035205607813850143,0.0028447711324914703,0.05780399282746135
10.0,-0.003455777696037772,0.0034498806088287593,0.0027069548062674327
10.02,-0.00338528931706244,0.0036464260805796176,0.016947592368818237
10.04,-0.0033066237452783953,0.004337507682759289,0.05216056784914886
10.06,-0.0032042883796292885,0.006153683803356043,0.1294570442105264
10.08,-0.003049560798746752,0.00960719908356304,0.21589448381017262
10.1,-0.002811790175911646,0.014292250420038063,0.25261064983732895
10.12,-0.0024756782345293307,0.019306183868897975,0.24878269504866166
10.14,-0.002041282961487612,0.024059096267975224,0.2265085448590629
10.16,-0.001521353570068974,0.02760613072825461,0.12819490116887453
10.18,-0.000952937633486564,0.02876818001916351,-0.011989972077984589
10.2,-0.00038789509729622834,0.027339920111003203,-0.1308360187380471
10.22,0.0001286075585971369,0.024103918349378854,-0.19276415742438985
10.24,0.000574128603937149,0.020547961676487998,-0.16283150986469672
10.26,0.0009567662737599395,0.01792804221908955,-0.09916043587514865
10.28,0.0012971428144851378,0.016192001029352115,-0.07444368309859496
10.3,0.0016037918530701321,0.01435779056003085,-0.10897736383353172
10.32,0.0018672725040214222,0.01189629016096714,-0.13717267607284042
10.34,0.002077774552733222,0.009154453745564124,-0.13701096546746158
10.36,0.0022349486887286102,0.006637322562854583,-0.11470215280349297
10.38,0.002347300773455466,0.004725189111354112,-0.07651119234655421
10.4,0.0024280949619149323,0.003433861969677248,-0.05262152182113234
10.42,0.0024856848704711246,0.00229697756228576,-0.06106691891801656
10.44,0.002520754577542449,0.0012771701253072778,-0.04091382477983177
10.46,0.002542733730873684,0.0011516709968690318,0.0283639119360071
10.48,0.0025724276853173835,0.0018671120534568136,0.04318019372277108
10.5,0.0026141144228016477,0.002086984578498227,-0.021192941218629937
10.52,0.002645650088705777,0.0007683101408092487,-0.11067450255026792
10.54,0.0026375071815177248,-0.0016513113343236629,-0.13128764496302325
10.56,0.002580794166316273,-0.003891453161940242,-0.09272653779863436
10.58,0.002487003737781399,-0.00535839257836424,-0.053967403843765256
10.6,0.0023732377812617474,-0.005808434282781587,0.008963233402030561
10.62,0.002261333566042626,-0.005258396051325373,0.04604058974359076
10.64,0.002161641290579105,-0.004897455114313343,-0.00994649604238759
10.66,0.002053233060243919,-0.006366859361227263,-0.13699392864900417
10.68,0.0018920540488716884,-0.010073193696890064,-0.2336395049172755
10.7,0.0016431742026768027,-0.01484919448627993,-0.2439605740217105
10.72,0.001303672191881387,-0.0187873069065354,-0.149850668003836
10.74,0.0009088205238462338,-0.020154629712163807,0.013118387440996578
10.76,0.0005143855494734225,-0.018987170606004043,0.10362752317498118
10.78,0.00015348068173509606,-0.017197664180490697,0.07532311937635398
10.8,-0.00018002271033190585,-0.016383411642832427,0.006102134389473062
10.82,-0.0005108596327377207,-0.016919736419102112,-0.05973461201644128
10.84,-0.0008633467315136375,-0.01843624585801891,-0.09191633187523723
10.86,-0.0012487229283486452,-0.020014774490460963,-0.06593653136896725
10.88,-0.0016570533028280607,-0.020560641877300747,0.011349792684989687
10.9,-0.0020563480293904262,-0.018886423156603185,0.15607207938476853
10.92,-0.002393933695160529,-0.014425724346156773,0.2899978016598736
10.94,-0.0026207489765335884,-0.008070821530244104,0.3454924799313938
10.96,-0.0027176792405944707,-0.0018528213479580987,0.2763075382972066
10.98,-0.0027052590349171414,0.0028055981645435457,0.18953441295295786
11.0,-0.0026111758308888402,0.006605940145628469,0.19049978515553415
11.02,-0.0024391021529585775,0.01069417354672717,0.21832355495433547
11.04,-0.0021800283144957407,0.015289493126427871,0.2412084030157337
11.06,-0.0018275509906734524,0.01988052829033016,0.21789511337449385
11.08,-0.001389639730285042,0.02374668134385629,0.16872019197811905
11.1,-0.0008847709760892542,0.026549748521874427,0.11158652582369344
11.12,-0.000334836863923958,0.028274754522808643,0.060914074269725976
11.14,0.0002378718699509294,0.028747660292918573,-0.01362349725873429
11.16,0.0008052392798615083,0.027746025873337035,-0.08653994469942064
11.18,0.0013397933685753516,0.025556461007396617,-0.13241654189462188
11.2,0.00181868763964479,0.02204538406456883,-0.21869115238815948
11.22,0.002210084067645303,0.016805607594820814,-0.3052864945866429
11.24,0.0024829012213565555,0.01036422281291275,-0.3388519836041639
11.26,0.0026230490172179264,0.003682243589421674,-0.3293459387449433
11.28,0.0026362916555689557,-0.0020846320387395466,-0.24734162407117902
11.3,0.0025529174992445563,-0.005863443130468981,-0.13053948510176444
11.32,0.0024132611682877907,-0.007916168531559171,-0.07473305500725451
11.34,0.002236057170135525,-0.01000093210964897,-0.13374330280172533
11.36,0.0020043438253716395,-0.01341770446726768,-0.20793393296014537
11.38,0.0016956837747237321,-0.01738425933304925,-0.18872155361801107
11.4,0.0013135921204782454,-0.020658013934544403,-0.13865390653150372
11.42,0.0008737958734516693,-0.023266870119582554,-0.122231711972311
11.44,0.000382495311186293,-0.02593902698091823,-0.14498397416125683
11.46,-0.00016430530125028728,-0.02869219816203802,-0.130333143950721
11.48,-0.000756298588314379,-0.030111265296030493,-0.011573569448525133
11.5,-0.0013508964128412099,-0.028851407392478434,0.13755935980373252
11.52,-0.0018940017391288226,-0.02513857775622234,0.23372360382187804
11.54,-0.0023472532306222085,-0.020047804249782,0.2753537468221557
11.56,-0.0026916633139855276,-0.014319441473155501,0.2974825308404948
11.58,-0.0029178052412088596,-0.008257231445593673,0.3087384719156884
11.6,-0.00302452057434811,-0.0025802217988571195,0.25896249275796757
11.62,-0.003030996458930544,0.0015994359827695248,0.15900328540469694
11.64,-0.0029742586658278954,0.003721764145811199,0.05322953089947035
11.66,-0.002893721515787701,0.004104748905412079,-0.014931054939382439
11.68,-0.002815715796067185,0.0036406706966470312,-0.03147676593712227
11.7,-0.002749033323582278,0.003035797138813252,-0.029010589846255767
11.72,-0.0026945572202624665,0.002389927118807763,-0.035576412154293253
11.74,-0.002652156767934483,0.0019359777331249245,-0.009818526413990706
11.76,-0.002611073363741899,0.0023887404267777133,0.05509479577926948
11.78,-0.002549017552409564,0.003979942888502101,0.10402545039316896
11.8,-0.002447038283525716,0.006296750051641352,0.12765526592075574
11.82,-0.0022954411110293754,0.00886952311196079,0.12962204011118797
11.84,-0.002093705870991985,0.011225019380575095,0.10592758675024233
11.86,-0.0018526498837630754,0.012649083455683824,0.036478820760629346
11.88,-0.001596696963333394,0.012729982945478266,-0.02838887178118595
11.9,-0.0013470771921715514,0.012266888501131742,-0.01792057265346631
11.92,-0.0011022601180033426,0.012367989849502497,0.028030707490540725
11.94,-0.0008484912592448617,0.013049042039861713,0.04007451154538059
11.96,-0.0005805797277851186,0.013687900523784215,0.023811336846868522
11.98,-0.0003044511690084977,0.013805369400456041,-0.012064449179686151
12.0,-3.295788307881413e-05,0.013233898580337314,-0.045082632832187705
12.02,0.00022183595201988535,0.012202104432452177,-0.05809678195632646
12.04,0.0004522438521692934,0.010737943977070126,-0.08831926358187925
12.06,0.0006488555322504254,0.008899056693848337,-0.09556946474029968
12.08,0.0008100501315414682,0.007336771153362725,-0.060659089308262
12.1,0.0009448356662666638,0.006150878795136504,-0.057930146514360355
12.12,0.0010544198849617166,0.004715176679128517,-0.08564006508643864
12.14,0.0011314062397268783,0.0029740005073815878,-0.08847755208825453
12.16,0.0011741212693202633,0.0013440289451271637,-0.07451960413718792
12.18,0.0011856633082038366,-0.00021155601634648716,-0.08103889201017718
12.2,0.0011643670621601814,-0.0019609359537534946,-0.0938991017305235
12.22,0.0011066711290201668,-0.0037935270461899803,-0.08936000751312491
12.24,0.0010145032810393833,-0.005344523029606322,-0.0657395908285091
12.26,0.0008963534052073926,-0.006376039407300874,-0.037412046940945826
12.28,0.0007615499605298942,-0.007094317417613549,-0.034415754090321285
12.3,0.0006116809992229656,-0.00794755181990898,-0.05090768613922133
12.32,0.00044358088646411344,-0.00881083641261765,-0.03542077313164617
12.34,0.00026302309771389376,-0.00910778775598119,0.005725638795292634
12.36,8.32506846349576e-05,-0.008807542837830971,0.02429885301973012
12.38,-8.769297695780074e-05,-0.008269452093449108,0.02951022141845641
12.4,-0.0002463527199150383,-0.007555159470871985,0.041919040839256336
12.42,-0.0003860615488678045,-0.00626519580956353,0.08707732529158947
12.44,-0.0004904697303691478,-0.004001608858990313,0.13928136976573274
12.46,-0.0005400130122273221,-0.000821088258402867,0.17877069029301185
12.48,-0.0005191788057451401,0.0029796005862029098,0.20129819416756572
12.5,-0.00042030081976664185,0.006859514782693273,0.18669322548147044
12.52,-0.00024770632655018255,0.010303212162267641,0.1576765124759661
12.54,-1.1647585692828836e-05,0.013225621679308113,0.1345644392280805
12.56,0.0002775907621644322,0.015588864427692122,0.1017598356103201
12.58,0.0006051031801629973,0.016931535488297348,0.032507270450201
12.6,0.0009469359938445876,0.01708677837114181,-0.016982982165756028
12.62,0.0012841943012181253,0.016585019185404636,-0.033192936407962
12.64,0.0016075305274268173,0.015662324924574183,-0.059076489675084165
12.66,0.0019069541367876571,0.014179656451728416,-0.08919035760949313
12.68,0.0021706454867548314,0.012086293167714268,-0.12014597079192155
12.7,0.002386172553498554,0.009357933384049047,-0.1526900075746008
12.72,0.0025411512071164283,0.0060578313503290605,-0.17732019579739822
12.74,0.0026278399654756962,0.002660853011206088,-0.16237763811489936
12.76,0.0026526114615190426,1.779476523881537e-05,-0.101928186481828
12.78,0.002636238995894643,-0.0014721775093193795,-0.04706904097399144
12.8,0.002599813062141386,-0.00204884463460984,-0.01059767155505454
12.82,0.0025572602092208798,-0.002179261953305627,-0.002444060314524144
12.84,0.00251236260507143,-0.0023516761126610203,-0.014797355621015182
12.86,0.0024594617059613957,-0.003083809084973003,-0.058415941610182986
12.88,0.0023832529483386335,-0.004679536057366432,-0.10115675562915971
12.9,0.0022694749645019393,-0.006696057904479749,-0.10049542908217209
12.92,0.0021171511196159507,-0.008451506633117048,-0.07504944378155763
12.94,0.0019335329463135984,-0.009889218291303176,-0.06872172203705514
12.96,0.0017190391661485104,-0.011708413221786307,-0.1131977710112575
12.98,0.0014606502740898307,-0.01420952965511679,-0.13691387232178992
13.0,0.001149527794663965,-0.016880173880428378,-0.13015055020936844
13.02,0.0007865755521382854,-0.019380983115901525,-0.11993037333794582
13.04,0.0003772014832441582,-0.021444840368936555,-0.08645535196555622
13.06,-6.432722783451514e-05,-0.02247507240427232,-0.01656785156802006
13.08,-0.0005128397639663878,-0.022161057095556068,0.04796938243964649
13.1,-0.0009439224441237186,-0.02081998165688396,0.08613816142756524
13.12,-0.0013427287957158698,-0.01904237103933037,0.09162290032779465
13.14,-0.0017064233561158969,-0.01738567098462132,0.07404710514311126
13.16,-0.0020392900309623703,-0.01589913030915945,0.0746069624030766
13.18,-0.0023421410045321093,-0.014375455041172722,0.07776056439559664
13.2,-0.0026139015499230043,-0.012790777370244788,0.08070720269719772
13.22,-0.0028532487433433245,-0.01112759629953039,0.0856109043742424
13.24,-0.0030563048751456718,-0.009059336215033768,0.1212151040754201
13.26,-0.0032100725195683406,-0.0061586252740870005,0.16885599001925672
13.28,-0.0032991349277152276,-0.002730670574051663,0.17393947998427728
13.3,-0.003319944392937264,0.0006005265649551019,0.1591802339163993
13.32,-0.0032767145414671493,0.003691622251443037,0.14992933473239417
13.34,-0.003173273499513248,0.006633618442875151,0.14427028441081696
13.36,-0.0030122062885576508,0.009450141913481194,0.13738206264978683
13.38,-0.0027961854625374104,0.012129019449575847,0.13050569095967798
13.4,-0.0025258436842628823,0.01498817093243074,0.15540945732581066
13.42,-0.002192934556916997,0.018405932663763166,0.18636671580743067
13.44,-0.0017885923997207629,0.0219757910938345,0.17061912719970249
13.46,-0.001318710815093019,0.024824464234495545,0.11424818686640181
13.48,-0.0008037104475948143,0.0264586447870756,0.04916986839160254
13.5,-0.0002700577809035522,0.026638911745622083,-0.03114317253695615
13.52,0.00025172240254075617,0.02530063575077166,-0.10268442694808796
13.54,0.0007352234589295827,0.022950731226261564,-0.132306025502922
13.56,0.001166545051844005,0.020119836739669425,-0.15078342315629192
13.58,0.00153604394742001,0.01669299508862479,-0.1919007419481722
13.6,0.0018275908070041983,0.012265046179860408,-0.2508941489282667
13.62,0.00202086476539852,0.006969942888710086,-0.2786161801867663
13.64,0.002105197689425223,0.0014962146284530152,-0.26875664583894093
13.66,0.002083203304661699,-0.003604020513045255,-0.2412668683108861
13.68,0.0019651860931080827,-0.008081872023843098,-0.20651828276889803
13.7,0.001765797411545509,-0.011679375359010926,-0.1532320507478842
13.72,0.001505176311851007,-0.014202093728674607,-0.0990397862184841
13.74,0.0012054000901715418,-0.01557184793238574,-0.037935634152627885
13.76,0.0008912336845957797,-0.01560190863006654,0.034929564384548625
13.78,0.0005896583205566001,-0.014381782989589352,0.0870829996631706
13.8,0.0003211468996994119,-0.012383977146031235,0.11269758469264216
13.82,9.702819711635214e-05,-0.009976826942322912,0.1280174356781903
13.84,-7.765417349037793e-05,-0.007528876063145588,0.1167776522395424
13.86,-0.00020604099536128596,-0.005368047676740458,0.09930518640097123
13.88,-0.00029314990551308225,-0.0033232930332982376,0.10517027794325093
13.9,-0.00033653503572948865,-0.0009128862452970054,0.13587040085687244
13.92,-0.00032558995533243766,0.00210883054158294,0.16630127783112206
13.94,-0.00024948861724845826,0.005534526851119809,0.17626835312256464
13.96,-0.00010596722187089234,0.00869647207316963,0.13992616908241723
13.98,9.006548305153472e-05,0.010612699901200628,0.051696613720682065
14.0,0.0003087827966275141,0.011065231096788824,-0.006443494161862802
14.02,0.0005266064840144837,0.010607525856086413,-0.0393270299083783
14.04,0.0007286231537905349,0.009480719053318645,-0.07335365036839894
14.06,0.0009014773745682788,0.007700231513708278,-0.10469510359263817
14.08,0.0010313281572611561,0.0051241054124414095,-0.1529175065340491
14.1,0.0011002263934843943,0.0016156996739434381,-0.19792306731574805
14.12,0.0010921223462031322,-0.002467775766918739,-0.21042447677046966
14.14,0.0010027725275252603,-0.006362676500138608,-0.1790655965515173
14.16,0.0008444401801088769,-0.009233843146665113,-0.10805106810113284
14.18,0.0006414763826409196,-0.010896372645852054,-0.05820188181756101
14.2,0.00041336945973764267,-0.011841274325611807,-0.03628828615841388
14.22,0.0001716882504169385,-0.012206749885297878,-0.0002592698101918168
14.24,-6.881132089000623e-05,-0.011658843227344031,0.05504993560557698
14.26,-0.0002882725222824856,-0.01015199311023962,0.09563507610486446
14.28,-0.0004715580338237479,-0.008145191271758744,0.10504510774322293
14.3,-0.0006131447978061162,-0.005998083131269987,0.10966570630565332
14.32,-0.0007118235493433959,-0.003902303531108503,0.09991225371049517
14.34,-0.0007710598741331372,-0.00207996419334916,0.0823216800654393
14.36,-0.0007966491768413113,-0.0005016838201821474,0.075506357251262
14.38,-0.0007919339574210983,0.00095558698088361,0.07022072285531372
14.4,-0.0007580297383969586,0.0024722516633005993,0.08144574538638502
14.42,-0.0006918121234352114,0.004173681463797036,0.08869723466325845
14.44,-0.0005910936361957001,0.005873437811700038,0.08127840012704184
14.46,-0.0004594963816332553,0.007179928559696214,0.049370674672575394
14.48,-0.00030934408213418175,0.007669281058742863,-0.00043542476791073653
14.5,-0.00015830473537961376,0.007321694143378577,-0.034323266768518094
14.52,-1.999200518232963e-05,0.006446753910520645,-0.05317075651727535
14.54,9.746759663312315e-05,0.005257140016449378,-0.0657906328898516
14.56,0.0001887268566675493,0.0038325153011636785,-0.0766718386387184
14.58,0.0002501025291701262,0.0023080386594463696,-0.07577582553301272
14.6,0.00028113052815720475,0.0007958807844991679,-0.07543996196170748
14.62,0.000280967633434929,-0.0008617961577226286,-0.09032773226047218
14.64,0.0002447981317150784,-0.0027985556199276087,-0.10334821396002584
14.66,0.00016818189667521983,-0.004861841876523312,-0.10298041169954435
14.68,5.045545046504489e-05,-0.0069054790614841745,-0.10138330679654164
14.7,-0.00010782885686033743,-0.008917854907873586,-0.09985427784239881
14.72,-0.0003053694819203704,-0.01079684116483379,-0.08804434785362134
14.74,-0.0005380110987205576,-0.012422116711824267,-0.07448320684542609
14.76,-0.0007995424415602413,-0.013640635933849772,-0.04736871535712382
14.78,-0.0010779138569451394,-0.014000753286463934,0.011356980095708975
14.8,-0.001351018833024405,-0.013077809639919072,0.08093738455877794
14.82,-0.0015935355805891064,-0.011031266700454869,0.12371690938764286
14.84,-0.0017883465643834299,-0.008396283262115153,0.13978143444632904
14.86,-0.0019283867807909302,-0.005611280281358016,0.13871886362938515
14.88,-0.00201250260762985,-0.0027820020994158263,0.14420895456483385
14.9,-0.0020381659418116423,0.0002724145259144502,0.16123270796819383
14.92,-0.0020003971860284853,0.003508157235962775,0.1623415630366385
14.94,-0.0018995977011176906,0.006480192634327203,0.13486197679980388
14.96,-0.001745764539459684,0.008765969212048565,0.09371568097233195
14.98,-0.0015536952939307022,0.010341291595526814,0.06381655737549255
15.0,-0.0013361819536778566,0.011306252273118307,0.0326795103836558
15.02,-0.0011053342582102049,0.011687854670074571,0.0054807293119701565
15.04,-0.0008710777807954084,0.011707954978950632,-0.0034706984243644138
15.06,-0.0006366535910054017,0.01178242549484342,0.01091775001364225
15.08,-0.00039778418409648744,0.012156382546513867,0.02647795515340222
15.1,-0.0001483578014083762,0.01283641275865493,0.04152506606070363
15.12,0.00011737284449439091,0.013771520707498163,0.05198572882361982
15.14,0.00040238502110146216,0.014688927787828161,0.03975497920937921
15.16,0.0007019961397027665,0.015166262422445544,0.007978484252358807
15.18,0.001003749974777933,0.0148507655738603,-0.03952816911088336
15.2,0.0012909855150022868,0.01377908157704129,-0.06764023057101891
15.22,0.001552355760214244,0.012323775933421214,-0.07789033379098903
15.24,0.0017837093563077865,0.010834390885098836,-0.071048171041249
15.26,0.0019870902250525564,0.009548830251930315,-0.05750789227560387
15.28,0.0021659768217176956,0.008310407918666255,-0.06633434105080221
15.3,0.0023174217015958817,0.006759259554903475,-0.08878049532547608
15.32,0.002433216891406174,0.004738564314991662,-0.1132890286657056
15.34,0.002504531447456456,0.0023529450642159793,-0.12527289641186273
15.36,0.0025262473618774244,-0.00019577400116805557,-0.12959901012654076
15.38,0.002496507297792495,-0.002773471509137936,-0.1281707406704472
15.4,0.002415992608606464,-0.00524855295292429,-0.11933740370818798
15.42,0.0022878548358017357,-0.007530185977778668,-0.10882589877724941
15.44,0.002116738054478569,-0.009518886255145175,-0.09004412895940146
15.46,0.0019097532730900887,-0.011109503408387686,-0.06901758636484905
15.48,0.0016740460084793917,-0.012446907011180692,-0.0647227739144515
15.5,0.0014118564553620555,-0.013787391206094523,-0.0693256455769311
15.52,0.0011223582087299005,-0.015156698126864912,-0.06760504650010636
15.54,0.0008069728183921707,-0.016318361831928592,-0.04856132400626112
15.56,0.0004735932432309279,-0.01688459937026663,-0.008062429827542458
15.58,0.00013723534570093292,-0.016603861590690563,0.0361362077851494
15.6,-0.0001850121355785314,-0.015490761088390004,0.07517384244490671
15.62,-0.0004781549223013426,-0.01374163425609074,0.09973884078502024
15.64,-0.0007331220464426334,-0.011759188516862338,0.09850573313782064
15.66,-0.0009495468170447777,-0.009930395887975152,0.08437352975089822
15.68,-0.0011321109541662982,-0.008367564089786757,0.0719096500679417
15.7,-0.0012860376804312938,-0.007072977260855246,0.057549032825209775
15.72,-0.0014168377115333587,-0.006049540471851332,0.044794646075181986
15.74,-0.0015294288031312375,-0.005237529256730995,0.03640647543685231
15.76,-0.0016262479212862102,-0.004411873964152464,0.046159053821000835
15.78,-0.0017033607169127485,-0.003204761953885842,0.0745521472056615
15.8,-0.0017518567507284815,-0.0016104026366448785,0.08488378451843505
15.82,-0.0017677555987486214,-1.285977491554863e-05,0.07487050165449802
15.84,-0.0017535162973840437,0.0014129097379727777,0.06770644963433459
15.86,-0.0017109365274215415,0.002884081522086432,0.07941072877703073
15.88,-0.0016364469377998766,0.004611168111306596,0.09329793014498537
15.9,-0.0015255542478124337,0.006478587974053394,0.09344405612969414
15.92,-0.0013781095991012601,0.0082250807972723,0.08120522619219601
15.94,-0.0011976478656019489,0.00980704616843012,0.07699131092358606
15.96,-0.0009859144139435156,0.011376012302668898,0.07990530250029101
15.98,-0.0007433363282056025,0.012835635230346261,0.06605699026744445
16.0,-0.0004756710717968423,0.01381794809794707,0.032174296492635514
16.02,-0.00019466433459989455,0.014193371418721665,0.005368035584823735
16.04,8.969208429070353e-05,0.014213039640298148,-0.003401213427176095
16.06,0.000372369327290689,0.014009519303673286,-0.016950820235310582
16.08,0.00064807570345453,0.013506426019582693,-0.03335850817374896
16.1,0.00091086734584973,0.012739479401852107,-0.04333615359931021
16.12,0.0011567203224936487,0.011832349228876682,-0.04737686369823302
16.14,0.0013834999153347779,0.010826009105398321,-0.053257148649604194
16.16,0.0015887457437276764,0.009667427534634163,-0.06260100842681217
16.18,0.0017675345970732683,0.008109483016838595,-0.09319344335274475
16.2,0.001909174742693505,0.005958990242885829,-0.12185583404253221
16.22,0.0020028488339125902,0.0033516915375164037,-0.13887403649441035
16.24,0.0020415174251037587,0.0004856459685866275,-0.14773052039856743
16.26,0.0020210704176563754,-0.0025610378502951446,-0.15693786148960978
16.28,0.0019382228357558426,-0.005735682969593516,-0.16052665044022715
16.3,0.0017930983926102723,-0.00869203402824621,-0.1351084554250421
16.32,0.0015938133586688942,-0.01115760248046394,-0.11144838979673041
16.34,0.0013500352090137647,-0.013137033589374255,-0.08649472109429977
16.36,0.0010714388840010068,-0.014650434362222168,-0.06484535619049156
16.38,0.0007672062494513483,-0.01568557289609951,-0.038668497197242156
16.4,0.00044786059276487154,-0.01614401773880008,-0.007175987072814404
16.42,0.00012549702424135488,-0.015994739930199186,0.022103767932903244
16.44,-0.0001887257708195957,-0.015364977078073246,0.040872517279691545
16.46,-0.0004873448870027945,-0.014471638444130247,0.048461346114608964
16.48,-0.0007664103938941093,-0.013401162606582818,0.05858623764013416
16.5,-0.0010219225007172292,-0.012110353186703678,0.0704947043477797
16.52,-0.0012483279964196894,-0.010445065025439472,0.09603411177864148
16.54,-0.0014364454177644387,-0.008287824268619865,0.11968996390331953
16.56,-0.0015773285805582799,-0.005753725520869666,0.1337199108717006
16.58,-0.0016651175558950286,-0.002998094367489998,0.14184320446626628
16.6,-0.0016970165118308318,-0.0002070867000531642,0.13725756227741723
16.62,-0.0016757400919921726,0.0022330607531310426,0.10675718304100346
16.64,-0.0016123838355107697,0.0039697451355382935,0.06691125519972153
16.66,-0.0015219545847782012,0.004955784786811476,0.0316927099275967
16.68,-0.0014185091952162198,0.005288311761398249,0.0015599875310804323
16.7,-0.0013137272764214864,0.005125064421102743,-0.01788472156063115
16.72,-0.0012153547374444264,0.004684599219959835,-0.026161798553659903
16.74,-0.0011260264704722645,0.004291659591441209,-0.013132164298202884
16.76,-0.0010420705116789602,0.0041413962790952386,-0.0018941669363944666
16.78,-0.0009590638860048103,0.004187142962295951,0.006468835256465737
16.8,-0.000873264710727343,0.004430902014463552,0.017907069960294276
16.82,-0.0007804092390371384,0.004887446025000625,0.02774733109341307
16.84,-0.0006764547560614445,0.0055408070854187025,0.03758877494839456
16.86,-0.0005574965414623512,0.006386230269542648,0.04695354346399964
16.88,-0.0004200225910089298,0.007379096594287915,0.05233308901052656
16.9,-0.0002620474493756031,0.008414747166317921,0.05123196819247372
16.92,-8.414817743584048e-05,0.009343076776403815,0.04160099281611498
16.94,0.00011026229914376082,0.010059408005971418,0.03003213014064448
16.96,0.000316635454079977,0.01053683592708315,0.0177106619705284
16.98,0.0005292926786784511,0.010647805215899532,-0.006613733088890244
17.0,0.0007386779241846616,0.010178313725021428,-0.04033541599892126
17.02,0.0009325622986350189,0.009129382877499965,-0.06455766875322554
17.04,0.0011007836180341028,0.007620008842394902,-0.0863797347572808
17.06,0.0012342421519382688,0.005642559748407918,-0.11136517464141794
17.08,0.0013239460671892035,0.0032841195372385404,-0.12447884647552022
17.1,0.0013664201699361929,0.0010476648023265021,-0.09916662701568375
17.12,0.0013708637768618732,-0.0004371222956441436,-0.04931208278138084
17.14,0.001354179016000918,-0.0011353487100411416,-0.02051055865831894
17.16,0.001328506238910295,-0.0013751135569279834,-0.003465926030365236
17.18,0.0013017919820574946,-0.0012222521537604597,0.018752066347117652
17.2,0.0012821537933251628,-0.0006887446658000299,0.034598682448925354
17.22,0.0012753002846598877,3.4762073195527053e-06,0.03462340486303291
17.24,0.0012823676231251135,0.0007069143065144527,0.03572040505645706
17.26,0.0013044019638167403,0.0015341184401505299,0.047000008307150586
17.28,0.0013449537852383237,0.002544536249864912,0.05404177266428764
17.3,0.001406874485416895,0.0036586148004130107,0.057366082390522086
17.32,0.0014897281770828003,0.004537163325154535,0.030488770083630063
17.34,0.0015828503098659786,0.0045891055663313625,-0.025294545965947494
17.36,0.001666442225828768,0.0036135217214151865,-0.07226383852567016
17.38,0.0017223728204010292,0.0018851841282654979,-0.1005699207892988
17.4,0.0017399117155049554,-0.00013383478304908642,-0.1013319703421597
17.42,0.001718207343817868,-0.001974666483543321,-0.08275119970726376
17.44,0.0016635660983242186,-0.0034193418598881787,-0.061716337927221906
17.46,0.0015835167440931518,-0.0045515560356113914,-0.05150507964509921
17.48,0.001481083401413584,-0.0057468385342613875,-0.0680231702199002
17.5,0.0013510240462652676,-0.007334994501525731,-0.09079242650653367
17.52,0.0011858047452844788,-0.009204981879001501,-0.09620631124104276
17.54,0.0009826843931281205,-0.01109602595304033,-0.09289809616283924
17.56,0.000742707629779782,-0.012875481634541722,-0.08504747198729863
17.58,0.00046876171408512577,-0.014490449365241999,-0.07644930108272853
17.6,0.00016432303651305256,-0.015920409894499696,-0.06654675184304076
17.62,-0.00016621974148563776,-0.01707512939237375,-0.04892519794436379
17.64,-0.0005161758853826918,-0.017853910820366976,-0.028952944854957464
17.66,-0.0008776382188250189,-0.01822199892706552,-0.007855865814897202
17.68,-0.0012421546214392365,-0.018154903879852625,0.014565370536187987
17.7,-0.0016002028377122568,-0.01754307838660971,0.04661717878810491
17.72,-0.0019395537164567317,-0.016282646826332858,0.07942597723958124
17.74,-0.0022481916904688723,-0.014524662221551212,0.09637248323858363
17.76,-0.0025183383035963,-0.012436392358397637,0.11245450307677485
17.78,-0.002743059496845901,-0.00995993930141265,0.13519080262172392
17.8,-0.002912865804335878,-0.006902975546888387,0.17050557283070247
17.82,-0.003014845002960033,-0.0031959844281535454,0.20019353904278192
17.84,-0.0030377788754160275,0.0009499525974801177,0.21440016352058447
17.86,-0.002975741027784647,0.005261770314540913,0.2167816081854951
17.88,-0.0028279538489118217,0.009476720119987066,0.20471337235911996
17.9,-0.002598790832805972,0.013373878452312112,0.18500246087338462
17.92,-0.002296766155772613,0.016705920041645738,0.1482016980599772
17.94,-0.0019364898880930366,0.019147583088045275,0.0959646065799754
17.96,-0.0015375662791888454,0.020583729093738377,0.04764999398933426
17.98,-0.0011186675389262854,0.02119085291201392,0.013062387838220012
18.0,-0.0006938181214328986,0.021215082921597957,-0.010639386879816031
18.02,-0.0002729481203933247,0.020806728181538323,-0.030196087126147627
18.04,0.00013639369558380028,0.020089776904753574,-0.04149904055232749
18.06,0.0005284167905698367,0.01903890084392159,-0.06358856553087247
18.08,0.0008936515880163433,0.01734330358444152,-0.10597116041713611
18.1,0.0012163438985666193,0.014776951017829708,-0.15066409624404567
18.12,0.0014802652390765829,0.011540940003275593,-0.17293700521136618
18.14,0.0016767822788497748,0.008125046011541306,-0.16865239396206239
18.16,0.0018066605146146485,0.004918167281269037,-0.15203547906516487
18.18,0.0018757348550532,0.0020451712938962495,-0.13526411967211388
18.2,0.0018899354624848518,-0.0006076102763235728,-0.1300140373498683
18.22,0.0018512358991051017,-0.0032895735808166943,-0.13818229309944371
18.24,0.0017574384627169338,-0.00610864536559731,-0.14372488537861755
18.26,0.0016072148562697181,-0.008879001382101582,-0.1333107162718091
18.28,0.0014037070965285709,-0.011435054034250823,-0.12229454894311545
18.3,0.0011512187086546828,-0.013780204623150417,-0.11222050994684382
18.32,0.0008540881206929043,-0.015886973848497497,-0.09845641258786343
18.34,0.0005182918157620284,-0.017610933916757762,-0.07393959423816225
18.36,0.00015328796656449752,-0.01878931360373249,-0.04389837445930977
18.38,-0.00022954229921881913,-0.019406928915439412,-0.017863156711382937
18.4,-0.0006193648262040251,-0.019480889649788235,0.0104670832765014
18.42,-0.0010049175071599463,-0.018975793676576744,0.04004251404464821
18.44,-0.001373883888064724,-0.01779379492300962,0.07815736131206465
18.46,-0.0017119585900785606,-0.01590518906917692,0.11070322407120635
18.48,-0.0020061880522922047,-0.01343107343440485,0.13670833940600077
18.5,-0.002246275583552311,-0.010518066214266245,0.15459238260785996
18.52,-0.0024252095494734444,-0.007349886285716144,0.16222561024715035
18.54,-0.0025392004421763334,-0.0040211174364725225,0.17065127467721183
18.56,-0.0025842837850723463,-0.00042677930822894027,0.1887825381471464
18.58,-0.002554669302459581,0.003407905626901115,0.19468595536585903
18.6,-0.002449072847582233,0.007076797424141402,0.17220322435816934
18.62,-0.0022752035504979722,0.010204767470774643,0.14059378030515465
18.64,-0.0020442732181447753,0.012824077108378667,0.1213371834552475
18.66,-0.0017638333891361797,0.015204448299979592,0.11669993570484385
18.68,-0.0014374794336728264,0.017377197362495343,0.10057497054673152
18.7,-0.0010718568269696322,0.019083246575021143,0.07002995070584794
18.72,-0.0006789535669166056,0.020068696350853215,0.02851502687735865
18.74,-0.0002749000754841657,0.02018548074438597,-0.01683658752408369
18.76,0.000122986971836738,0.019480461484604448,-0.05366533845407027
18.78,0.0004999081009208248,0.01811389977794485,-0.08299083221189053
18.8,0.0008444060178759223,0.01627679630949383,-0.10071951463321227
18.82,0.0011496202548969914,0.014235738080504805,-0.10338630826569054
18.84,0.0014135269601164581,0.01214839270456731,-0.10534822932805951
18.86,0.001635004301631312,0.009978298111374077,-0.11166122999126414
18.88,0.0018105138154288006,0.007486443146787796,-0.13752426646736438
18.9,0.0019305376921612942,0.004405937880972083,-0.17052626011420696
18.92,0.0019832384890008906,0.0007985063651373733,-0.1902168914692641
18.94,0.0019604284989376396,-0.003116342325069739,-0.20126797755144712
18.96,0.001857883631362419,-0.007136365710629194,-0.2007343610044981
18.98,0.0016755119318019205,-0.011075679902771432,-0.19319705820972496
19.0,0.0014169410515254108,-0.014702301653836297,-0.16946511689676133
19.02,0.001091606445165388,-0.017700936477363205,-0.13039836545592937
19.04,0.0007146429965033208,-0.019838660690024417,-0.08337405581019064
19.06,0.0003041215948876485,-0.02106714830420009,-0.039474705607376745
19.08,-0.00012236570153057412,-0.021444050798259444,0.0017844562014423012
19.1,-0.0005477627127892509,-0.020939294654297048,0.048691158194798814
19.12,-0.0009537427523846293,-0.019505328212660628,0.09470548596884341
19.14,-0.0013227446160933949,-0.017286677990682037,0.1271595362290158
19.16,-0.0016416343314284397,-0.014531696681182822,0.14833859472090563
19.18,-0.0019013361652251977,-0.011375267654357087,0.16730430796166845
19.2,-0.002094064493976208,-0.007831757083554066,0.18704674911863406
19.22,-0.0022117701449726754,-0.0038628009735482776,0.2098488618819452
19.24,-0.0022461809931755955,0.000465486097839024,0.22297984525678516
19.26,-0.002192637005913506,0.00487082744106755,0.2175542890660674
19.28,-0.0020533354872847324,0.008978030021520299,0.19316596897920718
19.3,-0.0018366648103188196,0.012612881812054208,0.1703192100741834
19.32,-0.00155200902326499,0.015769412333224143,0.14533384204280933
19.34,-0.0012096518743951073,0.018361409243606033,0.11386584899537888
19.36,-0.0008231571657257849,0.02011272932323251,0.06126615896726883
19.38,-0.00041237272673859345,0.020779545611940998,0.0054154699035809046
19.4,2.167950147450909e-06,0.020567855609988837,-0.026584470098795863
19.42,0.00040742673238024105,0.019918950815928812,-0.03830600930720709
19.44,0.0007972635213849953,0.01902067681192757,-0.05152139109291853
19.46,0.0011654277267218367,0.01769849108760026,-0.08069718133981343
19.48,0.001501158129174019,0.015769550006024962,-0.11219692681771641
19.5,0.001792501176758717,0.013284326393831933,-0.13632543440158654
19.52,0.002030041775944956,0.010425691434287856,-0.14953806155282187
19.54,0.002208066710495321,0.007347737929507199,-0.15825728892524413
19.56,0.0023231241960534775,0.004145719863961528,-0.16194451762932288
19.58,0.0023735069625936195,0.0008854204293914817,-0.16408542582768182
19.6,0.0023585230379241156,-0.002377575300931677,-0.16221414720463403
19.62,0.0022792231851301893,-0.005517685845179241,-0.1517969072201224
19.64,0.0021398087026842545,-0.008358831604330562,-0.13231766869500938
19.66,0.0019473138595798567,-0.010833386570048419,-0.1151378278767759
19.68,0.0017079170079157973,-0.013091376330744323,-0.1106611481928145
19.7,0.0014244944998055569,-0.01522401207311931,-0.10260242604468321
19.72,0.0011010909793829928,-0.017036479656699126,-0.07864433231329739
19.74,0.0007469472194799599,-0.018262161348923712,-0.04392383690916012
19.76,0.00037510854766589796,-0.018812239705170274,-0.011083998715495005
19.78,-8.716079774421559e-07,-0.01866170394900553,0.026137574331970427
19.8,-0.0003657463840817383,-0.017669184260953076,0.07311439447327607
19.82,-0.0007022680883963571,-0.015871031070019425,0.10670092462008977
19.84,-0.000996933630172984,-0.013524778372656115,0.12792434511624148
19.86,-0.0012406885551885375,-0.010792925458183176,0.1452609463310537
19.88,-0.0014265153203018002,-0.007740773313933575,0.15995426809390714
19.9,-0.0015490891788439566,-0.0045040748343954055,0.1637155798599101
19.92,-0.0016066092615303264,-0.0012570185327637118,0.16099005030325947
19.94,-0.0015997017788915123,0.0019402589583169673,0.1587376988048084
19.96,-0.0015297667901445692,0.0050223534073594355,0.14947174609943822
19.98,-0.0014002102177074261,0.00789406158985822,0.13769907215044005
20.0,-0.0012160818187395427,0.010454145943961695,0.11830936325990724
,,,
Maximum,0.01229269894983787,0.11876446467673983,1.159223519948382
