Time(s),Displacement(m),Velocity(m/s),Acceleration(m/s^2)
0.0,0.0,0.0,0.0002993462379939932
0.02,3.2020897411297874e-08,1.8096722317547495e-06,-0.00011837901481851837
0.04,5.811351622070255e-08,1.478338506086386e-06,8.524564225168197e-05
0.06,5.924072302390926e-08,-3.6400524142085857e-06,-0.0005970847342811792
0.08,-3.214430487300327e-08,-4.568020133079168e-07,0.000915409774371246
0.1,4.343167348270705e-08,3.095903036259922e-06,-0.0005601392694144626
0.12,2.9483946215620916e-08,-2.682572468438139e-06,-1.7708281055343455e-05
0.14,-1.1692965093049232e-08,-6.343089488708094e-07,0.0002225346330120765
0.16,2.1710564477903597e-09,1.1228747987467927e-06,-4.6816258250316294e-05
0.18,3.7797114688095395e-08,3.5663217210553337e-06,0.00029116095048117033
0.2,9.031296639495564e-08,-2.1668751908933347e-06,-0.0008644806416760373
0.22,-3.084493771405668e-09,-1.0310622264071536e-06,0.0009780619381246556
0.24,5.860196631528052e-08,1.5344740845706807e-06,-0.0007215083070268725
0.26,4.391629178429146e-08,1.943283721479004e-06,0.000762389270717705
0.28,1.1559048353542657e-07,-7.593313874647908e-07,-0.001032650781612085
0.3,1.2148905837723656e-08,-3.6710660636050065e-06,0.0007414773139980636
0.32,2.0571112805610113e-09,-1.5864101963450201e-06,-0.000533011727272065
0.34,-5.221468851158748e-08,3.6216769658841624e-07,0.0007278695165654086
0.36,3.380711953392772e-08,4.900240647996363e-06,-0.00027406222142461437
0.38,4.093742533353515e-08,-5.990313211805467e-06,-0.000814993164555569
0.4,-9.192981075387838e-08,2.004726560545946e-07,0.0014340717513415754
0.42,-1.137384661465424e-08,-2.6582682046413207e-06,-0.0017199458374111676
0.44,-8.407946749437472e-08,1.1610151651436245e-05,0.0031467878230189246
0.46,2.730492820214622e-07,-1.1188691056862022e-06,-0.004419689898731169
0.48,-1.2275773145867697e-07,-1.2936414823336774e-05,0.003237935326966113
0.5,-6.43912368207912e-08,2.248450572695285e-06,-0.0017194487873629068
0.52,-1.1660564576493282e-07,4.865425386617253e-06,0.0019811462687551037
0.54,1.1433867114682346e-07,5.0993340759779e-06,-0.0019577553998190392
0.56,-5.281246334806035e-08,-1.5693784327997983e-05,-0.00012155644057854856
0.58,-2.72453977638634e-07,-3.4309408180459254e-07,0.0016566254651978877
0.6,-1.1310920206194776e-07,8.021649848133245e-06,-0.0008201510722041045
0.62,1.3026036778670362e-07,2.866364650307226e-05,0.002884350737698006
0.64,3.951587798289802e-07,-4.64360385767831e-05,-0.010394319245683542
0.66,-9.400878081612991e-07,-3.47171858814028e-06,0.014690751244547825
0.68,4.050831508345229e-07,6.181156858017564e-05,-0.008162422527716238
0.7,3.6818499398437183e-07,-4.753363541071156e-05,-0.0027720978713724857
0.72,-4.5400975873350803e-07,-5.409633725339934e-07,0.0074713650751902436
0.74,1.7069707449670032e-07,2.0074300977696817e-05,-0.005409838640167164
0.76,3.6150632469321904e-08,-6.232181857828761e-06,0.0027791903566146085
0.78,7.498218749843251e-08,-9.50280659612197e-06,-0.0031062528304439292
0.8,-2.5760708384561676e-07,1.7975079507584235e-07,0.004074508569563711
0.82,1.2793918677744118e-07,1.6727353307669895e-05,-0.0024197483183043067
0.84,6.578445994481574e-08,-1.8580432457190536e-05,-0.001111030258181737
0.86,-1.9209854067451788e-07,9.588717403298399e-06,0.003927945244230632
0.88,1.5548223758741447e-07,-6.3197705096132575e-06,-0.005518794035521799
0.9,-2.9512222403153496e-07,2.3681213160208972e-07,0.006174452299643334
0.92,2.780952498140175e-07,2.376447381719535e-05,-0.0038216861310840103
0.94,1.4442676387160158e-07,-2.9362359214912997e-05,-0.0014909971721268232
0.96,-2.6133937052696707e-07,1.2769769991308933e-05,0.005704210092749017
0.98,3.5598047023458614e-07,1.0016335204124949e-05,-0.00597955357146742
1.0,-7.258287516977233e-08,-2.4521636504229475e-05,0.0025257564006319804
1.02,-1.588007769693196e-07,1.0853023732207063e-05,0.001011709623011673
1.04,2.07714895408062e-07,2.315420716207639e-05,0.00021840871997525846
1.06,3.285409412093414e-07,-3.0368594653713455e-05,-0.0055706889015542434
1.08,-5.174766934287669e-07,-1.0458566872746898e-05,0.007561691679650902
1.1,1.9238062317768926e-07,5.177881443995319e-05,-0.0013379535483808956
1.12,5.6446146280799e-07,-3.436596745155231e-05,-0.007276524640769656
1.14,-5.669683558823846e-07,-2.8217291492755034e-05,0.007891392236649386
1.16,-2.1755262696916497e-07,2.9933019955999167e-05,-0.002076361091773969
1.18,1.1743249170654088e-07,1.1145338807097235e-05,0.00019759297688377517
1.2,1.1888144336581329e-07,-2.4049264634141362e-05,-0.003717053321007635
1.22,-4.4261271566844406e-07,1.044938623220481e-06,0.00622647364674382
1.24,9.617744619986818e-08,1.6463910566367683e-05,-0.004684576452429102
1.26,-3.469627380932862e-08,-5.71311460982386e-06,0.002466873934809948
1.28,2.4685287586290027e-07,2.8989862322382584e-05,0.001003423758410697
1.3,3.9656488315488334e-07,-4.555716113507467e-05,-0.008458126104156423
1.32,-9.303149773875748e-07,-2.3336395769655148e-05,0.010680202640698376
1.34,-2.3825349551821378e-07,4.367998741273068e-05,-0.003978564322459792
1.36,-3.188837808684324e-08,-1.6619563986157863e-05,-0.002051390817429064
1.38,-3.4298048137260626e-07,7.089220653741914e-06,0.004422269281419042
1.4,6.619764996481552e-08,2.9755855789390283e-06,-0.004833632788899332
1.42,-4.3411365169042674e-07,-3.2661538517171093e-05,0.001269920379288322
1.44,-4.945843502273287e-07,4.3553268460923686e-05,0.0063515603185211565
1.46,6.385618374830051e-07,1.9349788049491142e-05,-0.008771908359664413
1.48,-6.466831606325477e-09,-4.7734792865737766e-05,0.002063450268141526
1.5,-4.0285086742630714e-07,1.537747767706303e-05,0.004247776786138555
1.52,1.315765248769842e-07,6.9313856299820946e-06,-0.005092385990846651
1.54,-1.9809118355536e-07,-1.238906761634932e-05,0.0031603406662135108
1.56,-1.256548103344901e-07,4.040184553694018e-06,-0.0015174154492091762
1.58,-3.1179834934595845e-07,-2.082774546701653e-05,-0.0009693775528618782
1.6,-4.6652330475582925e-07,2.8140523151171226e-05,0.005866204414680653
1.62,3.5253228541904776e-07,7.91524807708258e-06,-0.007888731922089522
1.64,-2.7643322887214954e-07,-3.128800407694954e-05,0.003968406706686311
1.66,-1.9594347971694935e-07,3.496540346031601e-05,0.0026569340470402446
1.68,3.617362866463462e-07,-1.2848182436540128e-05,-0.007438292636725859
1.7,-3.596495429831341e-07,-8.128583204083213e-06,0.007910252559971551
1.72,4.1625922365101447e-07,5.354095580357319e-05,-0.0017432986592059094
1.74,5.271085216453215e-07,-7.302153031594126e-05,-0.010912949952745535
1.76,-1.2533201044778301e-06,-1.1891733759134872e-05,0.01702592960842618
1.78,3.9921797574093255e-07,0.00010140488346682236,-0.005696267885830459
1.8,9.538964702167413e-07,-6.264531390396883e-05,-0.010708751851248664
1.82,-7.327737095023145e-07,-2.0622380637434095e-05,0.014911045177902142
1.84,3.7616902318086807e-07,5.847571939832414e-05,-0.007001235174326319
1.86,3.446156707475659e-07,-5.167208991838043e-05,-0.004013545757344139
1.88,-6.185681632279268e-07,-9.979376861216584e-07,0.009080960980570018
1.9,1.6456665412682967e-07,2.865648816975661e-05,-0.006115518394982193
1.92,-2.1674327520709298e-07,-5.33542817897797e-05,-0.002085558600971437
1.94,-8.10236434887013e-07,3.854017563728576e-05,0.011275004343677984
1.96,5.983692981664264e-07,2.1460465246664553e-05,-0.012982975382740111
1.98,-3.168957909922619e-07,-5.038094003973126e-05,0.005798834854100533
2.0,-2.590914537452162e-07,5.1444182125514076e-05,0.0043836773624239996
2.02,7.210574728965929e-07,2.972011210032073e-07,-0.009498375462875087
2.04,-1.9899266251678558e-07,-4.3618167925262334e-05,0.005106838558248537
2.06,-3.6798546794508376e-07,1.081902945379458e-05,0.0003368811796571544
2.08,-2.3921036148620323e-07,-5.6906047353286176e-06,-0.001987844598569475
2.1,-3.430792930796182e-07,1.567931571733974e-05,0.004124836643836311
2.12,3.989155239152837e-07,3.86922246761927e-05,-0.0018235457479510173
2.14,2.130459337012862e-07,-8.702943040497487e-05,-0.010748619760165737
2.16,-1.576138333141995e-06,1.3167418385114874e-05,0.020768304639174714
2.18,5.637929541331456e-07,8.697180992929421e-05,-0.013387865484756789
2.2,3.565956058002249e-07,-7.114456726095867e-05,-0.002423772234268498
2.22,-5.839568953984185e-07,2.54439816848058e-05,0.012082627128844949
2.24,9.647286564599256e-07,6.058859812069052e-05,-0.008568165485256478
2.26,9.922715464418786e-07,-3.136410789152329e-05,-0.0006271051159649019
2.28,2.849222308026867e-07,-3.710313040318318e-05,5.320286479891523e-05
2.3,-1.7882937299837737e-07,4.111491588217583e-06,0.004068259334341162
2.32,2.0647782448098086e-07,8.890503102056954e-06,-0.003590358182957225
2.34,-3.7458630407689424e-08,-1.8467892607842205e-05,0.0008545186119673105
2.36,-1.5598638919955653e-07,1.0611435277231235e-05,0.0020534141765400343
2.38,-1.0778255064023588e-07,-3.452643653596471e-05,-0.006567201357859629
2.4,-8.631992574910314e-07,2.141238062290638e-05,0.012161083073746741
2.42,7.562179534448408e-07,7.847698965710068e-05,-0.006454622170327315
2.44,6.949816354137055e-07,-0.0001015932053155985,-0.011552397326942604
2.46,-1.5256307519091015e-06,-1.4381474197798036e-05,0.02027357043872266
2.48,-1.0828707194926484e-07,3.862879600234497e-05,-0.014972543418708358
2.5,-7.894184776026907e-07,-2.970186866562025e-05,0.008139476951911834
2.52,-3.475545625132354e-07,4.428855507554047e-05,-0.0007404345777957642
2.54,2.3058547792702457e-07,5.54824169291569e-06,-0.0031335967604667146
2.56,9.186919946291504e-08,-5.679575507806678e-07,0.002521976836097079
2.58,-2.656249605230211e-09,-3.8262670619631245e-05,-0.006291448142982136
2.6,-1.0254439957350933e-06,-1.3978339250395619e-05,0.008719881279905703
2.62,-4.266764928314301e-07,3.057299113728369e-05,-0.0042647482411377734
2.64,-4.768150208354207e-07,-2.601927906378822e-05,-0.0013944787789694178
2.66,-1.049490914474884e-06,-1.9918038128648874e-05,0.0020046028724833532
2.68,-9.413112925231683e-07,3.601699082522158e-05,0.0035889000229036936
2.7,-1.758021315113256e-07,6.903392272296316e-06,-0.006500259878196224
2.72,-5.434521297290168e-07,-3.9516854952840815e-06,0.005414752101438186
2.74,-2.704935155291704e-07,-5.3003578938367455e-06,-0.005549619341293454
2.76,-9.172543516625748e-07,-3.0917216219402634e-05,0.0029879335087368668
2.78,-8.698327223329395e-07,3.90683417508819e-05,0.004010622288291587
2.8,1.184772563344267e-07,3.0003590415425247e-05,-0.004917097421837253
2.82,4.2495905781882276e-07,3.5136063610181443e-05,0.005430344741312871
2.84,9.910026892473982e-07,-3.9669029919205266e-05,-0.012910854094251542
2.86,-5.244099877055432e-07,-1.886530076201528e-05,0.01499122700997055
2.88,5.835002024065511e-07,5.4004859941139226e-05,-0.007704210939655105
2.9,2.1284268544040164e-07,-8.656623803064985e-05,-0.006352898857523799
2.92,-1.3860273216135424e-06,-3.1690364215539065e-06,0.014692619018433396
2.94,6.207397375049378e-08,7.66270769633793e-05,-0.006713007679940082
2.96,7.834954340402444e-07,2.20891419161048e-05,0.0012592141752126324
2.98,9.5587114725964e-07,-3.0914068601426585e-05,-0.006559535226965773
3.0,-2.1187023125176164e-08,-1.913523608521154e-05,0.00773741847858728
3.02,3.2368984182552537e-07,1.262781712715551e-05,-0.004561113157350576
3.04,5.5164122914769215e-09,-2.7370517110912532e-05,0.0005612797335437722
3.06,1.1421939225315443e-08,5.0014065926463134e-05,0.0071771785701937926
3.08,1.2339011116279767e-06,1.1571958305534991e-05,-0.01102138933228661
3.1,5.308923104199658e-07,-1.8381343469405524e-05,0.008026059154792561
3.12,9.392652064621803e-07,1.7758029797217613e-05,-0.00441212182813025
3.14,2.095958618638114e-07,-0.00010084524300288806,-0.007448205451880317
3.16,-2.0337174178725325e-06,-6.032445143587234e-05,0.0115002846085819
3.18,-1.608665062194114e-06,6.940391013768848e-05,0.0014725515487741814
3.2,-2.0198170199251693e-07,5.746916826712078e-05,-0.002666025735830954
3.22,7.697304714442035e-07,5.747874683957603e-05,0.002666983593076478
3.24,1.7424545807975593e-06,4.281286793086534e-06,-0.00798672959772543
3.26,1.1831104435757203e-06,-1.259689819219461e-05,0.006298911099197314
3.28,1.2359038963643021e-06,-2.9876296689296635e-05,-0.008026850948907517
3.3,-6.648429300883564e-07,-0.00014509092110023039,-0.0034946114921858527
3.32,-2.9315989214794255e-06,-1.4885441586341024e-05,0.016515159443574796
3.34,-1.5578802379431872e-06,7.067709126736986e-05,-0.007958906158203712
3.36,-1.1062333652231984e-06,5.981909955295734e-06,0.001489388026996297
3.38,-1.165453454385345e-09,0.00013890248658476753,0.011802669635950882
3.4,3.1555787993552784e-06,7.767996839240568e-05,-0.017924921455187072
3.42,1.9922332923517806e-06,-0.00015061254828346534,-0.0049043302124000265
3.44,-6.554525401266498e-07,-4.688447618083361e-05,0.015277137422663206
3.46,-9.918723297649589e-08,2.443737420755826e-05,-0.008144952383824022
3.48,-4.0663563555129826e-07,-1.3542484963096658e-05,0.004346966466758528
3.5,8.813856120908586e-08,5.7831434772665646e-05,0.0027904255068177015
3.52,9.8806658541056e-07,-8.577920983287175e-06,-0.009431361082412989
3.54,1.4715636479831547e-07,-1.4667080301132443e-05,0.008822445150628463
3.56,1.149515314597896e-06,9.146355156591734e-05,0.001790618036076514
3.58,2.1474371539689176e-06,-5.1145007586946654e-05,-0.01605147395136291
3.6,3.0038027970185304e-08,-5.480511421228743e-05,0.015685463288828833
3.62,8.062240552763807e-07,6.918349963221585e-05,-0.0032866019043785027
3.64,9.981424185311146e-07,-7.671322573243662e-05,-0.011303070632086742
3.66,-7.629008745201783e-07,2.3006638280467193e-06,0.01920445958813508
3.68,1.0831452932614695e-06,8.026100162980295e-05,-0.011408425807959463
3.7,2.843876060968184e-07,-0.00016625139825470896,-0.013242814180491724
3.72,-3.4876155313373317e-06,-0.00010086953230078736,0.019781000775883892
3.74,-3.1327647712497486e-06,5.715667085587329e-05,-0.003978380460217826
3.76,-2.9564845382221217e-06,-4.808750215542427e-05,-0.006546036840911932
3.78,-2.6130591209911145e-06,0.00021314918530461897,0.03266970558691626
3.8,3.468022119137676e-06,0.0001591667595409181,-0.03806794816328636
3.82,1.4900049118475126e-06,-0.00023435661854249702,-0.001284389645055159
3.84,-9.920578633828304e-07,0.0001092477172509942,0.035644823224404286
3.86,3.3924932324607784e-06,8.273899763051006e-05,-0.03829569518645271
3.88,9.352581125740108e-07,-0.00015110631137950814,0.014911164285450904
3.9,1.121547707734678e-06,0.0001810444191786073,0.018303908770360644
3.92,3.929762886434581e-06,-0.00012389564925583551,-0.048797915613804935
3.94,-2.880613796904569e-06,-0.00028578604785115214,0.032608875754273306
3.96,-2.6306175659705595e-06,0.0002829827727996727,0.02426800631080918
3.98,2.567579514693233e-06,-2.891604660786826e-05,-0.055457888251563295
4.0,-2.705624251099934e-06,-0.00017856958913760567,0.04049253399858957
4.02,7.798187664955467e-08,0.000369754757451739,0.014339900660344906
4.04,6.002116681058244e-06,5.711699154376253e-06,-0.050744206490081184
4.06,1.211197209813758e-06,-0.0002226192540946137,0.027911111165182204
4.08,7.294516250768018e-07,9.386555882686195e-05,0.0037373701269653586
4.1,1.979116014438225e-06,-3.7655160519164005e-05,-0.01688944206156796
4.12,6.013657903191195e-07,3.754220803614181e-05,0.024409178917098543
4.14,2.8777626499796513e-06,2.2283323705810695e-05,-0.025935067350131662
4.16,-1.646593274521854e-07,-0.00024157927052508032,-0.0004511920729574244
4.18,-2.498559722461743e-06,0.00013758540252830124,0.0383676593782956
4.2,2.66563741419979e-06,0.00011578217165967149,-0.040547982465158575
4.22,-2.770675393347368e-07,-0.00026749026169793627,0.0022207391293977974
4.24,-3.3507802084509497e-06,5.1716231734462664e-05,0.0296999102138421
4.26,6.887904991737396e-08,0.00011251732314790228,-0.023619801072498156
4.28,-9.547917615558084e-07,-0.0001423872572918004,-0.0018706569714721094
4.3,-2.7860514109592725e-06,2.8792136887802232e-05,0.018988596389432382
4.32,-9.744923429997546e-07,2.4263622523999426e-05,-0.019441447825812672
4.34,-2.016152962561113e-06,-1.0361859724075884e-05,0.01597889960100515
4.36,8.733708506056585e-07,0.000294363295413116,0.014493615912714034
4.38,5.907820927320362e-06,2.1504761553833114e-05,-0.04177946929864235
4.4,2.114675043504665e-06,-0.0001941867126935974,0.020210321873899303
4.42,1.6853066678704792e-06,0.00012186495030307393,0.011394844425767832
4.44,4.198375525492383e-06,1.9281983779459447e-05,-0.02165314107812929
4.46,2.481115818951166e-06,-7.962151275880859e-05,0.011762791424302498
4.48,2.151658380767138e-06,-7.803504453012016e-06,-0.004580990593722838
4.5,7.049915701852674e-07,-0.00015558310674402819,-0.010196969635378778
4.52,-1.976549263114697e-06,1.0904784846849487e-05,0.026845758794466552
4.54,8.92056815346561e-07,0.0001400237541308242,-0.01393386186606909
4.56,9.08685691328915e-07,-0.0001382145582036044,-0.013889969367373772
4.58,-1.7687333036479555e-06,1.3715960834415964e-05,0.02908302127117582
4.6,1.3669361649682928e-06,0.00015208828591184713,-0.015245788763432702
4.62,1.1564334174405044e-06,-0.00018329409631853547,-0.018292449459605564
4.64,-2.9737870925354413e-06,-7.002038926326532e-05,0.029619820165132586
4.66,-1.4597527609317167e-06,7.094772661576349e-05,-0.015523008577229713
4.68,-2.301343775555683e-06,-0.00011290401965282477,-0.0028621660496291057
4.7,-3.4907040449618205e-06,7.602565939101997e-05,0.021755133954013583
4.72,-1.2472203755078797e-06,-3.3080107904084595e-05,-0.03266571068352406
4.74,-5.109520389281313e-06,-0.00018652767942260533,0.017320953531671998
4.76,-5.26596840229382e-06,0.00017637862157661465,0.018969676568250007
4.78,-6.522754943019824e-07,0.00014959992736304631,-0.02164754598960686
4.8,-2.9356062823821313e-07,-2.891716492045863e-05,0.0037958367612563604
4.82,1.7216817815990203e-07,8.973528318807093e-05,0.008069408049596598
4.84,2.1777734856798456e-06,4.067614925588364e-05,-0.012975321442815328
4.86,1.15061851418289e-06,-0.00010567232980815737,-0.0016595264635887695
4.88,-9.233643017494091e-07,-8.315749813764241e-05,0.003911009630640273
4.9,-2.122659998441104e-06,-5.268945453487209e-05,-0.0008642052703632386
4.92,-2.8331342681090367e-06,7.449821323186622e-06,0.00687813285616911
4.94,-2.0204378899929584e-06,3.82234855093474e-05,-0.0038007664375530326
4.96,-1.7434440558794118e-06,3.1097684738675148e-06,0.0002893947340050435
4.98,-1.5897636306143564e-06,1.3938579501972848e-05,0.0007934863688054896
5.0,-7.58038845870395e-07,8.894669501959362e-05,0.006707325182956584
5.02,1.524959251071537e-06,9.748307267253668e-05,-0.0058536874176622795
5.04,2.707583615473947e-06,4.09643834919109e-05,0.00020181849959970133
5.06,3.864363919864867e-06,8.957009367881919e-05,0.004658752519091126
5.08,5.624976019090082e-06,3.8364102335232526e-05,-0.009779351653449793
5.1,5.472182082941683e-06,-1.853778558227034e-06,0.005757563564103837
5.12,5.258896448263603e-06,-8.586092372629627e-05,-0.014158278080910757
5.14,2.233055921367516e-06,-0.00014057145077271292,0.008687225376269096
5.16,1.4188608589743125e-06,7.214138842375427e-05,0.012584058543377637
5.18,3.2547859267582645e-06,5.265397886307843e-06,-0.019271657597122287
5.2,1.3115100333542024e-06,-0.00010930560381200216,0.007814557427291292
5.22,4.0522485057809246e-07,4.5228559346748845e-06,0.0035682885473764143
5.24,-3.2629110258431654e-08,-0.00011040669146859252,-0.015061243287703155
5.26,-3.10742526257644e-06,-8.979360703348466e-05,0.017122551731213943
5.28,-1.7531986014859315e-06,0.00021149569591840617,0.013006378563975143
5.3,2.3330846427587803e-06,5.988730916014302e-05,-0.02816721723980147
5.32,4.153669789015621e-07,-0.00012576009550085407,0.009602476773701775
5.34,-1.586875197343871e-08,9.081006363344029e-05,0.012054539139727656
5.36,2.0920333008486607e-06,1.401978925915776e-05,-0.01973356657715592
5.38,8.609187136341457e-08,-0.00013159512716954326,0.005172074934285828
5.4,-1.4021121709987107e-06,-1.1761101358090538e-05,0.006811327646859447
5.42,-1.6392387723221132e-06,-8.016006395092377e-05,-0.013651223906142769
5.44,-3.876032090906099e-06,-3.868663082432266e-05,0.017798567218802887
5.46,-1.9216955309635244e-06,0.0001925380734520027,0.005323903208829639
5.48,8.961724736095266e-07,-1.563497830634413e-05,-0.026141208384664327
5.5,-1.6238829426656501e-06,-8.532627198194498e-05,0.019172079017104243
5.52,-7.705705829914678e-07,0.00010692860774397486,5.340895548774233e-05
5.54,2.367044605089161e-07,-6.330004851776958e-05,-0.017076274581662186
5.56,-2.373360936345839e-06,-9.414696667605233e-05,0.013991582765833916
5.58,-2.2606814545488893e-06,6.528002796330796e-05,0.001951116698102117
5.6,-1.7493824776372686e-06,-7.337637637089403e-05,-0.015816757131522318
5.62,-4.240018311051858e-06,-6.867505095517712e-05,0.016286889673094013
5.64,-3.6047618487345e-06,6.976967452701786e-05,-0.0024424171248745193
5.66,-2.9052417484451357e-06,-1.018716276188588e-05,-0.005553266604015858
5.68,-2.401613920499781e-06,0.00015145116575573359,0.0217170994557778
5.7,1.9984884289558267e-06,0.00013994202634909594,-0.02286801339644158
5.72,1.8239038669376183e-06,-7.73916030365074e-05,0.0011346504578812477
5.74,1.8225757897157957e-06,0.00014323748991092893,0.020928258836862387
5.76,5.639648511204797e-06,7.680334003286847e-05,-0.027571673824668453
5.78,3.820308935031846e-06,-0.000150790878244995,0.004812251996882112
5.8,2.3680292289025883e-06,3.561728060178017e-05,0.013828563887795412
5.82,3.5793603995250995e-06,-2.7820524488137777e-05,-0.020172344396787213
5.84,9.069118888169998e-07,-0.0001435027836620673,0.008604118479394272
5.86,-2.0108804369402788e-07,3.476439265353773e-05,0.00922259915216624
5.88,7.975438043690832e-07,-1.1959999619271186e-05,-0.013895038379447132
5.9,-1.1969179614572485e-06,-0.00013629888184093608,0.0014611501572806447
5.92,-3.1909404421791345e-06,-4.111710999921722e-05,0.008057027026891244
5.94,-3.3506278211963293e-06,-2.2289157123057244e-05,-0.006174231739275246
5.96,-3.836836002341033e-06,3.3389404467161385e-05,0.01174208789829711
5.98,-1.767576329854767e-06,0.000126189262955646,-0.0024621020494486594
6.0,-5.189938966907455e-07,-4.047014044220216e-05,-0.014203838290336161
6.02,-2.538761561340861e-06,-7.998648590975139e-05,0.010252203743581247
6.04,-2.639381183377114e-06,4.2357991078252345e-05,0.001982243955219131
6.06,-1.464012857671234e-06,7.1766827147186e-05,0.0009586396516742309
6.08,-4.3749668505714655e-07,8.573750809988347e-07,-0.008049584858292947
6.1,-1.5516458350959288e-06,-8.834127408488555e-05,-0.0008702800582954893
6.12,-3.0152488289543885e-06,-3.4155100326042925e-05,0.006288897434179753
6.14,-3.0230284373130645e-06,4.25428505648695e-06,-0.002447958895926767
6.16,-3.5848078208750295e-06,-6.829588868800098e-05,-0.004807058478522025
6.18,-4.70264403376105e-06,1.6986930228319127e-05,0.013335340370154039
6.2,-1.6463850792031899e-06,0.00029111157902550044,0.01407712450956408
6.22,3.6847147173440775e-06,7.667056633544846e-05,-0.035521225778569296
6.24,1.3178428153837194e-06,-0.00015315966017925766,0.012538203127098684
6.26,9.764937261191835e-07,0.00012973492569784808,0.0157512554606119
6.28,3.664002478213546e-06,-1.3856093187660683e-05,-0.030110357349162786
6.3,5.761935562577314e-07,-0.00013435557842642303,0.01806040882528656
6.32,7.743123276635099e-07,0.0001178248843108472,0.007157637448440467
6.34,2.688044011213287e-06,-2.0166390573632447e-05,-0.020956764936888438
6.36,3.635724241832989e-07,-9.877030753834901e-05,0.013096373240416792
6.38,3.202140548780342e-08,1.6844229868205786e-05,-0.0015349194997613114
6.4,-5.748612375716389e-07,-0.0001093716611977148,-0.011086669606830747
6.42,-2.7461581227504373e-06,3.915485686917312e-06,0.022415384295293966
6.44,-1.2738921089556695e-07,0.00016083052245145633,-0.006723880618840071
6.46,6.215033541776102e-07,-0.00014208835395353533,-0.0235680070216591
6.48,-3.0921375337291235e-06,-3.718935506234847e-05,0.034057906910777806
6.5,1.1229436339373538e-08,0.00019930468652719347,-0.010408502751823624
6.52,8.766728712044229e-07,-0.00016470783030639324,-0.025992748931535054
6.54,-2.787133200574649e-06,3.977223916127622e-05,0.046440755878302015
6.56,2.6441331957517448e-06,0.0002707379223433865,-0.02334418756009099
6.58,3.880115146334945e-06,-0.00012263667649838305,-0.015993272324085983
6.6,1.2948186040787745e-06,1.7411594899200376e-05,0.029998099463844338
6.62,3.978465456815086e-06,6.774284347360268e-05,-0.02496497460640411
6.64,2.0560720920486977e-06,-0.0001741949455981226,0.0007711956992315777
6.66,-2.3122191609007972e-07,-2.416167016887176e-06,0.016406682158891968
6.68,1.0509219429093665e-06,3.3087091294771605e-05,-0.012856356327726092
6.7,6.791824077821121e-08,-8.506117463195559e-05,0.0010415297350533752
6.72,-8.446628469617476e-07,2.281988875238359e-05,0.009746576603380545
6.74,2.6803415652866157e-07,2.3799006984988753e-05,-0.009648664780120034
6.76,-2.451356771816671e-07,-2.8086841225326474e-05,0.004460079959088514
6.78,-2.2548348217487457e-07,1.452071211078669e-05,-0.0001993246254771968
6.8,2.4847048278503003e-08,1.050140160120523e-05,-0.00020260642548095053
6.82,5.699746506196118e-08,-1.4154176430082231e-05,-0.0022629513776477954
6.84,-3.029114941213994e-07,-3.048477240861662e-06,0.0033735212965698533
6.86,3.177882350459372e-07,6.546670089112529e-05,0.0034779965166288397
6.88,9.975382278948296e-07,-6.375086802120512e-05,-0.016399753407861883
6.9,-1.3302705973905012e-06,-5.7672053671770586e-05,0.01700763484280535
6.92,-3.7831404138377173e-07,8.80612423164971e-05,-0.0024343052439785816
6.94,3.168311828980419e-07,-4.7507648550936375e-05,-0.011122583842764766
6.96,-1.571583864187139e-06,-7.702112153325677e-05,0.00817123654453273
6.98,-2.0527422730271866e-06,1.5611629517906997e-07,-0.000453512761689142
7.0,-2.6530635291232194e-06,-8.582529338787167e-05,-0.00814462820661593
7.02,-4.13162200587509e-06,3.1313097329122155e-05,0.019858467278315313
7.04,-1.1831861202009725e-06,0.00018105451540972016,-0.004884325470255517
7.06,8.077381825812142e-07,-1.4627130699557101e-05,-0.014683839140672214
7.08,3.247973519152641e-08,5.9803885697383175e-05,0.02212694078036624
7.1,2.9380048525702864e-06,9.495158840838521e-05,-0.018612170509266036
7.12,2.3386116831888367e-06,-9.369044713132757e-05,-0.00025203304470523824
7.14,1.3162105031601206e-06,3.654104770540011e-05,0.013275182528378008
7.16,2.7888917040819166e-06,1.5068259443689079e-05,-0.015422461354549121
7.18,1.3774029339531157e-06,-8.763522086120709e-05,0.005152113324059508
7.2,5.67495378728945e-07,2.2631751981935333e-06,0.0038377262818805533
7.22,7.517159694286753e-07,-1.527052461023306e-05,-0.005591096262723213
7.24,1.290295609746188e-07,-6.950949420410213e-06,0.0064230537817055
7.26,1.2405001395181377e-06,0.00011639194780529327,0.005911235940864845
7.28,3.7125591096009873e-06,7.891259049319248e-05,-0.009659171672074932
7.3,3.914986085080057e-06,-3.086941794377508e-05,-0.0013190291716218237
7.32,3.586229349423722e-06,2.5615617255318077e-05,0.00696753269153114
7.34,3.994846927302561e-06,-5.9613924744121725e-05,-0.015490486891475117
7.36,1.3250702009554554e-06,-0.00012633379054907123,0.008818500310980179
7.38,4.778081212189569e-07,3.73932660278659e-05,0.007554205346713534
7.4,7.829054855482549e-07,-0.00010456398087347243,-0.02174993003684737
7.42,-2.949193037365733e-06,-0.00013318751632167955,0.01888757649202667
7.44,-2.8386813092132705e-06,9.407602694596178e-05,0.003838777834737458
7.46,-1.5994852407124938e-06,-4.066042196418165e-05,-0.0173124227257518
7.48,-3.4647655662830726e-06,-2.5346977649705587e-05,0.01884376715719941
7.5,-2.0631162951540534e-06,7.25036743967699e-05,-0.00905870195255186
7.52,-1.8333388844314753e-06,-1.9953717659634455e-05,-0.00018703725308857888
7.54,-6.202528966459427e-07,0.0002237407060179846,0.024556479620850485
7.56,4.97233995950413e-06,0.00014584272017803695,-0.03234627820484527
7.58,3.2746241507195868e-06,-0.00022288002962530263,-0.0045259967754886915
7.6,-6.458392048836605e-08,-9.861183675700794e-06,0.02582788137044889
7.62,1.9398009618138064e-06,6.210128599223858e-05,-0.018631634403654958
7.64,8.453013162958509e-07,-0.00010206117477562092,0.0022153883268690097
7.66,-4.009876054608288e-07,-4.9748719809502244e-06,0.007493241952598064
7.68,-5.595164312099661e-07,-8.876199942645079e-05,-0.01587195469714812
7.7,-2.693787421386465e-06,1.6102897297908016e-05,0.026358444369584
7.72,6.234305164815543e-07,0.00020179245238854683,-0.007789488860520121
7.74,2.200782169776278e-06,-8.908726817768395e-05,-0.021298483196102953
7.76,-9.76524596405912e-07,-8.543664661093104e-05,0.021663545352778257
7.78,-2.7888870467261106e-07,5.888322345407469e-05,-0.007231558346277686
7.8,-7.598193573280764e-08,-1.501484810440199e-05,-0.0001582488095699837
7.82,1.7603448974420198e-07,6.941464812605528e-05,0.008601198432615708
7.84,2.084792922129229e-06,6.147248427948644e-05,-0.009395414817272595
7.86,1.4194338878682949e-06,-0.00012879467552538707,-0.009631301163214756
7.88,-1.5600810457038127e-06,-9.302487735289443e-05,0.013208280980464025
7.9,-1.1283053984790468e-06,0.00011873329198486348,0.007967535953311768
7.92,1.4065561627271276e-06,6.308729067808157e-05,-0.013532136083989968
7.94,7.633476882038889e-07,-8.733449169474923e-05,-0.0015100421532931174
7.96,-8.253221209284775e-07,-4.853106644742531e-05,0.005390384678025512
7.98,-1.0281291383161178e-06,1.2737233506449457e-05,0.0007364453173619653
8.0,-9.343380853637111e-07,-1.8770262243657567e-05,-0.003887194892372667
8.02,-1.2979299215053571e-06,2.18736979897949e-05,0.007951590915717914
8.04,-2.77761081519752e-08,6.725976686623833e-05,-0.003412984028073574
8.06,-2.451508007363518e-08,-9.990053923998992e-05,-0.01330304658254925
8.08,-2.62312874213316e-06,-5.6960505003456394e-05,0.017597050006202604
8.1,-8.593058826849211e-07,0.00020252393886212265,0.008351394380355294
8.12,2.428768878751798e-06,4.649392687709595e-06,-0.028138848997796603
8.14,-8.687415451451701e-07,-0.0002225368589819983,0.005420223830825813
8.16,-3.2155456479303637e-06,3.885086423795954e-05,0.020718548491169976
8.18,-1.0044808461286004e-06,4.6772506882645685e-05,-0.01992638422670137
8.2,-2.4361518041576453e-06,-0.00010903181520263448,0.004345952018173366
8.22,-2.8203715513156705e-06,0.00011697114814983152,0.018254344317073234
8.24,1.1378112857660995e-06,0.00017724168609187008,-0.012227290522869375
8.26,2.3749148430347187e-06,-4.664493336475358e-05,-0.010161371422792997
8.28,6.34732312910799e-07,-6.612379856115086e-05,0.008213484903153274
8.3,5.623622387959245e-07,3.925723697353779e-05,0.0023246186503155936
8.32,8.111593118594833e-07,-6.444109949069768e-05,-0.012694452296739142
8.34,-1.7233082162594384e-06,-0.0001243434072690515,0.0067042215189037635
8.36,-2.6287453003593634e-06,4.582903673407661e-05,0.010313022881409055
8.38,-1.0942291510698595e-06,3.5389120111181834e-05,-0.011357014543698536
8.4,-1.4050144868320453e-06,-3.825895149706161e-06,0.007435513017609734
8.42,-3.3300465065422745e-07,9.409813554998765e-05,0.0023568900523596448
8.44,1.2056407189345654e-06,1.903163381474716e-05,-0.009863540225883694
8.46,9.627243565099528e-07,2.413468026565073e-05,0.01037384487097405
8.48,2.4371882694490306e-06,6.916177769981973e-05,-0.005871135127557152
8.5,2.4394111760739585e-06,-7.927876813032878e-05,-0.008972919455457699
8.52,5.319359483002892e-07,-3.783455335081587e-05,0.01311734093340899
8.54,9.825779052737197e-07,1.2091990913556413e-05,-0.008124686506971766
8.56,-1.9899879104760418e-07,-0.00012017362120559378,-0.005101874704943252
8.58,-1.971293543462866e-06,2.5521776598330838e-05,0.019671414485335718
8.6,2.6312570567238496e-07,8.740518932026878e-05,-0.01348307321314193
8.62,-2.8563541435691893e-07,-0.0001222938145135139,-0.00748682717023633
8.64,-2.6723693345194056e-06,-3.855418729498197e-05,0.015860789892089527
8.66,-1.9702599154536797e-06,2.3816888528927548e-05,-0.009623682309698574
8.68,-2.7021668226926894e-06,-6.11829900467208e-05,0.0011236944521337382
8.7,-2.9340336371139112e-06,7.634901340892097e-05,0.01262950589343044
8.72,-5.368161733218211e-07,8.058953381666722e-05,-0.012205453852655822
8.74,-6.831337871928815e-07,-6.107217118743531e-05,-0.0019607166477544243
8.76,-1.4179140097308822e-06,3.1534475471714735e-05,0.011221381313669431
8.78,4.5143800659770334e-08,4.4175907478474096e-05,-0.009957238112993502
8.8,-4.1960121632702035e-07,-5.8491186375031774e-05,-0.00030947127235708173
8.82,-9.525718328171963e-07,4.0131493000107994e-05,0.010171739209871059
8.84,7.360033561637765e-07,7.130590024821935e-05,-0.0070542984850599285
8.86,1.1920783256563165e-06,-3.657570221958433e-06,-0.000442048561957847
8.88,7.180097791685174e-07,-5.937465590967455e-05,-0.005129660006813763
8.9,-8.401457290401038e-07,-6.367741434380646e-05,0.004699384163400574
8.92,-1.032193736793394e-06,5.155378589061368e-05,0.006823735860041439
8.94,3.1452751891259943e-07,3.066325797425726e-05,-0.008912788651677085
8.96,-6.401586101687595e-08,-2.8980136421164984e-05,0.0029484492121348606
8.98,-5.084748775664835e-07,-3.819307176145977e-05,-0.0038697427461643376
9.0,-1.5571070471255577e-06,-4.221125444929822e-05,0.0034679244773804935
9.02,-1.6763158660930217e-06,3.186194127967194e-05,0.0039393950955165236
9.04,-3.4655417013382144e-07,9.634642087937091e-05,0.002509052864453371
9.06,1.4440486526897814e-06,5.08070530202649e-05,-0.007062989650363977
9.08,9.620925361611625e-07,-0.00010327762701618285,-0.0083454783532808
9.1,-1.5229636675887176e-06,-8.274839299730831e-05,0.010398401755168256
9.12,-1.532629087362652e-06,6.006295547684391e-05,0.00388273309224697
9.14,-1.502762251978001e-07,4.8399687448570286e-05,-0.005049059895074336
9.16,2.4792781678976647e-07,1.3421830351737773e-05,0.0015512741853910827
9.18,6.675659294413785e-07,2.058931434035544e-05,-0.0008345257865293165
9.2,9.350405564395693e-07,7.287823234310895e-06,-0.0004956233240751388
9.22,1.2645876140771828e-06,3.981264541777164e-05,0.003748105542421212
9.24,1.6898693366247887e-06,-5.331408787761451e-05,-0.013060778871959828
9.26,-8.520876002801297e-07,-0.00014405757606091046,0.0039864300536302365
9.28,-2.141535956133939e-06,5.483359820744713e-05,0.015902687373205524
9.3,3.3574075736954434e-07,0.00010289743687857302,-0.011096303506092944
9.32,8.110011627595693e-07,-2.3542777887712916e-05,-0.0015477179705356454
9.34,8.412405719594139e-07,6.709864686075897e-05,0.010611860445382834
9.36,2.7724610796954035e-06,4.936717798505218e-05,-0.01238500733295352
9.38,2.394581128985905e-06,-3.156627524699397e-05,0.00429166200974891
9.4,2.7705891833334566e-06,7.661713854863161e-05,0.006526679369813649
9.42,4.248952096066863e-06,3.253366114611329e-06,-0.013863056613215678
9.44,2.6785184389401117e-06,-0.00010344121466607857,0.0031935985351466863
9.46,1.3413315410754244e-06,-2.5631590699012815e-05,0.004587363861559893
9.48,9.592123357464482e-07,-5.1928338016919727e-05,-0.0072170385933505825
9.5,-7.702264611485588e-07,-8.338875756690574e-05,0.004070996638351979
9.52,-1.4096900361388165e-06,3.014801250175302e-05,0.007282680368513901
9.54,-5.7258012192162e-07,-7.556341556065583e-06,-0.011053115774295767
9.56,-1.946561516116278e-06,-8.045336827410985e-05,0.003763413102491347
9.58,-2.537334263804771e-06,3.4656693370032276e-05,0.007747593061922868
9.6,-9.02657715330916e-07,9.841216491178498e-05,-0.0013720459077476016
9.62,8.294097789565267e-07,7.670625339702245e-05,-0.0007985452437286565
9.64,1.9121047930268977e-06,1.697719775379733e-05,-0.005174360320593856
9.66,1.6529439021216694e-06,-2.108492593744036e-05,0.0013681479514700886
9.68,1.6468470226244521e-06,2.7573840435597243e-05,0.0034977286858336723
9.7,2.4183729460739455e-06,2.5603920787892818e-05,-0.0036947206506041186
9.72,2.157181076875818e-06,-5.3439415449463576e-05,-0.004209612973131519
9.74,6.129841734061643e-07,-8.265457489020568e-05,0.0012880970290573097
9.76,-9.386530701409531e-07,-8.031740704222935e-05,-0.0010543802442596738
9.78,-2.508226065660596e-06,-6.425733280089104e-05,0.0026603876683935074
9.8,-3.001097941523294e-06,2.7980007538442323e-05,0.006563346365539832
9.82,-1.6078727488589405e-06,8.739030016737007e-05,-0.00062231710264706
9.84,-3.704783466706145e-07,1.7051731019979315e-05,-0.006411539812092016
9.86,-6.947879791026977e-07,-1.8634508783850945e-05,0.0028429158317089913
9.88,-4.3890661430004904e-07,4.7222063971009265e-05,0.0037427414437770316
9.9,9.252199088298578e-07,7.274743608969719e-05,-0.0011902042319082429
9.92,1.8982579945447887e-06,1.23628829969277e-05,-0.00484825107736871
9.94,1.1543011696396069e-06,-8.783677895594558e-05,-0.005171715117918616
9.96,-8.795366559462839e-07,-7.768496474680631e-05,0.006186896538832545
9.98,-1.6500597148741978e-06,-2.207749473389991e-05,-0.0006261495375419045
10.0,-2.1545836566930742e-06,-2.526210642961264e-05,0.00030768836797063354
10.02,-2.301011943616339e-06,2.5483086141029222e-05,0.004766830889093552
10.04,-1.4173053239691674e-06,3.392151177408183e-05,-0.003922988325788294
10.06,-1.0441518606709017e-06,2.7359879204459128e-05,0.003266825068826023
10.08,-1.3549791529259691e-08,6.720230127406781e-05,0.0007174171381348427
10.1,1.0077516962820143e-06,1.1616449242207066e-05,-0.0062760023413209205
10.12,6.681452420445599e-07,-1.1413843206823111e-05,0.003972973096417904
10.14,9.787289768623798e-07,2.968551567214018e-05,0.00013696279147842362
10.16,1.0461058147765483e-06,-5.063413357193933e-05,-0.008168927715886374
10.18,-6.594642659240497e-07,-7.287796780234732e-05,0.005944544292845579
10.2,-1.2216369391972222e-06,1.9845916852629595e-06,0.0015417116559154499
10.22,-1.189592235884376e-06,-1.4579594432753478e-05,-0.0031981302677170937
10.24,-1.3818697213781606e-06,3.229886871861019e-05,0.007885976582853461
10.26,6.018468410630263e-08,7.285065755691453e-05,-0.0038307976990230343
10.28,6.659960836445643e-07,-1.652162819285944e-05,-0.005106430875954367
10.3,-3.941324049518103e-08,-2.170383347569925e-05,0.004588210347670386
10.32,1.0170383575409695e-07,1.8693124912086336e-05,-0.0005485145088918279
10.34,2.954066554766758e-07,-2.8456817768675672e-06,-0.001605366160003563
10.36,2.5229934383932664e-07,1.527892840816839e-05,0.0034178271785071587
10.38,9.161897292128297e-07,3.484742920461708e-05,-0.0014609770988622912
10.4,1.2650582530515013e-06,-2.754808844810473e-06,-0.0022992467060804654
10.42,1.0002050518839748e-06,-1.1225895424703397e-05,0.0014521380480911738
10.44,1.1117292715292248e-06,2.4659043315282573e-05,0.0021363558259074227
10.46,1.8736927619672835e-06,4.361287867606942e-05,-0.00024097228982873902
10.48,2.3800584989915832e-06,-8.86117390020648e-06,-0.005006432967798852
10.5,1.5599033940882739e-06,-5.523658825709491e-05,0.0003688915321100111
10.52,6.318371581482627e-07,-3.242567419791198e-05,0.0019121998738082843
10.54,3.657795913036835e-07,5.820714631054238e-06,0.001912439009088337
10.56,7.410483744200546e-07,2.552449811446383e-05,5.793933925262156e-05
10.58,1.143095846391107e-06,8.678731174203991e-06,-0.001742516033278606
10.6,1.3123174453076203e-06,2.5450937821855078e-05,0.0034197366980437136
10.62,2.0200586328408346e-06,2.1061935505834857e-05,-0.0038586369296457366
10.64,1.6074046828562555e-06,-6.543559421289924e-05,-0.004791116042227668
10.66,-1.0928229765740663e-07,-7.872069822897421e-05,0.003462605640620178
10.68,-1.101002809565858e-06,-2.5942736734521083e-05,0.001815190508825137
10.7,-1.3520499233237572e-06,-3.923498682894078e-06,0.0003867332963375641
10.72,-1.0700277487676583e-06,4.6282990585827356e-05,0.004633915630534579
10.74,4.2006623472075995e-07,8.460896004626223e-05,-0.0008013186844910937
10.76,1.5017512887161378e-06,1.0480248516931665e-06,-0.007554774834965814
10.78,5.921686326475037e-07,-6.29856997640233e-05,0.0011514023733941673
10.8,-3.568670565802115e-07,-2.789797759005236e-05,0.0023573698440029316
10.82,-8.251705444993077e-07,-3.8023266447789036e-05,-0.0033698987297765973
10.84,-1.786908625761254e-06,-3.45151919959479e-05,0.003720706174960714
10.86,-1.8163524894602548e-06,2.7406742687438528e-05,0.0024714872933779284
10.88,-1.0967807796999928e-06,2.8407398155382993e-05,-0.0023714217465834846
10.9,-4.983654506183733e-07,5.6661720517311774e-05,0.005196853982776362
10.92,1.072704747971562e-06,7.03685489261031e-05,-0.00382617114189723
10.94,1.6569947923083167e-06,-1.4831879782720641e-05,-0.004693871728985149
10.96,7.728368854254769e-07,-5.60212091771332e-05,0.0005749387895438926
10.98,-1.0512130984501782e-07,-2.540069883174675e-05,0.0024871122449947568
11.0,-8.420289538451775e-08,2.9068037382620945e-05,0.002959761376442013
11.02,6.863105265278376e-07,2.7843324757191273e-05,-0.0030822326389849802
11.04,8.983606413610018e-07,6.943194100441884e-06,0.0009922195733100391
11.06,1.0938723899489013e-06,5.518178354200771e-06,-0.0011347211479341506
11.08,9.882326402063236e-07,-1.5535107690446702e-05,-0.0009706074565305968
11.1,6.603753321419493e-07,-8.402306263456787e-06,0.0016838875992295898
11.12,6.860744687382026e-07,3.820607024055659e-06,-0.00046159627047834533
11.14,5.359834341726983e-07,-2.5538906528153496e-05,-0.0024743550847425703
11.16,-1.0425456144755603e-07,-2.0214335439305455e-05,0.0030068121936273743
11.18,-8.456298291524592e-08,1.331428572218368e-05,0.0003460499225215398
11.2,-1.6596161226266183e-07,-4.2298865071695146e-05,-0.0059073650019094235
11.22,-1.4328265806389815e-06,-4.63583650939634e-05,0.0055014149996825985
11.24,-1.505232586458377e-06,2.6841679318191505e-05,0.0018185894415328908
11.26,-1.0131566461601345e-06,1.94213799302445e-06,-0.004308543574049597
11.28,-1.0545757405900528e-06,3.298829558995932e-05,0.007413159333743085
11.3,4.335010495808137e-07,8.310333400828051e-05,-0.0024016554919109702
11.32,1.261493321750901e-06,-1.799127227193823e-05,-0.007707805136110907
11.34,4.185739593497837e-08,-6.988479296740287e-05,0.002518453066564447
11.36,-8.666912542848493e-07,-2.169724226381289e-05,0.002300302003794554
11.38,-9.133715816860324e-07,1.3389415379502777e-05,0.0012083637605370132
11.4,-5.812732551369084e-07,1.0952280617992913e-05,-0.0014520772366880003
11.42,-6.809885168190185e-07,-2.2341078121422337e-05,-0.0018772586372535257
11.44,-1.352320811061364e-06,-3.724510152097191e-05,0.0003868562972985691
11.46,-1.8225903302208348e-06,8.12121950375164e-08,0.0033457750743023764
11.48,-1.1840367012298172e-06,6.216286921555384e-05,0.002862390627749254
11.5,1.9862338924119425e-07,5.444936886205151e-05,-0.003633740663099491
11.52,7.021744265527183e-07,2.971324503620497e-06,-0.0015140637727436125
11.54,6.643669192727583e-07,3.526862628201124e-06,0.0015696175852016755
11.56,8.66619336557266e-07,7.587961484257153e-06,-0.0011635076995960736
11.58,8.509887399546615e-07,-5.885435462944247e-06,-0.00018383199512406623
11.6,5.522126399494026e-07,-3.1207224123659696e-05,-0.0023483468709474776
11.62,-4.0459661632381235e-07,-5.762347148418809e-05,-0.00029327786510535865
11.64,-1.462795296794996e-06,-4.05500804512478e-05,0.002000616968399392
11.66,-1.970911496125906e-06,-1.5123438681134855e-05,0.0005420472086119033
11.68,-2.1283873999166476e-06,1.205019707539487e-06,0.001090798630255531
11.7,-1.98759346082163e-06,7.80106514661836e-06,-0.0004311940863476441
11.72,-1.962209107062968e-06,-7.482536365961056e-06,-0.0010971660649102973
11.74,-2.015682314428215e-06,1.791575227623806e-05,0.0036369949291302083
11.76,-1.195718130131449e-06,5.079317380073669e-05,-0.0003492527766803476
11.78,-4.5976750962549795e-07,1.2298773241222763e-05,-0.0035001872792710447
11.8,-5.048829953234625e-07,3.6370034555702476e-06,0.0026340103007057945
11.82,-1.5544113512622015e-07,1.880216911138791e-05,-0.0011174937351240283
11.84,-9.231639631740675e-08,-1.6960690050213527e-05,-0.0024587921810361162
11.86,-7.157742479364313e-07,-3.5009375832065464e-05,0.0006539236028509227
11.88,-1.2225900073077908e-06,-1.2542848270082221e-05,0.0015927291533474027
11.9,-1.0843342678982448e-06,2.989676591812231e-05,0.0026512322654730497
11.92,-2.5312440858087135e-07,3.83756244066309e-05,-0.0018033464166221924
11.94,1.1353788110360048e-07,-3.718441194369098e-06,-0.0024060601434778067
11.96,-1.2991519689490305e-07,-5.020477876259264e-06,0.00227585647528879
11.98,-4.430077669406204e-08,1.2455402975678205e-07,-0.0017613532846871855
12.0,-2.685212284055928e-07,-1.6268642969371322e-05,0.00012203358477437488
12.02,-4.086817426500209e-07,1.0292872954334679e-05,0.0025341180075962263
12.04,-1.396047714850124e-07,-5.5653803098803406e-06,-0.004119943334017729
12.06,-5.556169795032738e-07,-1.0071637242801244e-05,0.0036693176407256393
12.08,-1.274039057764791e-07,4.7682059137365315e-05,0.002106051997291015
12.1,6.050792810904026e-07,-6.552160217608509e-06,-0.0075294739327884
12.12,-2.489457715934409e-07,-3.970469813947552e-05,0.004214220140601702
12.14,-2.702078321093065e-07,3.407788579555418e-05,0.0031640382529012703
12.16,4.372539782679143e-07,6.323117436462051e-06,-0.005939515088810484
12.18,-7.60075023592227e-08,-3.024030607888981e-05,0.0022831727372753
12.2,-2.5168344447575664e-07,1.1297493467546526e-05,0.001870607217368334
12.22,2.8155877240341027e-08,6.748391486382622e-07,-0.0029328726492591616
12.24,-1.6710181651665283e-07,-1.3096058682339876e-06,0.002734428147571937
12.26,1.5240936772110295e-07,2.320160789641197e-05,-0.0002833067711073417
12.28,3.328380619118261e-07,-1.650584395314205e-05,-0.003687438413848061
12.3,-2.998735827952848e-07,-2.5020674661301937e-05,0.0028359553430320743
12.32,-2.8692289712369794e-07,2.3624398743021162e-05,0.002028551997400236
12.34,2.661780871888926e-07,1.54308301868439e-05,-0.002847908853017964
12.36,1.9160784257809783e-07,-1.3568108535127384e-05,-5.198501917916352e-05
12.38,1.946777635025811e-08,1.8350573278704495e-06,0.0015923016054789469
12.4,1.935525933805641e-07,6.5195918440155344e-06,-0.0011238481538644392
12.42,3.2045155030286976e-07,1.7234141388959173e-05,0.0021953031083588024
12.44,9.097702868274931e-07,3.1976496617187145e-05,-0.000721067585536007
12.46,1.3498946232349035e-06,9.276333082097338e-06,-0.0015489487679729757
12.48,1.430596181438794e-06,9.042055246118636e-06,0.0015255209843751047
12.5,1.6518702974234645e-06,-1.482029382877286e-07,-0.0024445468028157415
12.52,1.3713278423135999e-06,-1.7339494361746842e-05,0.0007254176604698306
12.54,1.2471157774362504e-06,8.79300238719295e-06,0.0018878320144241497
12.56,1.4697941113741036e-06,-3.062574827949426e-06,-0.003073389735938388
12.58,9.607538364593977e-07,-3.949699422192313e-05,-0.0005700522034589824
12.6,3.904764958940643e-07,-8.470906063639175e-07,0.0044350425650149065
12.62,8.195169848873692e-07,2.1699828911574522e-05,-0.0021803506132210644
12.64,8.251199167497807e-07,-2.0755711911576673e-05,-0.002065203469094055
12.66,3.741177603634385e-07,-5.4868649438574476e-06,0.003592088165865979
12.68,5.811061307681274e-07,6.101103789758449e-06,-0.0024332912925043903
12.7,3.294910350950096e-07,-2.561155900544067e-05,-0.000737974987015522
12.72,-8.096842577851208e-08,-2.966051249991679e-06,0.003002525762560421
12.74,2.3781509481736926e-07,2.3724372963761344e-05,-0.0003334833411851191
12.76,7.115469779023109e-07,2.6945869947069738e-05,0.0006556330395159583
12.78,1.2781310649261589e-06,2.453954276427814e-05,-0.0008962657577951203
12.8,1.5953148063016305e-06,7.461133255715654e-06,-0.0008115751930611289
12.82,1.6197896473676049e-06,-3.1352884209238506e-06,-0.00024806697460282197
12.84,1.495230623557248e-06,-9.932606983677607e-06,-0.00043166488167255344
12.86,1.140209816601681e-06,-2.9071258259254287e-05,-0.0014822002458851138
12.88,4.832187954293438e-07,-2.558413419849088e-05,0.0018309126519614558
12.9,3.4334798402005304e-07,1.1878520165973578e-05,0.0019153527844849912
12.92,6.963565652452077e-07,1.0040719006976142e-05,-0.0020991329003847356
12.94,5.699517875552798e-07,-1.8050825663594107e-05,-0.0007100215666722889
12.96,4.5338308522349506e-08,-3.5490154861028454e-05,-0.0010339113530711437
12.98,-6.148141960686807e-07,-1.7703452435886187e-05,0.0028125815955853724
13.0,-6.217708061349273e-07,6.23759740598167e-06,-0.00041847661139858723
13.02,-6.780761999961321e-07,-1.6736237777158196e-05,-0.0018789069069153992
13.04,-1.0147752206540787e-06,1.7566915247783799e-06,0.003728199837109057
13.06,-4.902372399395481e-07,3.7885315686532275e-05,-0.00011533742093366821
13.08,3.621516621538526e-08,4.350603759512143e-06,-0.003238133771768346
13.1,-1.7471601559251057e-07,-7.959547072525203e-06,0.002007118688564612
13.12,-1.6325667495632653e-07,-2.433191645168107e-06,-0.0014544831458289027
13.14,-5.036379970856563e-07,-3.164598357077424e-05,-0.0014667960467317095
13.16,-1.0577996250143126e-06,-5.164316580432876e-06,0.004114962745765846
13.18,-8.059347987855457e-07,6.958729637522327e-06,-0.002902658123970326
13.2,-1.06340815071711e-06,-2.3511880825076023e-05,-0.00014440292228950873
13.22,-1.3630431440170602e-06,3.5225418780545915e-06,0.002847845192602571
13.24,-9.604371707422568e-07,2.4867360309085625e-05,-0.0007133633494994691
13.26,-5.911062200715654e-07,1.2798555477427134e-05,-0.0004935171336663798
13.28,-4.906384912438163e-07,-5.591780294028094e-06,-0.0013455164434791429
13.3,-7.247188619213747e-07,-1.0473330578786158e-05,0.0008573614150033373
13.32,-7.641814271177268e-07,6.453662228086145e-06,0.0008353378656838929
13.34,-5.972462580559724e-07,3.7795722462519242e-06,-0.001102746863867315
13.36,-6.237345988792862e-07,-5.049269773277517e-07,0.0006742969415093477
13.38,-5.150051746270883e-07,1.0576298177391693e-05,0.00043382557396259695
13.4,-1.5588909937689992e-07,2.83765591931189e-05,0.0013462005276101236
13.42,5.198572726498162e-07,3.114683214166837e-05,-0.0010691732327551776
13.44,8.19865238653951e-07,-6.600737055164722e-06,-0.0027055836869281326
13.46,4.177504998434359e-07,-2.00598998419665e-05,0.0013596674082479564
13.48,2.1851828803767548e-07,-3.3617061694106333e-06,0.00031015195900763095
13.5,2.5808240121057617e-08,-2.5284614438747725e-05,-0.0025024427859413395
13.52,-6.244376130298418e-07,-2.1943221235726062e-05,0.002836582106243507
13.54,-5.833430783794214e-07,2.168480160658012e-05,0.0015262201779871112
13.56,-1.822382054423418e-07,1.533925947530578e-06,-0.0035413077438920656
13.58,-5.761696973214642e-07,-2.6744498238008874e-05,0.0007134653253381218
13.6,-9.803929870465136e-07,-1.4279150236120866e-05,0.0005330694748506802
13.62,-1.1702040835324073e-06,-5.244058749149133e-06,0.0003704396738464931
13.64,-1.1510184990086844e-06,9.661558438391794e-06,0.0011201220449075999
13.66,-8.627211821472041e-07,1.2720260203362443e-05,-0.0008142518684105353
13.68,-7.147741989500073e-07,4.8940457569599895e-06,3.163042377029028e-05
13.7,-5.087385433741918e-07,2.0800952584749447e-05,0.001559060259008655
13.72,-7.703055472948166e-09,1.79628154256011e-05,-0.0018428739749234901
13.74,1.7677757660974503e-07,1.0175203710436679e-05,0.0010641128034070474
13.76,6.023519866189078e-07,3.284462604643058e-05,0.0012028294301923421
13.78,1.1940325740803198e-06,1.1034541724427235e-05,-0.0033838378623926775
13.8,1.0377683729685852e-06,-1.1670334991687874e-05,0.0011133501907811673
13.82,1.0304579422299248e-06,1.111060346476501e-05,0.0011647436548641215
13.84,1.161371979534426e-06,-1.423153788249604e-05,-0.0036989577895902266
13.86,5.702587295845557e-07,-2.3214333831586196e-05,0.002800678194681213
13.88,5.976920876569944e-07,2.2536889427226082e-05,0.0017744441312000144
13.9,1.128157151817857e-06,1.6751539457677062e-05,-0.002352979128154917
13.92,1.2396551857021741e-06,6.751417448842597e-06,0.0013529669272714703
13.94,1.5202017327261571e-06,1.5049477883197555e-05,-0.0005231608838359753
13.96,1.5296481972081094e-06,-2.3450377255742522e-05,-0.0033268246300580317
13.98,6.6549968658065e-07,-4.945327578205355e-05,0.0007265347774269319
14.0,3.646926523211656e-08,-2.7133594124422375e-06,0.003947456859534199
14.02,2.909415062594986e-07,4.1229863836497865e-06,-0.003263822279924997
14.04,-5.906597240826195e-08,-2.8108871768213698e-05,4.063646473864962e-05
14.06,-4.3942443346289206e-07,-1.242390269153619e-06,0.002646011685167359
14.08,-3.960735230926465e-07,-1.7472699757829516e-05,-0.0042690426340349485
14.1,-1.1643056723573652e-06,-3.759899653369927e-05,0.002256412956447973
14.12,-1.4256504571809154e-06,1.3432145779386273e-05,0.002846701274860583
14.14,-9.373893520916284e-07,1.7907861456014673e-05,-0.0023991297071977447
14.16,-7.249580518411523e-07,2.004026919751951e-05,0.002612370481348227
14.18,-1.31522571327146e-07,2.2811078868579662e-05,-0.002335289514242214
14.2,-9.027334643216178e-08,-1.608187886048956e-05,-0.0015540062586647078
14.22,-3.173010610291057e-07,1.3649663118084607e-05,0.004527160456522125
14.24,4.1048687233321106e-07,3.659725920295705e-05,-0.0022324008480348835
14.26,7.020932910489582e-07,-7.1295471182031855e-06,-0.0021402797840811413
14.28,4.277180762797942e-07,-5.4943901381568255e-06,0.0023037954820857775
14.3,5.704228715242509e-07,9.356544742124381e-06,-0.0008187019940576572
14.32,5.296973457029173e-07,-1.6634898416872225e-05,-0.0017804423218420037
14.34,1.0892051717923399e-07,-1.2042304226388006e-05,0.0022397017408904265
14.36,1.608406462668226e-07,9.47561040701004e-06,-8.791027755062231e-05
14.38,2.3680502639838307e-07,-6.677461018779779e-06,-0.0015273968650283602
14.4,9.642305317649236e-08,7.571594704559553e-06,0.0029523024373622943
14.42,5.074095908947514e-07,1.69817668749968e-05,-0.0020112852203185705
14.44,5.063599004810774e-07,-1.4008135108858982e-05,-0.0010877049780670077
14.46,1.6980325061051465e-07,-1.1590177482196373e-05,0.0013295007407332698
14.48,2.148874121135235e-09,-1.526280891634686e-05,-0.0016967638841483184
14.5,-4.1508397679532e-07,-1.5091670963291382e-05,0.0017138776794538672
14.52,-4.5837530668558447e-07,6.550865648504426e-06,0.00045037598172571313
14.54,-3.751004187019517e-07,-5.114257916721067e-06,-0.0016168883382482627
14.56,-6.03545611076247e-07,-7.869379640219545e-06,0.0013413761658984157
14.58,-5.470839660741714e-07,1.0794244371766284e-05,0.0005249862353001672
14.6,-3.848612420516349e-07,-2.5049424931537647e-06,-0.0018549049217921726
14.62,-6.557519681519374e-07,-1.7074674710816114e-05,0.00039793170002593806
14.64,-8.749068271093699e-07,-2.703196422242037e-06,0.001039216128831471
14.66,-8.413137124673997e-07,5.3198752464892656e-08,-0.0007635766113607782
14.68,-9.519203801243088e-07,-9.06163153985836e-06,-0.000147906417871547
14.7,-1.1128828564685852e-06,-4.542044193209271e-06,0.0005998651525364563
14.72,-1.1248342395747358e-06,1.292729395131382e-06,-1.6387793702391223e-05
14.74,-1.1349414235090534e-06,-3.937658443386498e-06,-0.0005066509901493967
14.76,-1.1909379359866356e-06,4.542349916629635e-06,0.0013546518261510101
14.78,-8.498393961866317e-07,2.8533562875231206e-05,0.0010444694697091458
14.8,-2.3305030842444587e-07,2.5006542716774008e-05,-0.0013971714855548663
14.82,2.107831054635794e-08,2.077922267621211e-06,-0.0008956905593604137
14.84,-1.494382332360789e-08,-6.022590221331611e-07,0.0006276724303849765
14.86,3.494745648941207e-09,-2.3064209137010777e-06,-0.0007980886195417681
14.88,-7.97692460677285e-08,1.0412926531937817e-07,0.0010391436374438143
14.9,1.0069275853346225e-07,1.646960578510171e-05,0.0005974040145344188
14.92,3.600890345167738e-07,-3.8103180508721845e-09,-0.0022447456248496775
14.94,8.107591225501216e-08,-1.9396891454665727e-05,0.0003054375111881929
14.96,-2.1164810838179585e-07,-8.169195298071676e-06,0.0008173321044712125
14.98,-2.840329724111657e-07,-2.692660052974253e-06,-0.0002696785799614699
15.0,-4.005236536869907e-07,-9.39149628581054e-06,-0.0004002050433221586
15.02,-5.797977250323237e-07,-4.10606769695729e-06,0.0009287479022074838
15.04,-5.031612920751744e-07,1.0420121315412138e-05,0.000523870999029459
15.06,-2.1052693211882375e-07,1.781620137233373e-05,0.0002157370066626996
15.08,1.3836588905909246e-07,1.4544150365392977e-05,-0.0005429421073567756
15.1,3.8667929128195656e-07,1.3588130676211421e-05,0.0004473401384386196
15.12,7.022302093183019e-07,1.568297496864277e-05,-0.00023785570919548568
15.14,8.824030169213575e-07,-1.9614717048723402e-06,-0.001526588958156026
15.16,6.783043708786956e-07,-1.1425963915094343e-05,0.0005801397371338261
15.18,4.9664439088613e-07,-1.0198466540034418e-05,-0.0004573899996278331
15.2,3.0928740392789404e-07,-3.1327149673882243e-06,0.0011639651568924525
15.22,4.1204869079894075e-07,1.0039971396508933e-05,0.0001533034794972631
15.24,6.238177355155617e-07,1.0152379119502641e-05,-0.00014206270719789279
15.26,8.315992298759164e-07,1.2283092987026862e-05,0.0003551340939503141
15.28,1.0009160411150121e-06,-2.7200052276925034e-06,-0.0018554439154222515
15.3,7.423832128362418e-07,-1.4785474632208026e-05,0.0006488969749707005
15.32,5.661979931561229e-07,-3.3458034373087917e-06,0.0004950701445192236
15.34,5.332089373286389e-07,-3.207452944697252e-06,-0.00048123509525806955
15.36,4.2948652591387344e-07,-4.33110487023962e-06,0.0003688699027038331
15.38,4.0127067703141017e-07,7.411333810714128e-07,0.00013835392242727033
15.4,4.2160240290718943e-07,1.8395289495136291e-07,-0.00019407197103927533
15.42,3.993044794040251e-07,-1.771874604984621e-06,-1.5107789543230589e-06
15.44,3.991717366938699e-07,3.5389455929891934e-06,0.0005325927987517045
15.46,5.037101228287582e-07,3.2769387467378187e-06,-0.0005587934833768422
15.48,4.2410964895570616e-07,-1.2906013740665027e-05,-0.0010595017653634428
15.5,8.413931602047524e-08,-1.4588504805320163e-05,0.0008912526588979301
15.52,-7.510274804927346e-08,-3.6218265888012797e-06,0.00020541516275395834
15.54,-1.1464804803158373e-07,-7.422934472835639e-07,8.25381513978134e-05
15.56,-4.343580755349669e-08,1.1341041452302049e-05,0.001125795338560748
15.58,2.68189600128519e-07,1.2803774862090779e-05,-0.000979521997581876
15.6,3.881310311324401e-07,2.178884902225372e-06,-8.2966998404665e-05
15.62,4.2950617137830336e-07,2.6781712164753907e-06,0.0001328956298296669
15.64,3.9527500540570397e-07,-1.181997362713736e-05,-0.001582710114190942
15.66,8.472853985286825e-09,-1.8553274316878434e-05,0.0009093800452168363
15.68,-2.027994323173287e-07,-3.678094763803827e-06,0.0005781379100906251
15.7,-2.9192920379614984e-07,-1.179465529512177e-05,-0.0013897939632224192
15.72,-6.324424440991852e-07,-1.358973582298758e-05,0.0012102859104358393
15.74,-7.292743420858503e-07,5.518278436169947e-07,0.0002038704562246185
15.76,-6.875193721882473e-07,3.1208852351602764e-06,5.3035282929709605e-05
15.78,-5.426013001468198e-07,1.4965587506596486e-05,0.0011314349442139108
15.8,-2.4517665650550685e-07,3.368172090864859e-06,-0.0022911764857870744
15.82,-4.607591727370958e-07,-1.6161956758597322e-05,0.00033816360084085693
15.84,-6.156498270037059e-07,5.7086793687945616e-06,0.0018489000118983318
15.86,-3.140926155566776e-07,1.5327222860481796e-05,-0.0008870456627296081
15.88,-1.4318876151798114e-07,3.851589012136963e-06,-0.0002605177221048755
15.9,-8.164578970647801e-08,4.1334449685003e-06,0.00028870331774120907
15.92,-1.0708228462239325e-08,-5.132889277768859e-07,-0.0007533767073689279
15.94,-3.846896758178653e-08,4.39623406131097e-06,0.0012443290062777138
15.96,2.0873662535913346e-07,1.584508075573892e-05,-9.944433683491908e-05
15.98,3.859060560433619e-07,-4.120303540494383e-06,-0.0018970940927884113
16.0,1.0911030688807874e-07,-1.4307814364419599e-05,0.0008783430103958905
16.02,1.3738496246799553e-08,5.526427028688412e-06,0.0011050811289149117
16.04,2.223542761248356e-07,9.18870163517947e-06,-0.0007388536682658064
16.06,2.768015900358683e-07,-2.8217695010459744e-06,-0.0004621934453567379
16.08,2.1628163978197768e-07,1.1874809175757361e-06,0.0008631184872189091
16.1,3.4150074906252506e-07,7.776719684741545e-06,-0.00020419461050232859
16.12,4.569217743160673e-07,3.8016605235715325e-06,-0.00019331130561467316
16.14,5.177139509529562e-07,3.4486185045370186e-06,0.00015800710371122162
16.16,5.84228407285063e-07,1.499860403629754e-06,-0.0003528829138019483
16.18,4.795854442607472e-07,-1.51673361228874e-05,-0.001313836738849767
16.2,1.0850732750136606e-07,-1.21886778796347e-05,0.0016117025631750379
16.22,7.024999093331397e-08,2.5217296423112106e-06,-0.00014066181098044755
16.24,4.03990916342767e-08,-8.114476069673536e-06,-0.0009229587602180272
16.26,-1.9192212857042725e-07,-9.389643289178244e-06,0.0007954420382675566
16.28,-2.7524639615057793e-07,-1.6737739413416823e-06,-2.3855103483899978e-05
16.3,-2.4442273328809123e-07,8.209648346895372e-06,0.0010121973323076053
16.32,-3.858650561313428e-08,4.334164134376747e-06,-0.0013997457535594683
16.34,-9.938699075937108e-08,-3.790943505094331e-06,0.0005872349896123602
16.36,-8.463903087613678e-08,3.921731096550202e-06,0.00018403247055209337
16.38,-1.2686241617914875e-08,1.1091314901119479e-06,-0.0004652924311959188
16.4,-7.3497755491162684e-09,3.2351312420550828e-06,0.0006778924063902323
16.42,1.1743413049412944e-07,5.468399358474369e-06,-0.00045456559474830386
16.44,1.202711212853378e-07,-5.965594150784444e-06,-0.0006888337561775776
16.46,-5.92746472908371e-08,-8.112339423081573e-06,0.0004741592289478655
16.48,-1.360334813436652e-07,-3.073855123972489e-08,0.00033400085823631935
16.5,-1.2583249857152772e-07,-1.7483840640631222e-06,-0.000505765409518659
16.52,-1.390560366306951e-07,6.570891514437731e-06,0.0013376929673687443
16.54,1.089765822653827e-07,1.0686180131848767e-05,-0.0009261641056276418
16.56,1.6626374873687414e-07,-3.5176442366973978e-06,-0.0004942183312269749
16.58,1.0842680653196888e-07,3.3019304549287558e-06,0.0011761758003895903
16.6,2.3571603194288348e-07,7.277648978837748e-07,-0.0014335923560940887
16.62,-2.5020273591123203e-09,-2.2852315130126035e-05,-0.0009244156467068916
16.64,-4.6924121643600524e-07,-1.506209163421295e-05,0.0017034379962982005
16.66,-5.899692594720143e-07,-5.0194031499574725e-06,-0.0006991691478726528
16.68,-8.045800367836156e-07,-1.5161118818098716e-05,-0.0003150024189414709
16.7,-1.0437793314593089e-06,-2.4076323757418415e-06,0.0015903510631771586
16.72,-9.310030531222163e-07,5.828195870275978e-06,-0.000766768238575377
16.74,-8.580177344497351e-07,6.959088446073987e-06,0.0008798574961551779
16.76,-6.305971278133258e-07,1.1396339141761653e-05,-0.00043613242658641234
16.78,-4.899690386529663e-07,2.662859356394751e-06,-0.00043721555195027793
16.8,-4.239831254978444e-07,8.944323779981561e-06,0.0010653619943089589
16.82,-1.5907458616221895e-07,1.1194013397291106e-05,-0.0008403930325780054
16.84,-4.1150753742238626e-08,3.7044783941948913e-06,9.14395322683839e-05
16.86,8.862785014305853e-08,1.1143438471720954e-05,0.0006524564754842221
16.88,3.3561322136508355e-07,8.236363985019625e-06,-0.0009431639241543556
16.9,3.843545697129239e-07,2.701135236803591e-07,0.0001465388780204288
16.92,4.188604917047862e-07,3.1702724712143465e-06,0.0001434770167329698
16.94,4.784291845609696e-07,1.1599888186691236e-06,-0.00034450538198749214
16.96,4.715999101543778e-07,1.0068502154790234e-07,0.00023857500227536998
16.98,4.542955961551415e-07,-5.182767165734951e-06,-0.0007669202210036554
17.0,2.445843430162262e-07,-1.3421951429330842e-05,-5.6998205355933374e-05
17.02,4.881139127584508e-08,-1.95205784883615e-06,0.0012039875634054032
17.04,8.697992818095541e-08,-2.4104794006151804e-06,-0.0012498297185833062
17.06,-1.3202086296606444e-07,-1.5530862684989554e-05,-6.220860985413097e-05
17.08,-3.4088323372315914e-07,3.544558549562103e-07,0.001650740463848708
17.1,-7.341794522104811e-08,2.2903476926917156e-05,0.0006041616433473864
17.12,4.3121067127416445e-07,2.3845722186973715e-05,-0.0005099371173417321
17.14,7.4832756171503e-07,4.975460365599719e-06,-0.0013770890647956677
17.16,7.391821968264632e-07,2.448165183472221e-06,0.0011243595465829175
17.18,9.580351560622339e-07,1.6688018052591984e-05,0.000299625740329058
17.2,1.2243711983578176e-06,3.5781128358630035e-06,-0.001610616262001957
17.22,1.1154109382648814e-06,-7.394102065646862e-06,0.0005133947718509706
17.24,1.0971916481035845e-06,6.921362888589479e-06,0.0009181517235726641
17.26,1.3140232396000555e-06,9.500495711565043e-06,-0.0006602384412751087
17.28,1.4008341221578824e-06,6.230253732950438e-07,-0.0002275085925518912
17.3,1.4266180399075572e-06,4.8966228413800535e-06,0.0006548683393603921
17.32,1.44942335055017e-06,-1.2921132479972105e-05,-0.002436643871495608
17.34,8.760617525072515e-07,-3.579553603153748e-05,0.000149203516339071
17.36,3.3404975655976084e-07,-1.1202762492439355e-05,0.002310073837570743
17.38,3.1332895192467667e-07,-3.803334086091342e-06,-0.0015701309969359417
17.4,1.2097516844796823e-07,-5.545089379964166e-06,0.0013959554675486599
17.42,2.5669153389150144e-07,1.748807890097172e-05,0.0009073613605449283
17.44,5.87924056514932e-07,5.635106986121872e-06,-0.002092658552029914
17.46,4.678604028039908e-07,-8.353176508585793e-06,0.0006938302025591473
17.48,3.3380522416809155e-07,-1.0340225803804781e-05,-0.0008925351320810456
17.5,-4.609380029067908e-09,-2.1156387701153898e-05,-0.00018908105765386585
17.52,-3.260940261198577e-07,-4.019110934772019e-06,0.0019028087342920549
17.54,-2.524764734569134e-07,5.276742606513508e-08,-0.0014956208982083398
17.56,-4.393578985424542e-07,-1.3181539632877989e-05,0.00017219019231402757
17.58,-6.162047593372288e-07,-1.8858517766004934e-06,0.0009573785933137224
17.6,-6.072804641551934e-07,-4.463438102630923e-06,-0.0012151372259167656
17.62,-7.967421624138606e-07,-7.3410062743705754e-06,0.0009273804087428007
17.64,-8.130148718378386e-07,2.9673020477164466e-06,0.00010345042346590139
17.66,-7.948601652272017e-07,-4.2459023384963826e-06,-0.0008247708620871843
17.68,-9.289131029071872e-07,-3.3684273541332227e-06,0.0009125183605235008
17.7,-8.470705549615772e-07,9.888053294872927e-06,0.00041312970437711407
17.72,-6.614894780796999e-07,3.929757898764613e-06,-0.001008959243987946
17.74,-7.253615288919522e-07,-7.3507309794876195e-06,-0.00011908964383727707
17.76,-8.139304208241507e-07,2.607024607518224e-06,0.0011148652025378615
17.78,-6.409286781676229e-07,9.587560158064127e-06,-0.00041681164748327143
17.8,-4.6051146786378764e-07,1.2055577704279744e-05,0.0006636134021048329
17.82,-1.5556136886592224e-07,1.4995225420071994e-05,-0.0003696486305256089
17.84,4.3824239352210755e-08,3.613876697832053e-06,-0.0007684862416983858
17.86,6.456091210755772e-08,3.567609934621796e-06,0.0007638595653773601
17.88,1.8786008436347333e-07,3.721060315370149e-06,-0.0007485145273025255
17.9,1.640004942733053e-07,-3.5359138712402477e-06,2.2817108641485844e-05
17.92,8.025977102368073e-08,-5.717451831378049e-06,-0.0002409709046552657
17.94,-1.0501841933724628e-07,-1.3947115844830297e-05,-0.0005819954966899588
17.96,-3.8268822763000137e-07,-7.936284587353083e-06,0.001183078622437681
17.98,-3.7434038304310134e-07,5.293959638364358e-06,0.00013994580013406343
18.0,-2.785648544781552e-07,2.378952006672573e-06,-0.000431446563303242
18.02,-2.506282543491008e-07,3.7470516390454337e-06,0.0005682565265405278
18.04,-8.582686921876401e-08,1.1543539226054373e-05,0.00021139223216036572
18.06,7.182143888407994e-08,-1.55375455828581e-06,-0.0015211216105943844
18.08,-1.6596263663763898e-07,-1.734888610574238e-05,-5.839154415127187e-05
18.1,-4.6087068007860016e-07,-8.954518863146705e-06,0.0008978282684108411
18.12,-5.047230406170512e-07,2.352900961417346e-06,0.0002329137140455644
18.14,-3.978505301511425e-07,8.995937506595968e-06,0.0004313899404722977
18.16,-1.6952125486815495e-07,1.194361687453322e-05,-0.00013662200367857327
18.18,2.0671064902715365e-08,6.00783425334984e-06,-0.0004569562584397647
18.2,5.353362407810923e-08,-2.516722045992955e-06,-0.00039549937149451473
18.22,-7.176613220733344e-08,-9.806525635885343e-06,-0.00033348098749472394
18.24,-2.729690287526823e-07,-7.232573335084402e-06,0.0005908762175748186
18.26,-3.0984010267319614e-07,3.0257234063435456e-06,0.0004349534565679758
18.28,-2.679964020227353e-07,-4.124426280797726e-06,-0.0011499684252821028
18.3,-4.6352498347515243e-07,-9.580750403446087e-06,0.0006043360130172674
18.32,-5.508053738639832e-07,2.6082118394884417e-08,0.00035634723916683013
18.34,-5.242576038610875e-07,3.6652887197629104e-07,-0.0003223025638086895
18.36,-5.38149197198405e-07,4.0622889353668485e-07,0.0003262725659647288
18.38,-5.122664396675422e-07,-1.9276981709124003e-07,-0.00038617243702752143
18.4,-5.469249394428085e-07,-9.515109618322645e-07,0.00031029832255341917
18.42,-5.154872933019635e-07,3.515685619257097e-06,0.00013642133555551693
18.44,-4.072977586227299e-07,7.832845607815671e-06,0.0002952946633003402
18.46,-2.509786834544001e-07,4.829223426614727e-06,-0.0005956568814204349
18.48,-2.1922543341832166e-07,1.0611094663866614e-06,0.0002188454853976283
18.5,-1.6810188433683253e-07,3.357858575473762e-06,1.082942551108168e-05
18.52,-1.3704426656324597e-07,-2.1653687400203573e-06,-0.0005631521570604937
18.54,-1.9091070875524044e-07,1.8822927218464819e-06,0.0009679183032471775
18.56,3.1891423622417945e-09,1.56712091914576e-05,0.00041097334371393364
18.58,2.5919277448222553e-07,2.9483929979430224e-06,-0.0016832549630653923
18.6,8.95428876927342e-08,-1.4511719383655819e-05,-6.275627509449099e-05
18.62,-1.3353834997822505e-07,-3.8111841323873444e-06,0.001132809800221339
18.64,-6.714112824836625e-08,6.2538535220401165e-06,-0.00012630603477859284
18.66,6.622350344557043e-08,8.7600480577962e-06,0.0003769254883542008
18.68,2.341073583715058e-07,3.893227239755899e-06,-0.0008636075701582311
18.7,1.8410152328731281e-07,-6.651254040558432e-06,-0.0001908405578732019
18.72,4.3149976169164925e-08,-5.9318184078733e-06,0.00026278412114171543
18.74,-6.706497961114591e-08,-7.296447762717177e-06,-0.00039924705662610304
18.76,-2.2098515874841913e-07,-4.502660778895601e-06,0.0006786257550082612
18.78,-2.243937783660427e-07,1.7077710650650567e-06,-5.758257061219533e-05
18.8,-1.9286302740397163e-07,1.8898962203025019e-06,7.579508613593977e-05
18.82,-9.420498345376093e-08,1.0260963290567203e-05,0.0007613116208905303
18.84,1.4360501787531625e-07,7.536457409321871e-06,-0.001033762209015064
18.86,1.5579480355392937e-07,-2.9068248767011356e-06,-1.0566019587236828e-05
18.88,5.171500094352262e-08,-9.692660442286375e-06,-0.0006680175369712868
18.9,-2.3475096269832996e-07,-1.690439829199227e-05,-5.315624799930247e-05
18.92,-5.044839769241158e-07,-6.119593069890307e-06,0.0011316367702094996
18.94,-5.415314807470229e-07,-4.6343071357504415e-06,-0.000983108176795513
18.96,-7.315885211736039e-07,-9.408860024531153e-06,0.0005056528879174424
18.98,-8.279734842014691e-07,-6.965532842918932e-07,0.0003655777861064841
19.0,-7.979778649279338e-07,2.2366715985492532e-06,-7.225529782236965e-05
19.02,-7.276013721160466e-07,6.805683702908272e-06,0.0005291565082582714
19.04,-5.311804568086178e-07,1.0560204807715062e-05,-0.00015370439777759272
19.06,-3.7784831122023913e-07,3.4164562006026044e-06,-0.0005606704629336533
19.08,-3.474038199671062e-07,3.340465916101263e-06,0.0005530714344835191
19.1,-1.854464014808244e-07,1.2081966595904557e-05,0.00032107863349681016
19.12,5.2715120786196226e-08,8.349508813275878e-06,-0.0006943244117596785
19.14,1.1538727288231575e-07,-3.5495069453704267e-07,-0.0001761215390216136
19.16,1.0471655269164455e-07,8.705087506895409e-07,0.00029866748354427197
19.18,1.6119389543164891e-07,3.7439090741788522e-06,-1.132745119534085e-05
19.2,2.4539132300484893e-07,5.255070499575712e-06,0.0001624435937350266
19.22,4.0041715955889235e-07,1.1119298546604823e-05,0.00042397921096788433
19.24,6.252878089526635e-07,7.252208206177179e-06,-0.0008106882450106493
19.26,6.431184957573613e-07,-3.7229309415431877e-06,-0.0002868256697613875
19.28,5.372810732717411e-07,-5.561494792142788e-06,0.00010296928470142764
19.3,4.765613277312418e-07,9.853349061964158e-07,0.0005517136851324928
19.32,5.336610600594021e-07,1.0771531855062847e-06,-0.0005425318572015062
19.34,4.776527806127464e-07,-5.130229715995862e-06,-7.82064329487084e-05
19.36,3.1609955736764746e-07,-1.3190459725286028e-05,-0.000727816567980308
19.38,-9.593219916355552e-10,-1.3899746773517314e-05,0.0006568878631571802
19.4,-9.689004227204171e-08,6.841006873401909e-06,0.0014171875015347418
19.42,1.749299696255717e-07,1.2919113022490775e-05,-0.0008093768866258564
19.44,2.9246745136781886e-07,-1.1383491738591668e-07,-0.0004939179073618122
19.46,2.2497612720660947e-07,-4.956849715791451e-06,9.616427521258897e-06
19.48,1.2993897091492437e-07,-4.438038287382455e-06,4.226471531964117e-05
19.5,5.8786761872975305e-08,-2.2194019347238603e-06,0.0001795989199462186
19.52,5.236388969197632e-08,1.6793838428356874e-06,0.00021027965780973622
19.54,8.896898944931958e-08,2.9200699832752572e-08,-0.00037529797211002976
19.56,5.668313221258375e-08,-1.1483002640755818e-06,0.0002575478757191963
19.58,5.657296783092357e-08,-2.9540288628982614e-07,-0.00017225813794062068
19.6,2.3104113887299133e-08,-2.7069409395578066e-06,-6.889566738617732e-05
19.62,-7.478374373573422e-09,1.5154653138465035e-06,0.0004911362927266085
19.64,7.969977029547402e-08,5.1344281453980244e-06,-0.00012924000957145656
19.66,1.2263621629813284e-07,-2.5359892946826614e-06,-0.0006378017344366119
19.68,-2.9652183231793248e-08,-1.1393263995757473e-05,-0.000247925735670869
19.7,-2.3480567153864304e-07,-5.507237897803831e-06,0.0008365283454662333
19.72,-2.2038476455249465e-07,4.812328388867589e-06,0.00019542828320090857
19.74,-1.171764667207236e-07,3.902305065021393e-06,-0.00028643061558552836
19.76,-7.759684128577402e-08,9.966398410549355e-07,-4.135906811117461e-06
19.78,-2.0162891746378627e-08,6.663171816910612e-06,0.000570789104396685
19.8,1.9963014603992833e-07,1.3934720990157966e-05,0.00015636581292805029
19.82,4.1071834778677375e-07,2.2301301524303717e-06,-0.0013268248967008103
19.84,3.2667555840223434e-07,-3.7984297455335568e-06,0.0007239689069044181
19.86,3.6942467377194e-07,6.769537727478776e-06,0.00033282784039681546
19.88,4.935372358631151e-07,1.7495304547505623e-06,-0.0008348285676696371
19.9,4.313718476323969e-07,-4.475583467412482e-06,0.0002123171754533329
19.92,3.9279429784016063e-07,1.0413627114561948e-06,0.0003393774424335351
19.94,4.4471197419144875e-07,2.3111516054454734e-06,-0.0002123985530346074
19.96,4.472452439836473e-07,-2.1183272117150905e-06,-0.00023054932868144906
19.98,4.088243608551554e-07,7.790152409708847e-07,0.0005202835739500466
20.0,4.5085869532255865e-07,-4.557160513317447e-07,-0.0006437567031803097
